ISO-10303-21;
HEADER;
FILE_DESCRIPTION(('Open CASCADE Model'),'2;1');
FILE_NAME('Open CASCADE Shape Model','2026-09-26T02:17:45',('Author'),(
    'Open CASCADE'),'Open CASCADE STEP processor 7.8','Open CASCADE 7.8'
  ,'Unknown');
FILE_SCHEMA(('AUTOMOTIVE_DESIGN { 1 0 10303 214 1 1 1 1 }'));
ENDSEC;
DATA;
#1 = APPLICATION_PROTOCOL_DEFINITION('international standard',
  'automotive_design',2000,#2);
#2 = APPLICATION_CONTEXT(
  'core data for automotive mechanical design processes');
#3 = SHAPE_DEFINITION_REPRESENTATION(#4,#10);
#4 = PRODUCT_DEFINITION_SHAPE('','',#5);
#5 = PRODUCT_DEFINITION('design','',#6,#9);
#6 = PRODUCT_DEFINITION_FORMATION('','',#7);
#7 = PRODUCT('Oxide Keys review assembly - component envelopes',
  'Oxide Keys review assembly - component envelopes','',(#8));
#8 = PRODUCT_CONTEXT('',#2,'mechanical');
#9 = PRODUCT_DEFINITION_CONTEXT('part definition',#2,'design');
#10 = SHAPE_REPRESENTATION('',(#11,#15,#19,#23,#27,#31,#35,#39,#43,#47,
    #51,#55,#59,#63,#67,#71,#75),#79);
#11 = AXIS2_PLACEMENT_3D('',#12,#13,#14);
#12 = CARTESIAN_POINT('',(0.,0.,0.));
#13 = DIRECTION('',(0.,0.,1.));
#14 = DIRECTION('',(1.,0.,-0.));
#15 = AXIS2_PLACEMENT_3D('',#16,#17,#18);
#16 = CARTESIAN_POINT('',(0.,0.,0.));
#17 = DIRECTION('',(0.,0.,1.));
#18 = DIRECTION('',(1.,0.,-0.));
#19 = AXIS2_PLACEMENT_3D('',#20,#21,#22);
#20 = CARTESIAN_POINT('',(0.,0.,0.));
#21 = DIRECTION('',(0.,0.,1.));
#22 = DIRECTION('',(1.,0.,-0.));
#23 = AXIS2_PLACEMENT_3D('',#24,#25,#26);
#24 = CARTESIAN_POINT('',(0.,0.,0.));
#25 = DIRECTION('',(0.,0.,1.));
#26 = DIRECTION('',(1.,0.,-0.));
#27 = AXIS2_PLACEMENT_3D('',#28,#29,#30);
#28 = CARTESIAN_POINT('',(0.,0.,0.));
#29 = DIRECTION('',(0.,0.,1.));
#30 = DIRECTION('',(1.,0.,-0.));
#31 = AXIS2_PLACEMENT_3D('',#32,#33,#34);
#32 = CARTESIAN_POINT('',(0.,0.,0.));
#33 = DIRECTION('',(0.,0.,1.));
#34 = DIRECTION('',(1.,0.,-0.));
#35 = AXIS2_PLACEMENT_3D('',#36,#37,#38);
#36 = CARTESIAN_POINT('',(0.,0.,0.));
#37 = DIRECTION('',(0.,0.,1.));
#38 = DIRECTION('',(1.,0.,-0.));
#39 = AXIS2_PLACEMENT_3D('',#40,#41,#42);
#40 = CARTESIAN_POINT('',(0.,0.,0.));
#41 = DIRECTION('',(0.,0.,1.));
#42 = DIRECTION('',(1.,0.,-0.));
#43 = AXIS2_PLACEMENT_3D('',#44,#45,#46);
#44 = CARTESIAN_POINT('',(0.,0.,0.));
#45 = DIRECTION('',(0.,0.,1.));
#46 = DIRECTION('',(1.,0.,-0.));
#47 = AXIS2_PLACEMENT_3D('',#48,#49,#50);
#48 = CARTESIAN_POINT('',(0.,0.,0.));
#49 = DIRECTION('',(0.,0.,1.));
#50 = DIRECTION('',(1.,0.,-0.));
#51 = AXIS2_PLACEMENT_3D('',#52,#53,#54);
#52 = CARTESIAN_POINT('',(0.,0.,0.));
#53 = DIRECTION('',(0.,0.,1.));
#54 = DIRECTION('',(1.,0.,-0.));
#55 = AXIS2_PLACEMENT_3D('',#56,#57,#58);
#56 = CARTESIAN_POINT('',(0.,0.,0.));
#57 = DIRECTION('',(0.,0.,1.));
#58 = DIRECTION('',(1.,0.,-0.));
#59 = AXIS2_PLACEMENT_3D('',#60,#61,#62);
#60 = CARTESIAN_POINT('',(0.,0.,0.));
#61 = DIRECTION('',(0.,0.,1.));
#62 = DIRECTION('',(1.,0.,-0.));
#63 = AXIS2_PLACEMENT_3D('',#64,#65,#66);
#64 = CARTESIAN_POINT('',(0.,0.,0.));
#65 = DIRECTION('',(0.,0.,1.));
#66 = DIRECTION('',(1.,0.,-0.));
#67 = AXIS2_PLACEMENT_3D('',#68,#69,#70);
#68 = CARTESIAN_POINT('',(0.,0.,0.));
#69 = DIRECTION('',(0.,0.,1.));
#70 = DIRECTION('',(1.,0.,-0.));
#71 = AXIS2_PLACEMENT_3D('',#72,#73,#74);
#72 = CARTESIAN_POINT('',(0.,0.,0.));
#73 = DIRECTION('',(0.,0.,1.));
#74 = DIRECTION('',(1.,0.,-0.));
#75 = AXIS2_PLACEMENT_3D('',#76,#77,#78);
#76 = CARTESIAN_POINT('',(0.,0.,0.));
#77 = DIRECTION('',(0.,0.,1.));
#78 = DIRECTION('',(1.,0.,-0.));
#79 = ( GEOMETRIC_REPRESENTATION_CONTEXT(3) 
GLOBAL_UNCERTAINTY_ASSIGNED_CONTEXT((#83)) GLOBAL_UNIT_ASSIGNED_CONTEXT(
(#80,#81,#82)) REPRESENTATION_CONTEXT('Context #1',
  '3D Context with UNIT and UNCERTAINTY') );
#80 = ( LENGTH_UNIT() NAMED_UNIT(*) SI_UNIT(.MILLI.,.METRE.) );
#81 = ( NAMED_UNIT(*) PLANE_ANGLE_UNIT() SI_UNIT($,.RADIAN.) );
#82 = ( NAMED_UNIT(*) SI_UNIT($,.STERADIAN.) SOLID_ANGLE_UNIT() );
#83 = UNCERTAINTY_MEASURE_WITH_UNIT(LENGTH_MEASURE(1.E-07),#80,
  'distance_accuracy_value','confusion accuracy');
#84 = PRODUCT_RELATED_PRODUCT_CATEGORY('part',$,(#7));
#85 = SHAPE_DEFINITION_REPRESENTATION(#86,#92);
#86 = PRODUCT_DEFINITION_SHAPE('','',#87);
#87 = PRODUCT_DEFINITION('design','',#88,#91);
#88 = PRODUCT_DEFINITION_FORMATION('','',#89);
#89 = PRODUCT('PCB outline and holes','PCB outline and holes','',(#90));
#90 = PRODUCT_CONTEXT('',#2,'mechanical');
#91 = PRODUCT_DEFINITION_CONTEXT('part definition',#2,'design');
#92 = ADVANCED_BREP_SHAPE_REPRESENTATION('',(#11,#93),#9127);
#93 = MANIFOLD_SOLID_BREP('',#94);
#94 = CLOSED_SHELL('',(#95,#215,#291,#362,#3685,#6528,#6535,#6562,#6589,
    #6616,#6643,#6670,#6697,#6724,#6771,#6798,#6825,#6832,#6879,#6906,
    #6933,#6940,#6967,#6994,#7021,#7048,#7075,#7102,#7129,#7156,#7183,
    #7210,#7237,#7264,#7291,#7318,#7345,#7372,#7399,#7426,#7453,#7480,
    #7507,#7534,#7561,#7588,#7615,#7642,#7669,#7696,#7723,#7750,#7777,
    #7804,#7831,#7858,#7885,#7912,#7939,#7966,#7993,#8020,#8047,#8074,
    #8101,#8128,#8155,#8182,#8209,#8236,#8263,#8290,#8317,#8344,#8371,
    #8398,#8425,#8452,#8479,#8506,#8533,#8560,#8587,#8614,#8641,#8668,
    #8695,#8722,#8749,#8776,#8823,#8850,#8877,#8884,#8931,#8958,#8985,
    #8992,#9019,#9046,#9073,#9100));
#95 = ADVANCED_FACE('',(#96),#110,.T.);
#96 = FACE_BOUND('',#97,.T.);
#97 = EDGE_LOOP('',(#98,#133,#161,#189));
#98 = ORIENTED_EDGE('',*,*,#99,.T.);
#99 = EDGE_CURVE('',#100,#102,#104,.T.);
#100 = VERTEX_POINT('',#101);
#101 = CARTESIAN_POINT('',(97.75,0.,0.));
#102 = VERTEX_POINT('',#103);
#103 = CARTESIAN_POINT('',(97.75,0.,1.51));
#104 = SURFACE_CURVE('',#105,(#109,#121),.PCURVE_S1.);
#105 = LINE('',#106,#107);
#106 = CARTESIAN_POINT('',(97.75,0.,0.));
#107 = VECTOR('',#108,1.);
#108 = DIRECTION('',(0.,0.,1.));
#109 = PCURVE('',#110,#115);
#110 = PLANE('',#111);
#111 = AXIS2_PLACEMENT_3D('',#112,#113,#114);
#112 = CARTESIAN_POINT('',(97.75,0.,0.));
#113 = DIRECTION('',(0.,-1.,0.));
#114 = DIRECTION('',(-1.,0.,0.));
#115 = DEFINITIONAL_REPRESENTATION('',(#116),#120);
#116 = LINE('',#117,#118);
#117 = CARTESIAN_POINT('',(0.,-0.));
#118 = VECTOR('',#119,1.);
#119 = DIRECTION('',(0.,-1.));
#120 = ( GEOMETRIC_REPRESENTATION_CONTEXT(2) 
PARAMETRIC_REPRESENTATION_CONTEXT() REPRESENTATION_CONTEXT('2D SPACE',''
  ) );
#121 = PCURVE('',#122,#127);
#122 = PLANE('',#123);
#123 = AXIS2_PLACEMENT_3D('',#124,#125,#126);
#124 = CARTESIAN_POINT('',(97.75,91.5,0.));
#125 = DIRECTION('',(1.,0.,0.));
#126 = DIRECTION('',(0.,-1.,0.));
#127 = DEFINITIONAL_REPRESENTATION('',(#128),#132);
#128 = LINE('',#129,#130);
#129 = CARTESIAN_POINT('',(91.5,0.));
#130 = VECTOR('',#131,1.);
#131 = DIRECTION('',(0.,-1.));
#132 = ( GEOMETRIC_REPRESENTATION_CONTEXT(2) 
PARAMETRIC_REPRESENTATION_CONTEXT() REPRESENTATION_CONTEXT('2D SPACE',''
  ) );
#133 = ORIENTED_EDGE('',*,*,#134,.T.);
#134 = EDGE_CURVE('',#102,#135,#137,.T.);
#135 = VERTEX_POINT('',#136);
#136 = CARTESIAN_POINT('',(0.,0.,1.51));
#137 = SURFACE_CURVE('',#138,(#142,#149),.PCURVE_S1.);
#138 = LINE('',#139,#140);
#139 = CARTESIAN_POINT('',(97.75,0.,1.51));
#140 = VECTOR('',#141,1.);
#141 = DIRECTION('',(-1.,0.,0.));
#142 = PCURVE('',#110,#143);
#143 = DEFINITIONAL_REPRESENTATION('',(#144),#148);
#144 = LINE('',#145,#146);
#145 = CARTESIAN_POINT('',(0.,-1.51));
#146 = VECTOR('',#147,1.);
#147 = DIRECTION('',(1.,0.));
#148 = ( GEOMETRIC_REPRESENTATION_CONTEXT(2) 
PARAMETRIC_REPRESENTATION_CONTEXT() REPRESENTATION_CONTEXT('2D SPACE',''
  ) );
#149 = PCURVE('',#150,#155);
#150 = PLANE('',#151);
#151 = AXIS2_PLACEMENT_3D('',#152,#153,#154);
#152 = CARTESIAN_POINT('',(-82.5,101.75,1.51));
#153 = DIRECTION('',(0.,0.,1.));
#154 = DIRECTION('',(1.,0.,0.));
#155 = DEFINITIONAL_REPRESENTATION('',(#156),#160);
#156 = LINE('',#157,#158);
#157 = CARTESIAN_POINT('',(180.25,-101.75));
#158 = VECTOR('',#159,1.);
#159 = DIRECTION('',(-1.,0.));
#160 = ( GEOMETRIC_REPRESENTATION_CONTEXT(2) 
PARAMETRIC_REPRESENTATION_CONTEXT() REPRESENTATION_CONTEXT('2D SPACE',''
  ) );
#161 = ORIENTED_EDGE('',*,*,#162,.F.);
#162 = EDGE_CURVE('',#163,#135,#165,.T.);
#163 = VERTEX_POINT('',#164);
#164 = CARTESIAN_POINT('',(0.,0.,0.));
#165 = SURFACE_CURVE('',#166,(#170,#177),.PCURVE_S1.);
#166 = LINE('',#167,#168);
#167 = CARTESIAN_POINT('',(0.,0.,0.));
#168 = VECTOR('',#169,1.);
#169 = DIRECTION('',(0.,0.,1.));
#170 = PCURVE('',#110,#171);
#171 = DEFINITIONAL_REPRESENTATION('',(#172),#176);
#172 = LINE('',#173,#174);
#173 = CARTESIAN_POINT('',(97.75,0.));
#174 = VECTOR('',#175,1.);
#175 = DIRECTION('',(0.,-1.));
#176 = ( GEOMETRIC_REPRESENTATION_CONTEXT(2) 
PARAMETRIC_REPRESENTATION_CONTEXT() REPRESENTATION_CONTEXT('2D SPACE',''
  ) );
#177 = PCURVE('',#178,#183);
#178 = PLANE('',#179);
#179 = AXIS2_PLACEMENT_3D('',#180,#181,#182);
#180 = CARTESIAN_POINT('',(0.,0.,0.));
#181 = DIRECTION('',(-1.,0.,0.));
#182 = DIRECTION('',(0.,1.,0.));
#183 = DEFINITIONAL_REPRESENTATION('',(#184),#188);
#184 = LINE('',#185,#186);
#185 = CARTESIAN_POINT('',(0.,0.));
#186 = VECTOR('',#187,1.);
#187 = DIRECTION('',(0.,-1.));
#188 = ( GEOMETRIC_REPRESENTATION_CONTEXT(2) 
PARAMETRIC_REPRESENTATION_CONTEXT() REPRESENTATION_CONTEXT('2D SPACE',''
  ) );
#189 = ORIENTED_EDGE('',*,*,#190,.F.);
#190 = EDGE_CURVE('',#100,#163,#191,.T.);
#191 = SURFACE_CURVE('',#192,(#196,#203),.PCURVE_S1.);
#192 = LINE('',#193,#194);
#193 = CARTESIAN_POINT('',(97.75,0.,0.));
#194 = VECTOR('',#195,1.);
#195 = DIRECTION('',(-1.,0.,0.));
#196 = PCURVE('',#110,#197);
#197 = DEFINITIONAL_REPRESENTATION('',(#198),#202);
#198 = LINE('',#199,#200);
#199 = CARTESIAN_POINT('',(0.,-0.));
#200 = VECTOR('',#201,1.);
#201 = DIRECTION('',(1.,0.));
#202 = ( GEOMETRIC_REPRESENTATION_CONTEXT(2) 
PARAMETRIC_REPRESENTATION_CONTEXT() REPRESENTATION_CONTEXT('2D SPACE',''
  ) );
#203 = PCURVE('',#204,#209);
#204 = PLANE('',#205);
#205 = AXIS2_PLACEMENT_3D('',#206,#207,#208);
#206 = CARTESIAN_POINT('',(-82.5,101.75,0.));
#207 = DIRECTION('',(0.,0.,1.));
#208 = DIRECTION('',(1.,0.,0.));
#209 = DEFINITIONAL_REPRESENTATION('',(#210),#214);
#210 = LINE('',#211,#212);
#211 = CARTESIAN_POINT('',(180.25,-101.75));
#212 = VECTOR('',#213,1.);
#213 = DIRECTION('',(-1.,0.));
#214 = ( GEOMETRIC_REPRESENTATION_CONTEXT(2) 
PARAMETRIC_REPRESENTATION_CONTEXT() REPRESENTATION_CONTEXT('2D SPACE',''
  ) );
#215 = ADVANCED_FACE('',(#216),#122,.T.);
#216 = FACE_BOUND('',#217,.T.);
#217 = EDGE_LOOP('',(#218,#248,#269,#270));
#218 = ORIENTED_EDGE('',*,*,#219,.T.);
#219 = EDGE_CURVE('',#220,#222,#224,.T.);
#220 = VERTEX_POINT('',#221);
#221 = CARTESIAN_POINT('',(97.75,91.5,0.));
#222 = VERTEX_POINT('',#223);
#223 = CARTESIAN_POINT('',(97.75,91.5,1.51));
#224 = SURFACE_CURVE('',#225,(#229,#236),.PCURVE_S1.);
#225 = LINE('',#226,#227);
#226 = CARTESIAN_POINT('',(97.75,91.5,0.));
#227 = VECTOR('',#228,1.);
#228 = DIRECTION('',(0.,0.,1.));
#229 = PCURVE('',#122,#230);
#230 = DEFINITIONAL_REPRESENTATION('',(#231),#235);
#231 = LINE('',#232,#233);
#232 = CARTESIAN_POINT('',(0.,0.));
#233 = VECTOR('',#234,1.);
#234 = DIRECTION('',(0.,-1.));
#235 = ( GEOMETRIC_REPRESENTATION_CONTEXT(2) 
PARAMETRIC_REPRESENTATION_CONTEXT() REPRESENTATION_CONTEXT('2D SPACE',''
  ) );
#236 = PCURVE('',#237,#242);
#237 = PLANE('',#238);
#238 = AXIS2_PLACEMENT_3D('',#239,#240,#241);
#239 = CARTESIAN_POINT('',(0.,91.5,0.));
#240 = DIRECTION('',(0.,1.,0.));
#241 = DIRECTION('',(1.,0.,0.));
#242 = DEFINITIONAL_REPRESENTATION('',(#243),#247);
#243 = LINE('',#244,#245);
#244 = CARTESIAN_POINT('',(97.75,0.));
#245 = VECTOR('',#246,1.);
#246 = DIRECTION('',(0.,-1.));
#247 = ( GEOMETRIC_REPRESENTATION_CONTEXT(2) 
PARAMETRIC_REPRESENTATION_CONTEXT() REPRESENTATION_CONTEXT('2D SPACE',''
  ) );
#248 = ORIENTED_EDGE('',*,*,#249,.T.);
#249 = EDGE_CURVE('',#222,#102,#250,.T.);
#250 = SURFACE_CURVE('',#251,(#255,#262),.PCURVE_S1.);
#251 = LINE('',#252,#253);
#252 = CARTESIAN_POINT('',(97.75,91.5,1.51));
#253 = VECTOR('',#254,1.);
#254 = DIRECTION('',(0.,-1.,0.));
#255 = PCURVE('',#122,#256);
#256 = DEFINITIONAL_REPRESENTATION('',(#257),#261);
#257 = LINE('',#258,#259);
#258 = CARTESIAN_POINT('',(0.,-1.51));
#259 = VECTOR('',#260,1.);
#260 = DIRECTION('',(1.,0.));
#261 = ( GEOMETRIC_REPRESENTATION_CONTEXT(2) 
PARAMETRIC_REPRESENTATION_CONTEXT() REPRESENTATION_CONTEXT('2D SPACE',''
  ) );
#262 = PCURVE('',#150,#263);
#263 = DEFINITIONAL_REPRESENTATION('',(#264),#268);
#264 = LINE('',#265,#266);
#265 = CARTESIAN_POINT('',(180.25,-10.25));
#266 = VECTOR('',#267,1.);
#267 = DIRECTION('',(0.,-1.));
#268 = ( GEOMETRIC_REPRESENTATION_CONTEXT(2) 
PARAMETRIC_REPRESENTATION_CONTEXT() REPRESENTATION_CONTEXT('2D SPACE',''
  ) );
#269 = ORIENTED_EDGE('',*,*,#99,.F.);
#270 = ORIENTED_EDGE('',*,*,#271,.F.);
#271 = EDGE_CURVE('',#220,#100,#272,.T.);
#272 = SURFACE_CURVE('',#273,(#277,#284),.PCURVE_S1.);
#273 = LINE('',#274,#275);
#274 = CARTESIAN_POINT('',(97.75,91.5,0.));
#275 = VECTOR('',#276,1.);
#276 = DIRECTION('',(0.,-1.,0.));
#277 = PCURVE('',#122,#278);
#278 = DEFINITIONAL_REPRESENTATION('',(#279),#283);
#279 = LINE('',#280,#281);
#280 = CARTESIAN_POINT('',(0.,0.));
#281 = VECTOR('',#282,1.);
#282 = DIRECTION('',(1.,0.));
#283 = ( GEOMETRIC_REPRESENTATION_CONTEXT(2) 
PARAMETRIC_REPRESENTATION_CONTEXT() REPRESENTATION_CONTEXT('2D SPACE',''
  ) );
#284 = PCURVE('',#204,#285);
#285 = DEFINITIONAL_REPRESENTATION('',(#286),#290);
#286 = LINE('',#287,#288);
#287 = CARTESIAN_POINT('',(180.25,-10.25));
#288 = VECTOR('',#289,1.);
#289 = DIRECTION('',(0.,-1.));
#290 = ( GEOMETRIC_REPRESENTATION_CONTEXT(2) 
PARAMETRIC_REPRESENTATION_CONTEXT() REPRESENTATION_CONTEXT('2D SPACE',''
  ) );
#291 = ADVANCED_FACE('',(#292),#178,.T.);
#292 = FACE_BOUND('',#293,.T.);
#293 = EDGE_LOOP('',(#294,#295,#318,#341));
#294 = ORIENTED_EDGE('',*,*,#162,.T.);
#295 = ORIENTED_EDGE('',*,*,#296,.T.);
#296 = EDGE_CURVE('',#135,#297,#299,.T.);
#297 = VERTEX_POINT('',#298);
#298 = CARTESIAN_POINT('',(0.,91.5,1.51));
#299 = SURFACE_CURVE('',#300,(#304,#311),.PCURVE_S1.);
#300 = LINE('',#301,#302);
#301 = CARTESIAN_POINT('',(0.,0.,1.51));
#302 = VECTOR('',#303,1.);
#303 = DIRECTION('',(0.,1.,0.));
#304 = PCURVE('',#178,#305);
#305 = DEFINITIONAL_REPRESENTATION('',(#306),#310);
#306 = LINE('',#307,#308);
#307 = CARTESIAN_POINT('',(0.,-1.51));
#308 = VECTOR('',#309,1.);
#309 = DIRECTION('',(1.,0.));
#310 = ( GEOMETRIC_REPRESENTATION_CONTEXT(2) 
PARAMETRIC_REPRESENTATION_CONTEXT() REPRESENTATION_CONTEXT('2D SPACE',''
  ) );
#311 = PCURVE('',#150,#312);
#312 = DEFINITIONAL_REPRESENTATION('',(#313),#317);
#313 = LINE('',#314,#315);
#314 = CARTESIAN_POINT('',(82.5,-101.75));
#315 = VECTOR('',#316,1.);
#316 = DIRECTION('',(0.,1.));
#317 = ( GEOMETRIC_REPRESENTATION_CONTEXT(2) 
PARAMETRIC_REPRESENTATION_CONTEXT() REPRESENTATION_CONTEXT('2D SPACE',''
  ) );
#318 = ORIENTED_EDGE('',*,*,#319,.F.);
#319 = EDGE_CURVE('',#320,#297,#322,.T.);
#320 = VERTEX_POINT('',#321);
#321 = CARTESIAN_POINT('',(0.,91.5,0.));
#322 = SURFACE_CURVE('',#323,(#327,#334),.PCURVE_S1.);
#323 = LINE('',#324,#325);
#324 = CARTESIAN_POINT('',(0.,91.5,0.));
#325 = VECTOR('',#326,1.);
#326 = DIRECTION('',(0.,0.,1.));
#327 = PCURVE('',#178,#328);
#328 = DEFINITIONAL_REPRESENTATION('',(#329),#333);
#329 = LINE('',#330,#331);
#330 = CARTESIAN_POINT('',(91.5,0.));
#331 = VECTOR('',#332,1.);
#332 = DIRECTION('',(0.,-1.));
#333 = ( GEOMETRIC_REPRESENTATION_CONTEXT(2) 
PARAMETRIC_REPRESENTATION_CONTEXT() REPRESENTATION_CONTEXT('2D SPACE',''
  ) );
#334 = PCURVE('',#237,#335);
#335 = DEFINITIONAL_REPRESENTATION('',(#336),#340);
#336 = LINE('',#337,#338);
#337 = CARTESIAN_POINT('',(0.,0.));
#338 = VECTOR('',#339,1.);
#339 = DIRECTION('',(0.,-1.));
#340 = ( GEOMETRIC_REPRESENTATION_CONTEXT(2) 
PARAMETRIC_REPRESENTATION_CONTEXT() REPRESENTATION_CONTEXT('2D SPACE',''
  ) );
#341 = ORIENTED_EDGE('',*,*,#342,.F.);
#342 = EDGE_CURVE('',#163,#320,#343,.T.);
#343 = SURFACE_CURVE('',#344,(#348,#355),.PCURVE_S1.);
#344 = LINE('',#345,#346);
#345 = CARTESIAN_POINT('',(0.,0.,0.));
#346 = VECTOR('',#347,1.);
#347 = DIRECTION('',(0.,1.,0.));
#348 = PCURVE('',#178,#349);
#349 = DEFINITIONAL_REPRESENTATION('',(#350),#354);
#350 = LINE('',#351,#352);
#351 = CARTESIAN_POINT('',(0.,0.));
#352 = VECTOR('',#353,1.);
#353 = DIRECTION('',(1.,0.));
#354 = ( GEOMETRIC_REPRESENTATION_CONTEXT(2) 
PARAMETRIC_REPRESENTATION_CONTEXT() REPRESENTATION_CONTEXT('2D SPACE',''
  ) );
#355 = PCURVE('',#204,#356);
#356 = DEFINITIONAL_REPRESENTATION('',(#357),#361);
#357 = LINE('',#358,#359);
#358 = CARTESIAN_POINT('',(82.5,-101.75));
#359 = VECTOR('',#360,1.);
#360 = DIRECTION('',(0.,1.));
#361 = ( GEOMETRIC_REPRESENTATION_CONTEXT(2) 
PARAMETRIC_REPRESENTATION_CONTEXT() REPRESENTATION_CONTEXT('2D SPACE',''
  ) );
#362 = ADVANCED_FACE('',(#363,#389,#424,#459,#494,#529,#564,#599,#634,
    #758,#882,#917,#952,#987,#1022,#1057,#1092,#1127,#1162,#1197,#1232,
    #1267,#1302,#1337,#1372,#1407,#1442,#1477,#1512,#1547,#1582,#1617,
    #1652,#1687,#1722,#1757,#1792,#1827,#1862,#1897,#1932,#1967,#2002,
    #2037,#2072,#2107,#2142,#2177,#2212,#2247,#2282,#2317,#2352,#2387,
    #2422,#2457,#2492,#2527,#2562,#2597,#2632,#2667,#2702,#2737,#2772,
    #2807,#2842,#2877,#2912,#2947,#2982,#3017,#3052,#3087,#3122,#3157,
    #3192,#3227,#3262,#3386,#3510,#3545,#3580,#3615,#3650),#204,.F.);
#363 = FACE_BOUND('',#364,.F.);
#364 = EDGE_LOOP('',(#365,#366,#367,#388));
#365 = ORIENTED_EDGE('',*,*,#190,.F.);
#366 = ORIENTED_EDGE('',*,*,#271,.F.);
#367 = ORIENTED_EDGE('',*,*,#368,.F.);
#368 = EDGE_CURVE('',#320,#220,#369,.T.);
#369 = SURFACE_CURVE('',#370,(#374,#381),.PCURVE_S1.);
#370 = LINE('',#371,#372);
#371 = CARTESIAN_POINT('',(0.,91.5,0.));
#372 = VECTOR('',#373,1.);
#373 = DIRECTION('',(1.,0.,0.));
#374 = PCURVE('',#204,#375);
#375 = DEFINITIONAL_REPRESENTATION('',(#376),#380);
#376 = LINE('',#377,#378);
#377 = CARTESIAN_POINT('',(82.5,-10.25));
#378 = VECTOR('',#379,1.);
#379 = DIRECTION('',(1.,0.));
#380 = ( GEOMETRIC_REPRESENTATION_CONTEXT(2) 
PARAMETRIC_REPRESENTATION_CONTEXT() REPRESENTATION_CONTEXT('2D SPACE',''
  ) );
#381 = PCURVE('',#237,#382);
#382 = DEFINITIONAL_REPRESENTATION('',(#383),#387);
#383 = LINE('',#384,#385);
#384 = CARTESIAN_POINT('',(0.,0.));
#385 = VECTOR('',#386,1.);
#386 = DIRECTION('',(1.,0.));
#387 = ( GEOMETRIC_REPRESENTATION_CONTEXT(2) 
PARAMETRIC_REPRESENTATION_CONTEXT() REPRESENTATION_CONTEXT('2D SPACE',''
  ) );
#388 = ORIENTED_EDGE('',*,*,#342,.F.);
#389 = FACE_BOUND('',#390,.F.);
#390 = EDGE_LOOP('',(#391));
#391 = ORIENTED_EDGE('',*,*,#392,.T.);
#392 = EDGE_CURVE('',#393,#393,#395,.T.);
#393 = VERTEX_POINT('',#394);
#394 = CARTESIAN_POINT('',(2.5,1.45,0.));
#395 = SURFACE_CURVE('',#396,(#401,#412),.PCURVE_S1.);
#396 = CIRCLE('',#397,1.05);
#397 = AXIS2_PLACEMENT_3D('',#398,#399,#400);
#398 = CARTESIAN_POINT('',(2.5,2.5,0.));
#399 = DIRECTION('',(-0.,-0.,-1.));
#400 = DIRECTION('',(0.,-1.,0.));
#401 = PCURVE('',#204,#402);
#402 = DEFINITIONAL_REPRESENTATION('',(#403),#411);
#403 = ( BOUNDED_CURVE() B_SPLINE_CURVE(2,(#404,#405,#406,#407,#408,#409
,#410),.UNSPECIFIED.,.T.,.F.) B_SPLINE_CURVE_WITH_KNOTS((1,2,2,2,2,1),(
    -2.094395102393,0.,2.094395102393,4.188790204786,6.28318530718,
8.377580409573),.UNSPECIFIED.) CURVE() GEOMETRIC_REPRESENTATION_ITEM() 
RATIONAL_B_SPLINE_CURVE((1.,0.5,1.,0.5,1.,0.5,1.)) REPRESENTATION_ITEM(
  '') );
#404 = CARTESIAN_POINT('',(85.,-100.3));
#405 = CARTESIAN_POINT('',(83.181346652053,-100.3));
#406 = CARTESIAN_POINT('',(84.090673326026,-98.725));
#407 = CARTESIAN_POINT('',(85.,-97.15));
#408 = CARTESIAN_POINT('',(85.909326673974,-98.725));
#409 = CARTESIAN_POINT('',(86.818653347947,-100.3));
#410 = CARTESIAN_POINT('',(85.,-100.3));
#411 = ( GEOMETRIC_REPRESENTATION_CONTEXT(2) 
PARAMETRIC_REPRESENTATION_CONTEXT() REPRESENTATION_CONTEXT('2D SPACE',''
  ) );
#412 = PCURVE('',#413,#418);
#413 = CYLINDRICAL_SURFACE('',#414,1.05);
#414 = AXIS2_PLACEMENT_3D('',#415,#416,#417);
#415 = CARTESIAN_POINT('',(2.5,2.5,-4.6E-02));
#416 = DIRECTION('',(-0.,-0.,-1.));
#417 = DIRECTION('',(0.,-1.,0.));
#418 = DEFINITIONAL_REPRESENTATION('',(#419),#423);
#419 = LINE('',#420,#421);
#420 = CARTESIAN_POINT('',(0.,-4.6E-02));
#421 = VECTOR('',#422,1.);
#422 = DIRECTION('',(1.,0.));
#423 = ( GEOMETRIC_REPRESENTATION_CONTEXT(2) 
PARAMETRIC_REPRESENTATION_CONTEXT() REPRESENTATION_CONTEXT('2D SPACE',''
  ) );
#424 = FACE_BOUND('',#425,.F.);
#425 = EDGE_LOOP('',(#426));
#426 = ORIENTED_EDGE('',*,*,#427,.T.);
#427 = EDGE_CURVE('',#428,#428,#430,.T.);
#428 = VERTEX_POINT('',#429);
#429 = CARTESIAN_POINT('',(43.4,17.6959,0.));
#430 = SURFACE_CURVE('',#431,(#436,#447),.PCURVE_S1.);
#431 = CIRCLE('',#432,0.5);
#432 = AXIS2_PLACEMENT_3D('',#433,#434,#435);
#433 = CARTESIAN_POINT('',(43.4,18.1959,0.));
#434 = DIRECTION('',(-0.,-0.,-1.));
#435 = DIRECTION('',(0.,-1.,0.));
#436 = PCURVE('',#204,#437);
#437 = DEFINITIONAL_REPRESENTATION('',(#438),#446);
#438 = ( BOUNDED_CURVE() B_SPLINE_CURVE(2,(#439,#440,#441,#442,#443,#444
,#445),.UNSPECIFIED.,.T.,.F.) B_SPLINE_CURVE_WITH_KNOTS((1,2,2,2,2,1),(
    -2.094395102393,0.,2.094395102393,4.188790204786,6.28318530718,
8.377580409573),.UNSPECIFIED.) CURVE() GEOMETRIC_REPRESENTATION_ITEM() 
RATIONAL_B_SPLINE_CURVE((1.,0.5,1.,0.5,1.,0.5,1.)) REPRESENTATION_ITEM(
  '') );
#439 = CARTESIAN_POINT('',(125.9,-84.0541));
#440 = CARTESIAN_POINT('',(125.03397459621,-84.0541));
#441 = CARTESIAN_POINT('',(125.4669872981,-83.3041));
#442 = CARTESIAN_POINT('',(125.9,-82.5541));
#443 = CARTESIAN_POINT('',(126.33301270189,-83.3041));
#444 = CARTESIAN_POINT('',(126.76602540378,-84.0541));
#445 = CARTESIAN_POINT('',(125.9,-84.0541));
#446 = ( GEOMETRIC_REPRESENTATION_CONTEXT(2) 
PARAMETRIC_REPRESENTATION_CONTEXT() REPRESENTATION_CONTEXT('2D SPACE',''
  ) );
#447 = PCURVE('',#448,#453);
#448 = CYLINDRICAL_SURFACE('',#449,0.5);
#449 = AXIS2_PLACEMENT_3D('',#450,#451,#452);
#450 = CARTESIAN_POINT('',(43.4,18.1959,-4.6E-02));
#451 = DIRECTION('',(-0.,-0.,-1.));
#452 = DIRECTION('',(0.,-1.,0.));
#453 = DEFINITIONAL_REPRESENTATION('',(#454),#458);
#454 = LINE('',#455,#456);
#455 = CARTESIAN_POINT('',(0.,-4.6E-02));
#456 = VECTOR('',#457,1.);
#457 = DIRECTION('',(1.,0.));
#458 = ( GEOMETRIC_REPRESENTATION_CONTEXT(2) 
PARAMETRIC_REPRESENTATION_CONTEXT() REPRESENTATION_CONTEXT('2D SPACE',''
  ) );
#459 = FACE_BOUND('',#460,.F.);
#460 = EDGE_LOOP('',(#461));
#461 = ORIENTED_EDGE('',*,*,#462,.T.);
#462 = EDGE_CURVE('',#463,#463,#465,.T.);
#463 = VERTEX_POINT('',#464);
#464 = CARTESIAN_POINT('',(43.4,20.2359,0.));
#465 = SURFACE_CURVE('',#466,(#471,#482),.PCURVE_S1.);
#466 = CIRCLE('',#467,0.5);
#467 = AXIS2_PLACEMENT_3D('',#468,#469,#470);
#468 = CARTESIAN_POINT('',(43.4,20.7359,0.));
#469 = DIRECTION('',(-0.,-0.,-1.));
#470 = DIRECTION('',(0.,-1.,0.));
#471 = PCURVE('',#204,#472);
#472 = DEFINITIONAL_REPRESENTATION('',(#473),#481);
#473 = ( BOUNDED_CURVE() B_SPLINE_CURVE(2,(#474,#475,#476,#477,#478,#479
,#480),.UNSPECIFIED.,.T.,.F.) B_SPLINE_CURVE_WITH_KNOTS((1,2,2,2,2,1),(
    -2.094395102393,0.,2.094395102393,4.188790204786,6.28318530718,
8.377580409573),.UNSPECIFIED.) CURVE() GEOMETRIC_REPRESENTATION_ITEM() 
RATIONAL_B_SPLINE_CURVE((1.,0.5,1.,0.5,1.,0.5,1.)) REPRESENTATION_ITEM(
  '') );
#474 = CARTESIAN_POINT('',(125.9,-81.5141));
#475 = CARTESIAN_POINT('',(125.03397459621,-81.5141));
#476 = CARTESIAN_POINT('',(125.4669872981,-80.7641));
#477 = CARTESIAN_POINT('',(125.9,-80.0141));
#478 = CARTESIAN_POINT('',(126.33301270189,-80.7641));
#479 = CARTESIAN_POINT('',(126.76602540378,-81.5141));
#480 = CARTESIAN_POINT('',(125.9,-81.5141));
#481 = ( GEOMETRIC_REPRESENTATION_CONTEXT(2) 
PARAMETRIC_REPRESENTATION_CONTEXT() REPRESENTATION_CONTEXT('2D SPACE',''
  ) );
#482 = PCURVE('',#483,#488);
#483 = CYLINDRICAL_SURFACE('',#484,0.5);
#484 = AXIS2_PLACEMENT_3D('',#485,#486,#487);
#485 = CARTESIAN_POINT('',(43.4,20.7359,-4.6E-02));
#486 = DIRECTION('',(-0.,-0.,-1.));
#487 = DIRECTION('',(0.,-1.,0.));
#488 = DEFINITIONAL_REPRESENTATION('',(#489),#493);
#489 = LINE('',#490,#491);
#490 = CARTESIAN_POINT('',(0.,-4.6E-02));
#491 = VECTOR('',#492,1.);
#492 = DIRECTION('',(1.,0.));
#493 = ( GEOMETRIC_REPRESENTATION_CONTEXT(2) 
PARAMETRIC_REPRESENTATION_CONTEXT() REPRESENTATION_CONTEXT('2D SPACE',''
  ) );
#494 = FACE_BOUND('',#495,.F.);
#495 = EDGE_LOOP('',(#496));
#496 = ORIENTED_EDGE('',*,*,#497,.T.);
#497 = EDGE_CURVE('',#498,#498,#500,.T.);
#498 = VERTEX_POINT('',#499);
#499 = CARTESIAN_POINT('',(43.4,22.7759,0.));
#500 = SURFACE_CURVE('',#501,(#506,#517),.PCURVE_S1.);
#501 = CIRCLE('',#502,0.5);
#502 = AXIS2_PLACEMENT_3D('',#503,#504,#505);
#503 = CARTESIAN_POINT('',(43.4,23.2759,0.));
#504 = DIRECTION('',(-0.,-0.,-1.));
#505 = DIRECTION('',(0.,-1.,0.));
#506 = PCURVE('',#204,#507);
#507 = DEFINITIONAL_REPRESENTATION('',(#508),#516);
#508 = ( BOUNDED_CURVE() B_SPLINE_CURVE(2,(#509,#510,#511,#512,#513,#514
,#515),.UNSPECIFIED.,.T.,.F.) B_SPLINE_CURVE_WITH_KNOTS((1,2,2,2,2,1),(
    -2.094395102393,0.,2.094395102393,4.188790204786,6.28318530718,
8.377580409573),.UNSPECIFIED.) CURVE() GEOMETRIC_REPRESENTATION_ITEM() 
RATIONAL_B_SPLINE_CURVE((1.,0.5,1.,0.5,1.,0.5,1.)) REPRESENTATION_ITEM(
  '') );
#509 = CARTESIAN_POINT('',(125.9,-78.9741));
#510 = CARTESIAN_POINT('',(125.03397459621,-78.9741));
#511 = CARTESIAN_POINT('',(125.4669872981,-78.2241));
#512 = CARTESIAN_POINT('',(125.9,-77.4741));
#513 = CARTESIAN_POINT('',(126.33301270189,-78.2241));
#514 = CARTESIAN_POINT('',(126.76602540378,-78.9741));
#515 = CARTESIAN_POINT('',(125.9,-78.9741));
#516 = ( GEOMETRIC_REPRESENTATION_CONTEXT(2) 
PARAMETRIC_REPRESENTATION_CONTEXT() REPRESENTATION_CONTEXT('2D SPACE',''
  ) );
#517 = PCURVE('',#518,#523);
#518 = CYLINDRICAL_SURFACE('',#519,0.5);
#519 = AXIS2_PLACEMENT_3D('',#520,#521,#522);
#520 = CARTESIAN_POINT('',(43.4,23.2759,-4.6E-02));
#521 = DIRECTION('',(-0.,-0.,-1.));
#522 = DIRECTION('',(0.,-1.,0.));
#523 = DEFINITIONAL_REPRESENTATION('',(#524),#528);
#524 = LINE('',#525,#526);
#525 = CARTESIAN_POINT('',(0.,-4.6E-02));
#526 = VECTOR('',#527,1.);
#527 = DIRECTION('',(1.,0.));
#528 = ( GEOMETRIC_REPRESENTATION_CONTEXT(2) 
PARAMETRIC_REPRESENTATION_CONTEXT() REPRESENTATION_CONTEXT('2D SPACE',''
  ) );
#529 = FACE_BOUND('',#530,.F.);
#530 = EDGE_LOOP('',(#531));
#531 = ORIENTED_EDGE('',*,*,#532,.T.);
#532 = EDGE_CURVE('',#533,#533,#535,.T.);
#533 = VERTEX_POINT('',#534);
#534 = CARTESIAN_POINT('',(70.07,20.51,0.));
#535 = SURFACE_CURVE('',#536,(#541,#552),.PCURVE_S1.);
#536 = CIRCLE('',#537,0.925);
#537 = AXIS2_PLACEMENT_3D('',#538,#539,#540);
#538 = CARTESIAN_POINT('',(70.07,21.435,0.));
#539 = DIRECTION('',(-0.,-0.,-1.));
#540 = DIRECTION('',(0.,-1.,0.));
#541 = PCURVE('',#204,#542);
#542 = DEFINITIONAL_REPRESENTATION('',(#543),#551);
#543 = ( BOUNDED_CURVE() B_SPLINE_CURVE(2,(#544,#545,#546,#547,#548,#549
,#550),.UNSPECIFIED.,.T.,.F.) B_SPLINE_CURVE_WITH_KNOTS((1,2,2,2,2,1),(
    -2.094395102393,0.,2.094395102393,4.188790204786,6.28318530718,
8.377580409573),.UNSPECIFIED.) CURVE() GEOMETRIC_REPRESENTATION_ITEM() 
RATIONAL_B_SPLINE_CURVE((1.,0.5,1.,0.5,1.,0.5,1.)) REPRESENTATION_ITEM(
  '') );
#544 = CARTESIAN_POINT('',(152.57,-81.24));
#545 = CARTESIAN_POINT('',(150.96785300299,-81.24));
#546 = CARTESIAN_POINT('',(151.76892650149,-79.8525));
#547 = CARTESIAN_POINT('',(152.57,-78.465));
#548 = CARTESIAN_POINT('',(153.3710734985,-79.8525));
#549 = CARTESIAN_POINT('',(154.172146997,-81.24));
#550 = CARTESIAN_POINT('',(152.57,-81.24));
#551 = ( GEOMETRIC_REPRESENTATION_CONTEXT(2) 
PARAMETRIC_REPRESENTATION_CONTEXT() REPRESENTATION_CONTEXT('2D SPACE',''
  ) );
#552 = PCURVE('',#553,#558);
#553 = CYLINDRICAL_SURFACE('',#554,0.925);
#554 = AXIS2_PLACEMENT_3D('',#555,#556,#557);
#555 = CARTESIAN_POINT('',(70.07,21.435,-4.6E-02));
#556 = DIRECTION('',(-0.,-0.,-1.));
#557 = DIRECTION('',(0.,-1.,0.));
#558 = DEFINITIONAL_REPRESENTATION('',(#559),#563);
#559 = LINE('',#560,#561);
#560 = CARTESIAN_POINT('',(0.,-4.6E-02));
#561 = VECTOR('',#562,1.);
#562 = DIRECTION('',(1.,0.));
#563 = ( GEOMETRIC_REPRESENTATION_CONTEXT(2) 
PARAMETRIC_REPRESENTATION_CONTEXT() REPRESENTATION_CONTEXT('2D SPACE',''
  ) );
#564 = FACE_BOUND('',#565,.F.);
#565 = EDGE_LOOP('',(#566));
#566 = ORIENTED_EDGE('',*,*,#567,.T.);
#567 = EDGE_CURVE('',#568,#568,#570,.T.);
#568 = VERTEX_POINT('',#569);
#569 = CARTESIAN_POINT('',(74.,4.125,0.));
#570 = SURFACE_CURVE('',#571,(#576,#587),.PCURVE_S1.);
#571 = CIRCLE('',#572,0.425);
#572 = AXIS2_PLACEMENT_3D('',#573,#574,#575);
#573 = CARTESIAN_POINT('',(74.,4.55,0.));
#574 = DIRECTION('',(-0.,-0.,-1.));
#575 = DIRECTION('',(0.,-1.,0.));
#576 = PCURVE('',#204,#577);
#577 = DEFINITIONAL_REPRESENTATION('',(#578),#586);
#578 = ( BOUNDED_CURVE() B_SPLINE_CURVE(2,(#579,#580,#581,#582,#583,#584
,#585),.UNSPECIFIED.,.T.,.F.) B_SPLINE_CURVE_WITH_KNOTS((1,2,2,2,2,1),(
    -2.094395102393,0.,2.094395102393,4.188790204786,6.28318530718,
8.377580409573),.UNSPECIFIED.) CURVE() GEOMETRIC_REPRESENTATION_ITEM() 
RATIONAL_B_SPLINE_CURVE((1.,0.5,1.,0.5,1.,0.5,1.)) REPRESENTATION_ITEM(
  '') );
#579 = CARTESIAN_POINT('',(156.5,-97.625));
#580 = CARTESIAN_POINT('',(155.76387840678,-97.625));
#581 = CARTESIAN_POINT('',(156.13193920339,-96.9875));
#582 = CARTESIAN_POINT('',(156.5,-96.35));
#583 = CARTESIAN_POINT('',(156.8680607966,-96.9875));
#584 = CARTESIAN_POINT('',(157.23612159321,-97.625));
#585 = CARTESIAN_POINT('',(156.5,-97.625));
#586 = ( GEOMETRIC_REPRESENTATION_CONTEXT(2) 
PARAMETRIC_REPRESENTATION_CONTEXT() REPRESENTATION_CONTEXT('2D SPACE',''
  ) );
#587 = PCURVE('',#588,#593);
#588 = CYLINDRICAL_SURFACE('',#589,0.425);
#589 = AXIS2_PLACEMENT_3D('',#590,#591,#592);
#590 = CARTESIAN_POINT('',(74.,4.55,-4.6E-02));
#591 = DIRECTION('',(-0.,-0.,-1.));
#592 = DIRECTION('',(0.,-1.,0.));
#593 = DEFINITIONAL_REPRESENTATION('',(#594),#598);
#594 = LINE('',#595,#596);
#595 = CARTESIAN_POINT('',(0.,-4.6E-02));
#596 = VECTOR('',#597,1.);
#597 = DIRECTION('',(1.,0.));
#598 = ( GEOMETRIC_REPRESENTATION_CONTEXT(2) 
PARAMETRIC_REPRESENTATION_CONTEXT() REPRESENTATION_CONTEXT('2D SPACE',''
  ) );
#599 = FACE_BOUND('',#600,.F.);
#600 = EDGE_LOOP('',(#601));
#601 = ORIENTED_EDGE('',*,*,#602,.T.);
#602 = EDGE_CURVE('',#603,#603,#605,.T.);
#603 = VERTEX_POINT('',#604);
#604 = CARTESIAN_POINT('',(79.,4.125,0.));
#605 = SURFACE_CURVE('',#606,(#611,#622),.PCURVE_S1.);
#606 = CIRCLE('',#607,0.425);
#607 = AXIS2_PLACEMENT_3D('',#608,#609,#610);
#608 = CARTESIAN_POINT('',(79.,4.55,0.));
#609 = DIRECTION('',(-0.,-0.,-1.));
#610 = DIRECTION('',(0.,-1.,0.));
#611 = PCURVE('',#204,#612);
#612 = DEFINITIONAL_REPRESENTATION('',(#613),#621);
#613 = ( BOUNDED_CURVE() B_SPLINE_CURVE(2,(#614,#615,#616,#617,#618,#619
,#620),.UNSPECIFIED.,.T.,.F.) B_SPLINE_CURVE_WITH_KNOTS((1,2,2,2,2,1),(
    -2.094395102393,0.,2.094395102393,4.188790204786,6.28318530718,
8.377580409573),.UNSPECIFIED.) CURVE() GEOMETRIC_REPRESENTATION_ITEM() 
RATIONAL_B_SPLINE_CURVE((1.,0.5,1.,0.5,1.,0.5,1.)) REPRESENTATION_ITEM(
  '') );
#614 = CARTESIAN_POINT('',(161.5,-97.625));
#615 = CARTESIAN_POINT('',(160.76387840678,-97.625));
#616 = CARTESIAN_POINT('',(161.13193920339,-96.9875));
#617 = CARTESIAN_POINT('',(161.5,-96.35));
#618 = CARTESIAN_POINT('',(161.8680607966,-96.9875));
#619 = CARTESIAN_POINT('',(162.23612159321,-97.625));
#620 = CARTESIAN_POINT('',(161.5,-97.625));
#621 = ( GEOMETRIC_REPRESENTATION_CONTEXT(2) 
PARAMETRIC_REPRESENTATION_CONTEXT() REPRESENTATION_CONTEXT('2D SPACE',''
  ) );
#622 = PCURVE('',#623,#628);
#623 = CYLINDRICAL_SURFACE('',#624,0.425);
#624 = AXIS2_PLACEMENT_3D('',#625,#626,#627);
#625 = CARTESIAN_POINT('',(79.,4.55,-4.6E-02));
#626 = DIRECTION('',(-0.,-0.,-1.));
#627 = DIRECTION('',(0.,-1.,0.));
#628 = DEFINITIONAL_REPRESENTATION('',(#629),#633);
#629 = LINE('',#630,#631);
#630 = CARTESIAN_POINT('',(0.,-4.6E-02));
#631 = VECTOR('',#632,1.);
#632 = DIRECTION('',(1.,0.));
#633 = ( GEOMETRIC_REPRESENTATION_CONTEXT(2) 
PARAMETRIC_REPRESENTATION_CONTEXT() REPRESENTATION_CONTEXT('2D SPACE',''
  ) );
#634 = FACE_BOUND('',#635,.F.);
#635 = EDGE_LOOP('',(#636,#671,#699,#732));
#636 = ORIENTED_EDGE('',*,*,#637,.T.);
#637 = EDGE_CURVE('',#638,#640,#642,.T.);
#638 = VERTEX_POINT('',#639);
#639 = CARTESIAN_POINT('',(72.7,7.6,0.));
#640 = VERTEX_POINT('',#641);
#641 = CARTESIAN_POINT('',(73.3,7.6,0.));
#642 = SURFACE_CURVE('',#643,(#648,#659),.PCURVE_S1.);
#643 = CIRCLE('',#644,0.3);
#644 = AXIS2_PLACEMENT_3D('',#645,#646,#647);
#645 = CARTESIAN_POINT('',(73.,7.6,0.));
#646 = DIRECTION('',(0.,0.,-1.));
#647 = DIRECTION('',(1.,0.,0.));
#648 = PCURVE('',#204,#649);
#649 = DEFINITIONAL_REPRESENTATION('',(#650),#658);
#650 = ( BOUNDED_CURVE() B_SPLINE_CURVE(2,(#651,#652,#653,#654,#655,#656
,#657),.UNSPECIFIED.,.T.,.F.) B_SPLINE_CURVE_WITH_KNOTS((1,2,2,2,2,1),(
    -2.094395102393,0.,2.094395102393,4.188790204786,6.28318530718,
8.377580409573),.UNSPECIFIED.) CURVE() GEOMETRIC_REPRESENTATION_ITEM() 
RATIONAL_B_SPLINE_CURVE((1.,0.5,1.,0.5,1.,0.5,1.)) REPRESENTATION_ITEM(
  '') );
#651 = CARTESIAN_POINT('',(155.8,-94.15));
#652 = CARTESIAN_POINT('',(155.8,-94.66961524227));
#653 = CARTESIAN_POINT('',(155.35,-94.40980762113));
#654 = CARTESIAN_POINT('',(154.9,-94.15));
#655 = CARTESIAN_POINT('',(155.35,-93.89019237886));
#656 = CARTESIAN_POINT('',(155.8,-93.63038475772));
#657 = CARTESIAN_POINT('',(155.8,-94.15));
#658 = ( GEOMETRIC_REPRESENTATION_CONTEXT(2) 
PARAMETRIC_REPRESENTATION_CONTEXT() REPRESENTATION_CONTEXT('2D SPACE',''
  ) );
#659 = PCURVE('',#660,#665);
#660 = CYLINDRICAL_SURFACE('',#661,0.3);
#661 = AXIS2_PLACEMENT_3D('',#662,#663,#664);
#662 = CARTESIAN_POINT('',(73.,7.6,-4.6E-02));
#663 = DIRECTION('',(-0.,-0.,-1.));
#664 = DIRECTION('',(1.,0.,0.));
#665 = DEFINITIONAL_REPRESENTATION('',(#666),#670);
#666 = LINE('',#667,#668);
#667 = CARTESIAN_POINT('',(0.,-4.6E-02));
#668 = VECTOR('',#669,1.);
#669 = DIRECTION('',(1.,0.));
#670 = ( GEOMETRIC_REPRESENTATION_CONTEXT(2) 
PARAMETRIC_REPRESENTATION_CONTEXT() REPRESENTATION_CONTEXT('2D SPACE',''
  ) );
#671 = ORIENTED_EDGE('',*,*,#672,.T.);
#672 = EDGE_CURVE('',#640,#673,#675,.T.);
#673 = VERTEX_POINT('',#674);
#674 = CARTESIAN_POINT('',(73.3,6.9,0.));
#675 = SURFACE_CURVE('',#676,(#680,#687),.PCURVE_S1.);
#676 = LINE('',#677,#678);
#677 = CARTESIAN_POINT('',(73.3,54.325,0.));
#678 = VECTOR('',#679,1.);
#679 = DIRECTION('',(0.,-1.,0.));
#680 = PCURVE('',#204,#681);
#681 = DEFINITIONAL_REPRESENTATION('',(#682),#686);
#682 = LINE('',#683,#684);
#683 = CARTESIAN_POINT('',(155.8,-47.425));
#684 = VECTOR('',#685,1.);
#685 = DIRECTION('',(0.,-1.));
#686 = ( GEOMETRIC_REPRESENTATION_CONTEXT(2) 
PARAMETRIC_REPRESENTATION_CONTEXT() REPRESENTATION_CONTEXT('2D SPACE',''
  ) );
#687 = PCURVE('',#688,#693);
#688 = PLANE('',#689);
#689 = AXIS2_PLACEMENT_3D('',#690,#691,#692);
#690 = CARTESIAN_POINT('',(73.3,6.9,-4.6E-02));
#691 = DIRECTION('',(-1.,0.,0.));
#692 = DIRECTION('',(0.,1.,0.));
#693 = DEFINITIONAL_REPRESENTATION('',(#694),#698);
#694 = LINE('',#695,#696);
#695 = CARTESIAN_POINT('',(47.425,-4.6E-02));
#696 = VECTOR('',#697,1.);
#697 = DIRECTION('',(-1.,0.));
#698 = ( GEOMETRIC_REPRESENTATION_CONTEXT(2) 
PARAMETRIC_REPRESENTATION_CONTEXT() REPRESENTATION_CONTEXT('2D SPACE',''
  ) );
#699 = ORIENTED_EDGE('',*,*,#700,.T.);
#700 = EDGE_CURVE('',#673,#701,#703,.T.);
#701 = VERTEX_POINT('',#702);
#702 = CARTESIAN_POINT('',(72.7,6.9,0.));
#703 = SURFACE_CURVE('',#704,(#709,#720),.PCURVE_S1.);
#704 = CIRCLE('',#705,0.3);
#705 = AXIS2_PLACEMENT_3D('',#706,#707,#708);
#706 = CARTESIAN_POINT('',(73.,6.9,0.));
#707 = DIRECTION('',(0.,0.,-1.));
#708 = DIRECTION('',(-1.,0.,0.));
#709 = PCURVE('',#204,#710);
#710 = DEFINITIONAL_REPRESENTATION('',(#711),#719);
#711 = ( BOUNDED_CURVE() B_SPLINE_CURVE(2,(#712,#713,#714,#715,#716,#717
,#718),.UNSPECIFIED.,.T.,.F.) B_SPLINE_CURVE_WITH_KNOTS((1,2,2,2,2,1),(
    -2.094395102393,0.,2.094395102393,4.188790204786,6.28318530718,
8.377580409573),.UNSPECIFIED.) CURVE() GEOMETRIC_REPRESENTATION_ITEM() 
RATIONAL_B_SPLINE_CURVE((1.,0.5,1.,0.5,1.,0.5,1.)) REPRESENTATION_ITEM(
  '') );
#712 = CARTESIAN_POINT('',(155.2,-94.85));
#713 = CARTESIAN_POINT('',(155.2,-94.33038475772));
#714 = CARTESIAN_POINT('',(155.65,-94.59019237886));
#715 = CARTESIAN_POINT('',(156.1,-94.85));
#716 = CARTESIAN_POINT('',(155.65,-95.10980762113));
#717 = CARTESIAN_POINT('',(155.2,-95.36961524227));
#718 = CARTESIAN_POINT('',(155.2,-94.85));
#719 = ( GEOMETRIC_REPRESENTATION_CONTEXT(2) 
PARAMETRIC_REPRESENTATION_CONTEXT() REPRESENTATION_CONTEXT('2D SPACE',''
  ) );
#720 = PCURVE('',#721,#726);
#721 = CYLINDRICAL_SURFACE('',#722,0.3);
#722 = AXIS2_PLACEMENT_3D('',#723,#724,#725);
#723 = CARTESIAN_POINT('',(73.,6.9,-4.6E-02));
#724 = DIRECTION('',(-0.,-0.,-1.));
#725 = DIRECTION('',(-1.,0.,0.));
#726 = DEFINITIONAL_REPRESENTATION('',(#727),#731);
#727 = LINE('',#728,#729);
#728 = CARTESIAN_POINT('',(0.,-4.6E-02));
#729 = VECTOR('',#730,1.);
#730 = DIRECTION('',(1.,0.));
#731 = ( GEOMETRIC_REPRESENTATION_CONTEXT(2) 
PARAMETRIC_REPRESENTATION_CONTEXT() REPRESENTATION_CONTEXT('2D SPACE',''
  ) );
#732 = ORIENTED_EDGE('',*,*,#733,.T.);
#733 = EDGE_CURVE('',#701,#638,#734,.T.);
#734 = SURFACE_CURVE('',#735,(#739,#746),.PCURVE_S1.);
#735 = LINE('',#736,#737);
#736 = CARTESIAN_POINT('',(72.7,54.675,0.));
#737 = VECTOR('',#738,1.);
#738 = DIRECTION('',(0.,1.,0.));
#739 = PCURVE('',#204,#740);
#740 = DEFINITIONAL_REPRESENTATION('',(#741),#745);
#741 = LINE('',#742,#743);
#742 = CARTESIAN_POINT('',(155.2,-47.075));
#743 = VECTOR('',#744,1.);
#744 = DIRECTION('',(0.,1.));
#745 = ( GEOMETRIC_REPRESENTATION_CONTEXT(2) 
PARAMETRIC_REPRESENTATION_CONTEXT() REPRESENTATION_CONTEXT('2D SPACE',''
  ) );
#746 = PCURVE('',#747,#752);
#747 = PLANE('',#748);
#748 = AXIS2_PLACEMENT_3D('',#749,#750,#751);
#749 = CARTESIAN_POINT('',(72.7,7.6,-4.6E-02));
#750 = DIRECTION('',(1.,0.,0.));
#751 = DIRECTION('',(0.,-1.,0.));
#752 = DEFINITIONAL_REPRESENTATION('',(#753),#757);
#753 = LINE('',#754,#755);
#754 = CARTESIAN_POINT('',(-47.075,-4.6E-02));
#755 = VECTOR('',#756,1.);
#756 = DIRECTION('',(-1.,0.));
#757 = ( GEOMETRIC_REPRESENTATION_CONTEXT(2) 
PARAMETRIC_REPRESENTATION_CONTEXT() REPRESENTATION_CONTEXT('2D SPACE',''
  ) );
#758 = FACE_BOUND('',#759,.F.);
#759 = EDGE_LOOP('',(#760,#795,#823,#856));
#760 = ORIENTED_EDGE('',*,*,#761,.T.);
#761 = EDGE_CURVE('',#762,#764,#766,.T.);
#762 = VERTEX_POINT('',#763);
#763 = CARTESIAN_POINT('',(80.3,6.9,0.));
#764 = VERTEX_POINT('',#765);
#765 = CARTESIAN_POINT('',(79.7,6.9,0.));
#766 = SURFACE_CURVE('',#767,(#772,#783),.PCURVE_S1.);
#767 = CIRCLE('',#768,0.3);
#768 = AXIS2_PLACEMENT_3D('',#769,#770,#771);
#769 = CARTESIAN_POINT('',(80.,6.9,0.));
#770 = DIRECTION('',(0.,0.,-1.));
#771 = DIRECTION('',(-1.,0.,0.));
#772 = PCURVE('',#204,#773);
#773 = DEFINITIONAL_REPRESENTATION('',(#774),#782);
#774 = ( BOUNDED_CURVE() B_SPLINE_CURVE(2,(#775,#776,#777,#778,#779,#780
,#781),.UNSPECIFIED.,.T.,.F.) B_SPLINE_CURVE_WITH_KNOTS((1,2,2,2,2,1),(
    -2.094395102393,0.,2.094395102393,4.188790204786,6.28318530718,
8.377580409573),.UNSPECIFIED.) CURVE() GEOMETRIC_REPRESENTATION_ITEM() 
RATIONAL_B_SPLINE_CURVE((1.,0.5,1.,0.5,1.,0.5,1.)) REPRESENTATION_ITEM(
  '') );
#775 = CARTESIAN_POINT('',(162.2,-94.85));
#776 = CARTESIAN_POINT('',(162.2,-94.33038475772));
#777 = CARTESIAN_POINT('',(162.65,-94.59019237886));
#778 = CARTESIAN_POINT('',(163.1,-94.85));
#779 = CARTESIAN_POINT('',(162.65,-95.10980762113));
#780 = CARTESIAN_POINT('',(162.2,-95.36961524227));
#781 = CARTESIAN_POINT('',(162.2,-94.85));
#782 = ( GEOMETRIC_REPRESENTATION_CONTEXT(2) 
PARAMETRIC_REPRESENTATION_CONTEXT() REPRESENTATION_CONTEXT('2D SPACE',''
  ) );
#783 = PCURVE('',#784,#789);
#784 = CYLINDRICAL_SURFACE('',#785,0.3);
#785 = AXIS2_PLACEMENT_3D('',#786,#787,#788);
#786 = CARTESIAN_POINT('',(80.,6.9,-4.6E-02));
#787 = DIRECTION('',(-0.,-0.,-1.));
#788 = DIRECTION('',(-1.,0.,0.));
#789 = DEFINITIONAL_REPRESENTATION('',(#790),#794);
#790 = LINE('',#791,#792);
#791 = CARTESIAN_POINT('',(0.,-4.6E-02));
#792 = VECTOR('',#793,1.);
#793 = DIRECTION('',(1.,0.));
#794 = ( GEOMETRIC_REPRESENTATION_CONTEXT(2) 
PARAMETRIC_REPRESENTATION_CONTEXT() REPRESENTATION_CONTEXT('2D SPACE',''
  ) );
#795 = ORIENTED_EDGE('',*,*,#796,.T.);
#796 = EDGE_CURVE('',#764,#797,#799,.T.);
#797 = VERTEX_POINT('',#798);
#798 = CARTESIAN_POINT('',(79.7,7.6,0.));
#799 = SURFACE_CURVE('',#800,(#804,#811),.PCURVE_S1.);
#800 = LINE('',#801,#802);
#801 = CARTESIAN_POINT('',(79.7,54.675,0.));
#802 = VECTOR('',#803,1.);
#803 = DIRECTION('',(0.,1.,0.));
#804 = PCURVE('',#204,#805);
#805 = DEFINITIONAL_REPRESENTATION('',(#806),#810);
#806 = LINE('',#807,#808);
#807 = CARTESIAN_POINT('',(162.2,-47.075));
#808 = VECTOR('',#809,1.);
#809 = DIRECTION('',(0.,1.));
#810 = ( GEOMETRIC_REPRESENTATION_CONTEXT(2) 
PARAMETRIC_REPRESENTATION_CONTEXT() REPRESENTATION_CONTEXT('2D SPACE',''
  ) );
#811 = PCURVE('',#812,#817);
#812 = PLANE('',#813);
#813 = AXIS2_PLACEMENT_3D('',#814,#815,#816);
#814 = CARTESIAN_POINT('',(79.7,7.6,-4.6E-02));
#815 = DIRECTION('',(1.,0.,0.));
#816 = DIRECTION('',(0.,-1.,0.));
#817 = DEFINITIONAL_REPRESENTATION('',(#818),#822);
#818 = LINE('',#819,#820);
#819 = CARTESIAN_POINT('',(-47.075,-4.6E-02));
#820 = VECTOR('',#821,1.);
#821 = DIRECTION('',(-1.,0.));
#822 = ( GEOMETRIC_REPRESENTATION_CONTEXT(2) 
PARAMETRIC_REPRESENTATION_CONTEXT() REPRESENTATION_CONTEXT('2D SPACE',''
  ) );
#823 = ORIENTED_EDGE('',*,*,#824,.T.);
#824 = EDGE_CURVE('',#797,#825,#827,.T.);
#825 = VERTEX_POINT('',#826);
#826 = CARTESIAN_POINT('',(80.3,7.6,0.));
#827 = SURFACE_CURVE('',#828,(#833,#844),.PCURVE_S1.);
#828 = CIRCLE('',#829,0.3);
#829 = AXIS2_PLACEMENT_3D('',#830,#831,#832);
#830 = CARTESIAN_POINT('',(80.,7.6,0.));
#831 = DIRECTION('',(0.,0.,-1.));
#832 = DIRECTION('',(1.,0.,0.));
#833 = PCURVE('',#204,#834);
#834 = DEFINITIONAL_REPRESENTATION('',(#835),#843);
#835 = ( BOUNDED_CURVE() B_SPLINE_CURVE(2,(#836,#837,#838,#839,#840,#841
,#842),.UNSPECIFIED.,.T.,.F.) B_SPLINE_CURVE_WITH_KNOTS((1,2,2,2,2,1),(
    -2.094395102393,0.,2.094395102393,4.188790204786,6.28318530718,
8.377580409573),.UNSPECIFIED.) CURVE() GEOMETRIC_REPRESENTATION_ITEM() 
RATIONAL_B_SPLINE_CURVE((1.,0.5,1.,0.5,1.,0.5,1.)) REPRESENTATION_ITEM(
  '') );
#836 = CARTESIAN_POINT('',(162.8,-94.15));
#837 = CARTESIAN_POINT('',(162.8,-94.66961524227));
#838 = CARTESIAN_POINT('',(162.35,-94.40980762113));
#839 = CARTESIAN_POINT('',(161.9,-94.15));
#840 = CARTESIAN_POINT('',(162.35,-93.89019237886));
#841 = CARTESIAN_POINT('',(162.8,-93.63038475772));
#842 = CARTESIAN_POINT('',(162.8,-94.15));
#843 = ( GEOMETRIC_REPRESENTATION_CONTEXT(2) 
PARAMETRIC_REPRESENTATION_CONTEXT() REPRESENTATION_CONTEXT('2D SPACE',''
  ) );
#844 = PCURVE('',#845,#850);
#845 = CYLINDRICAL_SURFACE('',#846,0.3);
#846 = AXIS2_PLACEMENT_3D('',#847,#848,#849);
#847 = CARTESIAN_POINT('',(80.,7.6,-4.6E-02));
#848 = DIRECTION('',(-0.,-0.,-1.));
#849 = DIRECTION('',(1.,0.,0.));
#850 = DEFINITIONAL_REPRESENTATION('',(#851),#855);
#851 = LINE('',#852,#853);
#852 = CARTESIAN_POINT('',(0.,-4.6E-02));
#853 = VECTOR('',#854,1.);
#854 = DIRECTION('',(1.,0.));
#855 = ( GEOMETRIC_REPRESENTATION_CONTEXT(2) 
PARAMETRIC_REPRESENTATION_CONTEXT() REPRESENTATION_CONTEXT('2D SPACE',''
  ) );
#856 = ORIENTED_EDGE('',*,*,#857,.T.);
#857 = EDGE_CURVE('',#825,#762,#858,.T.);
#858 = SURFACE_CURVE('',#859,(#863,#870),.PCURVE_S1.);
#859 = LINE('',#860,#861);
#860 = CARTESIAN_POINT('',(80.3,54.325,0.));
#861 = VECTOR('',#862,1.);
#862 = DIRECTION('',(0.,-1.,0.));
#863 = PCURVE('',#204,#864);
#864 = DEFINITIONAL_REPRESENTATION('',(#865),#869);
#865 = LINE('',#866,#867);
#866 = CARTESIAN_POINT('',(162.8,-47.425));
#867 = VECTOR('',#868,1.);
#868 = DIRECTION('',(0.,-1.));
#869 = ( GEOMETRIC_REPRESENTATION_CONTEXT(2) 
PARAMETRIC_REPRESENTATION_CONTEXT() REPRESENTATION_CONTEXT('2D SPACE',''
  ) );
#870 = PCURVE('',#871,#876);
#871 = PLANE('',#872);
#872 = AXIS2_PLACEMENT_3D('',#873,#874,#875);
#873 = CARTESIAN_POINT('',(80.3,6.9,-4.6E-02));
#874 = DIRECTION('',(-1.,0.,0.));
#875 = DIRECTION('',(0.,1.,0.));
#876 = DEFINITIONAL_REPRESENTATION('',(#877),#881);
#877 = LINE('',#878,#879);
#878 = CARTESIAN_POINT('',(47.425,-4.6E-02));
#879 = VECTOR('',#880,1.);
#880 = DIRECTION('',(-1.,0.));
#881 = ( GEOMETRIC_REPRESENTATION_CONTEXT(2) 
PARAMETRIC_REPRESENTATION_CONTEXT() REPRESENTATION_CONTEXT('2D SPACE',''
  ) );
#882 = FACE_BOUND('',#883,.F.);
#883 = EDGE_LOOP('',(#884));
#884 = ORIENTED_EDGE('',*,*,#885,.T.);
#885 = EDGE_CURVE('',#886,#886,#888,.T.);
#886 = VERTEX_POINT('',#887);
#887 = CARTESIAN_POINT('',(92.75,1.7,0.));
#888 = SURFACE_CURVE('',#889,(#894,#905),.PCURVE_S1.);
#889 = CIRCLE('',#890,1.05);
#890 = AXIS2_PLACEMENT_3D('',#891,#892,#893);
#891 = CARTESIAN_POINT('',(92.75,2.75,0.));
#892 = DIRECTION('',(-0.,-0.,-1.));
#893 = DIRECTION('',(0.,-1.,0.));
#894 = PCURVE('',#204,#895);
#895 = DEFINITIONAL_REPRESENTATION('',(#896),#904);
#896 = ( BOUNDED_CURVE() B_SPLINE_CURVE(2,(#897,#898,#899,#900,#901,#902
,#903),.UNSPECIFIED.,.T.,.F.) B_SPLINE_CURVE_WITH_KNOTS((1,2,2,2,2,1),(
    -2.094395102393,0.,2.094395102393,4.188790204786,6.28318530718,
8.377580409573),.UNSPECIFIED.) CURVE() GEOMETRIC_REPRESENTATION_ITEM() 
RATIONAL_B_SPLINE_CURVE((1.,0.5,1.,0.5,1.,0.5,1.)) REPRESENTATION_ITEM(
  '') );
#897 = CARTESIAN_POINT('',(175.25,-100.05));
#898 = CARTESIAN_POINT('',(173.43134665205,-100.05));
#899 = CARTESIAN_POINT('',(174.34067332602,-98.475));
#900 = CARTESIAN_POINT('',(175.25,-96.9));
#901 = CARTESIAN_POINT('',(176.15932667397,-98.475));
#902 = CARTESIAN_POINT('',(177.06865334794,-100.05));
#903 = CARTESIAN_POINT('',(175.25,-100.05));
#904 = ( GEOMETRIC_REPRESENTATION_CONTEXT(2) 
PARAMETRIC_REPRESENTATION_CONTEXT() REPRESENTATION_CONTEXT('2D SPACE',''
  ) );
#905 = PCURVE('',#906,#911);
#906 = CYLINDRICAL_SURFACE('',#907,1.05);
#907 = AXIS2_PLACEMENT_3D('',#908,#909,#910);
#908 = CARTESIAN_POINT('',(92.75,2.75,-4.6E-02));
#909 = DIRECTION('',(-0.,-0.,-1.));
#910 = DIRECTION('',(0.,-1.,0.));
#911 = DEFINITIONAL_REPRESENTATION('',(#912),#916);
#912 = LINE('',#913,#914);
#913 = CARTESIAN_POINT('',(0.,-4.6E-02));
#914 = VECTOR('',#915,1.);
#915 = DIRECTION('',(1.,0.));
#916 = ( GEOMETRIC_REPRESENTATION_CONTEXT(2) 
PARAMETRIC_REPRESENTATION_CONTEXT() REPRESENTATION_CONTEXT('2D SPACE',''
  ) );
#917 = FACE_BOUND('',#918,.F.);
#918 = EDGE_LOOP('',(#919));
#919 = ORIENTED_EDGE('',*,*,#920,.T.);
#920 = EDGE_CURVE('',#921,#921,#923,.T.);
#921 = VERTEX_POINT('',#922);
#922 = CARTESIAN_POINT('',(73.1,20.035,0.));
#923 = SURFACE_CURVE('',#924,(#929,#940),.PCURVE_S1.);
#924 = CIRCLE('',#925,1.1);
#925 = AXIS2_PLACEMENT_3D('',#926,#927,#928);
#926 = CARTESIAN_POINT('',(73.1,21.135,0.));
#927 = DIRECTION('',(-0.,-0.,-1.));
#928 = DIRECTION('',(0.,-1.,0.));
#929 = PCURVE('',#204,#930);
#930 = DEFINITIONAL_REPRESENTATION('',(#931),#939);
#931 = ( BOUNDED_CURVE() B_SPLINE_CURVE(2,(#932,#933,#934,#935,#936,#937
,#938),.UNSPECIFIED.,.T.,.F.) B_SPLINE_CURVE_WITH_KNOTS((1,2,2,2,2,1),(
    -2.094395102393,0.,2.094395102393,4.188790204786,6.28318530718,
8.377580409573),.UNSPECIFIED.) CURVE() GEOMETRIC_REPRESENTATION_ITEM() 
RATIONAL_B_SPLINE_CURVE((1.,0.5,1.,0.5,1.,0.5,1.)) REPRESENTATION_ITEM(
  '') );
#932 = CARTESIAN_POINT('',(155.6,-81.715));
#933 = CARTESIAN_POINT('',(153.69474411167,-81.715));
#934 = CARTESIAN_POINT('',(154.64737205583,-80.065));
#935 = CARTESIAN_POINT('',(155.6,-78.415));
#936 = CARTESIAN_POINT('',(156.55262794416,-80.065));
#937 = CARTESIAN_POINT('',(157.50525588832,-81.715));
#938 = CARTESIAN_POINT('',(155.6,-81.715));
#939 = ( GEOMETRIC_REPRESENTATION_CONTEXT(2) 
PARAMETRIC_REPRESENTATION_CONTEXT() REPRESENTATION_CONTEXT('2D SPACE',''
  ) );
#940 = PCURVE('',#941,#946);
#941 = CYLINDRICAL_SURFACE('',#942,1.1);
#942 = AXIS2_PLACEMENT_3D('',#943,#944,#945);
#943 = CARTESIAN_POINT('',(73.1,21.135,-4.6E-02));
#944 = DIRECTION('',(-0.,-0.,-1.));
#945 = DIRECTION('',(0.,-1.,0.));
#946 = DEFINITIONAL_REPRESENTATION('',(#947),#951);
#947 = LINE('',#948,#949);
#948 = CARTESIAN_POINT('',(0.,-4.6E-02));
#949 = VECTOR('',#950,1.);
#950 = DIRECTION('',(1.,0.));
#951 = ( GEOMETRIC_REPRESENTATION_CONTEXT(2) 
PARAMETRIC_REPRESENTATION_CONTEXT() REPRESENTATION_CONTEXT('2D SPACE',''
  ) );
#952 = FACE_BOUND('',#953,.F.);
#953 = EDGE_LOOP('',(#954));
#954 = ORIENTED_EDGE('',*,*,#955,.T.);
#955 = EDGE_CURVE('',#956,#956,#958,.T.);
#956 = VERTEX_POINT('',#957);
#957 = CARTESIAN_POINT('',(70.07,25.36,0.));
#958 = SURFACE_CURVE('',#959,(#964,#975),.PCURVE_S1.);
#959 = CIRCLE('',#960,0.925);
#960 = AXIS2_PLACEMENT_3D('',#961,#962,#963);
#961 = CARTESIAN_POINT('',(70.07,26.285,0.));
#962 = DIRECTION('',(-0.,-0.,-1.));
#963 = DIRECTION('',(0.,-1.,0.));
#964 = PCURVE('',#204,#965);
#965 = DEFINITIONAL_REPRESENTATION('',(#966),#974);
#966 = ( BOUNDED_CURVE() B_SPLINE_CURVE(2,(#967,#968,#969,#970,#971,#972
,#973),.UNSPECIFIED.,.T.,.F.) B_SPLINE_CURVE_WITH_KNOTS((1,2,2,2,2,1),(
    -2.094395102393,0.,2.094395102393,4.188790204786,6.28318530718,
8.377580409573),.UNSPECIFIED.) CURVE() GEOMETRIC_REPRESENTATION_ITEM() 
RATIONAL_B_SPLINE_CURVE((1.,0.5,1.,0.5,1.,0.5,1.)) REPRESENTATION_ITEM(
  '') );
#967 = CARTESIAN_POINT('',(152.57,-76.39));
#968 = CARTESIAN_POINT('',(150.96785300299,-76.39));
#969 = CARTESIAN_POINT('',(151.76892650149,-75.0025));
#970 = CARTESIAN_POINT('',(152.57,-73.615));
#971 = CARTESIAN_POINT('',(153.3710734985,-75.0025));
#972 = CARTESIAN_POINT('',(154.172146997,-76.39));
#973 = CARTESIAN_POINT('',(152.57,-76.39));
#974 = ( GEOMETRIC_REPRESENTATION_CONTEXT(2) 
PARAMETRIC_REPRESENTATION_CONTEXT() REPRESENTATION_CONTEXT('2D SPACE',''
  ) );
#975 = PCURVE('',#976,#981);
#976 = CYLINDRICAL_SURFACE('',#977,0.925);
#977 = AXIS2_PLACEMENT_3D('',#978,#979,#980);
#978 = CARTESIAN_POINT('',(70.07,26.285,-4.6E-02));
#979 = DIRECTION('',(-0.,-0.,-1.));
#980 = DIRECTION('',(0.,-1.,0.));
#981 = DEFINITIONAL_REPRESENTATION('',(#982),#986);
#982 = LINE('',#983,#984);
#983 = CARTESIAN_POINT('',(0.,-4.6E-02));
#984 = VECTOR('',#985,1.);
#985 = DIRECTION('',(1.,0.));
#986 = ( GEOMETRIC_REPRESENTATION_CONTEXT(2) 
PARAMETRIC_REPRESENTATION_CONTEXT() REPRESENTATION_CONTEXT('2D SPACE',''
  ) );
#987 = FACE_BOUND('',#988,.F.);
#988 = EDGE_LOOP('',(#989));
#989 = ORIENTED_EDGE('',*,*,#990,.T.);
#990 = EDGE_CURVE('',#991,#991,#993,.T.);
#991 = VERTEX_POINT('',#992);
#992 = CARTESIAN_POINT('',(73.1,25.485,0.));
#993 = SURFACE_CURVE('',#994,(#999,#1010),.PCURVE_S1.);
#994 = CIRCLE('',#995,1.1);
#995 = AXIS2_PLACEMENT_3D('',#996,#997,#998);
#996 = CARTESIAN_POINT('',(73.1,26.585,0.));
#997 = DIRECTION('',(-0.,-0.,-1.));
#998 = DIRECTION('',(0.,-1.,0.));
#999 = PCURVE('',#204,#1000);
#1000 = DEFINITIONAL_REPRESENTATION('',(#1001),#1009);
#1001 = ( BOUNDED_CURVE() B_SPLINE_CURVE(2,(#1002,#1003,#1004,#1005,
#1006,#1007,#1008),.UNSPECIFIED.,.T.,.F.) B_SPLINE_CURVE_WITH_KNOTS((1,2
    ,2,2,2,1),(-2.094395102393,0.,2.094395102393,4.188790204786,
6.28318530718,8.377580409573),.UNSPECIFIED.) CURVE() 
GEOMETRIC_REPRESENTATION_ITEM() RATIONAL_B_SPLINE_CURVE((1.,0.5,1.,0.5,
1.,0.5,1.)) REPRESENTATION_ITEM('') );
#1002 = CARTESIAN_POINT('',(155.6,-76.265));
#1003 = CARTESIAN_POINT('',(153.69474411167,-76.265));
#1004 = CARTESIAN_POINT('',(154.64737205583,-74.615));
#1005 = CARTESIAN_POINT('',(155.6,-72.965));
#1006 = CARTESIAN_POINT('',(156.55262794416,-74.615));
#1007 = CARTESIAN_POINT('',(157.50525588832,-76.265));
#1008 = CARTESIAN_POINT('',(155.6,-76.265));
#1009 = ( GEOMETRIC_REPRESENTATION_CONTEXT(2) 
PARAMETRIC_REPRESENTATION_CONTEXT() REPRESENTATION_CONTEXT('2D SPACE',''
  ) );
#1010 = PCURVE('',#1011,#1016);
#1011 = CYLINDRICAL_SURFACE('',#1012,1.1);
#1012 = AXIS2_PLACEMENT_3D('',#1013,#1014,#1015);
#1013 = CARTESIAN_POINT('',(73.1,26.585,-4.6E-02));
#1014 = DIRECTION('',(-0.,-0.,-1.));
#1015 = DIRECTION('',(0.,-1.,0.));
#1016 = DEFINITIONAL_REPRESENTATION('',(#1017),#1021);
#1017 = LINE('',#1018,#1019);
#1018 = CARTESIAN_POINT('',(0.,-4.6E-02));
#1019 = VECTOR('',#1020,1.);
#1020 = DIRECTION('',(1.,0.));
#1021 = ( GEOMETRIC_REPRESENTATION_CONTEXT(2) 
PARAMETRIC_REPRESENTATION_CONTEXT() REPRESENTATION_CONTEXT('2D SPACE',''
  ) );
#1022 = FACE_BOUND('',#1023,.F.);
#1023 = EDGE_LOOP('',(#1024));
#1024 = ORIENTED_EDGE('',*,*,#1025,.T.);
#1025 = EDGE_CURVE('',#1026,#1026,#1028,.T.);
#1026 = VERTEX_POINT('',#1027);
#1027 = CARTESIAN_POINT('',(82.325,39.245,0.));
#1028 = SURFACE_CURVE('',#1029,(#1034,#1045),.PCURVE_S1.);
#1029 = CIRCLE('',#1030,0.15);
#1030 = AXIS2_PLACEMENT_3D('',#1031,#1032,#1033);
#1031 = CARTESIAN_POINT('',(82.325,39.395,0.));
#1032 = DIRECTION('',(-0.,-0.,-1.));
#1033 = DIRECTION('',(0.,-1.,0.));
#1034 = PCURVE('',#204,#1035);
#1035 = DEFINITIONAL_REPRESENTATION('',(#1036),#1044);
#1036 = ( BOUNDED_CURVE() B_SPLINE_CURVE(2,(#1037,#1038,#1039,#1040,
#1041,#1042,#1043),.UNSPECIFIED.,.T.,.F.) B_SPLINE_CURVE_WITH_KNOTS((1,2
    ,2,2,2,1),(-2.094395102393,0.,2.094395102393,4.188790204786,
6.28318530718,8.377580409573),.UNSPECIFIED.) CURVE() 
GEOMETRIC_REPRESENTATION_ITEM() RATIONAL_B_SPLINE_CURVE((1.,0.5,1.,0.5,
1.,0.5,1.)) REPRESENTATION_ITEM('') );
#1037 = CARTESIAN_POINT('',(164.825,-62.505));
#1038 = CARTESIAN_POINT('',(164.56519237886,-62.505));
#1039 = CARTESIAN_POINT('',(164.69509618943,-62.28));
#1040 = CARTESIAN_POINT('',(164.825,-62.055));
#1041 = CARTESIAN_POINT('',(164.95490381056,-62.28));
#1042 = CARTESIAN_POINT('',(165.08480762113,-62.505));
#1043 = CARTESIAN_POINT('',(164.825,-62.505));
#1044 = ( GEOMETRIC_REPRESENTATION_CONTEXT(2) 
PARAMETRIC_REPRESENTATION_CONTEXT() REPRESENTATION_CONTEXT('2D SPACE',''
  ) );
#1045 = PCURVE('',#1046,#1051);
#1046 = CYLINDRICAL_SURFACE('',#1047,0.15);
#1047 = AXIS2_PLACEMENT_3D('',#1048,#1049,#1050);
#1048 = CARTESIAN_POINT('',(82.325,39.395,-4.6E-02));
#1049 = DIRECTION('',(-0.,-0.,-1.));
#1050 = DIRECTION('',(0.,-1.,0.));
#1051 = DEFINITIONAL_REPRESENTATION('',(#1052),#1056);
#1052 = LINE('',#1053,#1054);
#1053 = CARTESIAN_POINT('',(0.,-4.6E-02));
#1054 = VECTOR('',#1055,1.);
#1055 = DIRECTION('',(1.,0.));
#1056 = ( GEOMETRIC_REPRESENTATION_CONTEXT(2) 
PARAMETRIC_REPRESENTATION_CONTEXT() REPRESENTATION_CONTEXT('2D SPACE',''
  ) );
#1057 = FACE_BOUND('',#1058,.F.);
#1058 = EDGE_LOOP('',(#1059));
#1059 = ORIENTED_EDGE('',*,*,#1060,.T.);
#1060 = EDGE_CURVE('',#1061,#1061,#1063,.T.);
#1061 = VERTEX_POINT('',#1062);
#1062 = CARTESIAN_POINT('',(82.325,40.445,0.));
#1063 = SURFACE_CURVE('',#1064,(#1069,#1080),.PCURVE_S1.);
#1064 = CIRCLE('',#1065,0.15);
#1065 = AXIS2_PLACEMENT_3D('',#1066,#1067,#1068);
#1066 = CARTESIAN_POINT('',(82.325,40.595,0.));
#1067 = DIRECTION('',(-0.,-0.,-1.));
#1068 = DIRECTION('',(0.,-1.,0.));
#1069 = PCURVE('',#204,#1070);
#1070 = DEFINITIONAL_REPRESENTATION('',(#1071),#1079);
#1071 = ( BOUNDED_CURVE() B_SPLINE_CURVE(2,(#1072,#1073,#1074,#1075,
#1076,#1077,#1078),.UNSPECIFIED.,.T.,.F.) B_SPLINE_CURVE_WITH_KNOTS((1,2
    ,2,2,2,1),(-2.094395102393,0.,2.094395102393,4.188790204786,
6.28318530718,8.377580409573),.UNSPECIFIED.) CURVE() 
GEOMETRIC_REPRESENTATION_ITEM() RATIONAL_B_SPLINE_CURVE((1.,0.5,1.,0.5,
1.,0.5,1.)) REPRESENTATION_ITEM('') );
#1072 = CARTESIAN_POINT('',(164.825,-61.305));
#1073 = CARTESIAN_POINT('',(164.56519237886,-61.305));
#1074 = CARTESIAN_POINT('',(164.69509618943,-61.08));
#1075 = CARTESIAN_POINT('',(164.825,-60.855));
#1076 = CARTESIAN_POINT('',(164.95490381056,-61.08));
#1077 = CARTESIAN_POINT('',(165.08480762113,-61.305));
#1078 = CARTESIAN_POINT('',(164.825,-61.305));
#1079 = ( GEOMETRIC_REPRESENTATION_CONTEXT(2) 
PARAMETRIC_REPRESENTATION_CONTEXT() REPRESENTATION_CONTEXT('2D SPACE',''
  ) );
#1080 = PCURVE('',#1081,#1086);
#1081 = CYLINDRICAL_SURFACE('',#1082,0.15);
#1082 = AXIS2_PLACEMENT_3D('',#1083,#1084,#1085);
#1083 = CARTESIAN_POINT('',(82.325,40.595,-4.6E-02));
#1084 = DIRECTION('',(-0.,-0.,-1.));
#1085 = DIRECTION('',(0.,-1.,0.));
#1086 = DEFINITIONAL_REPRESENTATION('',(#1087),#1091);
#1087 = LINE('',#1088,#1089);
#1088 = CARTESIAN_POINT('',(0.,-4.6E-02));
#1089 = VECTOR('',#1090,1.);
#1090 = DIRECTION('',(1.,0.));
#1091 = ( GEOMETRIC_REPRESENTATION_CONTEXT(2) 
PARAMETRIC_REPRESENTATION_CONTEXT() REPRESENTATION_CONTEXT('2D SPACE',''
  ) );
#1092 = FACE_BOUND('',#1093,.F.);
#1093 = EDGE_LOOP('',(#1094));
#1094 = ORIENTED_EDGE('',*,*,#1095,.T.);
#1095 = EDGE_CURVE('',#1096,#1096,#1098,.T.);
#1096 = VERTEX_POINT('',#1097);
#1097 = CARTESIAN_POINT('',(82.325,41.645,0.));
#1098 = SURFACE_CURVE('',#1099,(#1104,#1115),.PCURVE_S1.);
#1099 = CIRCLE('',#1100,0.15);
#1100 = AXIS2_PLACEMENT_3D('',#1101,#1102,#1103);
#1101 = CARTESIAN_POINT('',(82.325,41.795,0.));
#1102 = DIRECTION('',(-0.,-0.,-1.));
#1103 = DIRECTION('',(0.,-1.,0.));
#1104 = PCURVE('',#204,#1105);
#1105 = DEFINITIONAL_REPRESENTATION('',(#1106),#1114);
#1106 = ( BOUNDED_CURVE() B_SPLINE_CURVE(2,(#1107,#1108,#1109,#1110,
#1111,#1112,#1113),.UNSPECIFIED.,.T.,.F.) B_SPLINE_CURVE_WITH_KNOTS((1,2
    ,2,2,2,1),(-2.094395102393,0.,2.094395102393,4.188790204786,
6.28318530718,8.377580409573),.UNSPECIFIED.) CURVE() 
GEOMETRIC_REPRESENTATION_ITEM() RATIONAL_B_SPLINE_CURVE((1.,0.5,1.,0.5,
1.,0.5,1.)) REPRESENTATION_ITEM('') );
#1107 = CARTESIAN_POINT('',(164.825,-60.105));
#1108 = CARTESIAN_POINT('',(164.56519237886,-60.105));
#1109 = CARTESIAN_POINT('',(164.69509618943,-59.88));
#1110 = CARTESIAN_POINT('',(164.825,-59.655));
#1111 = CARTESIAN_POINT('',(164.95490381056,-59.88));
#1112 = CARTESIAN_POINT('',(165.08480762113,-60.105));
#1113 = CARTESIAN_POINT('',(164.825,-60.105));
#1114 = ( GEOMETRIC_REPRESENTATION_CONTEXT(2) 
PARAMETRIC_REPRESENTATION_CONTEXT() REPRESENTATION_CONTEXT('2D SPACE',''
  ) );
#1115 = PCURVE('',#1116,#1121);
#1116 = CYLINDRICAL_SURFACE('',#1117,0.15);
#1117 = AXIS2_PLACEMENT_3D('',#1118,#1119,#1120);
#1118 = CARTESIAN_POINT('',(82.325,41.795,-4.6E-02));
#1119 = DIRECTION('',(-0.,-0.,-1.));
#1120 = DIRECTION('',(0.,-1.,0.));
#1121 = DEFINITIONAL_REPRESENTATION('',(#1122),#1126);
#1122 = LINE('',#1123,#1124);
#1123 = CARTESIAN_POINT('',(0.,-4.6E-02));
#1124 = VECTOR('',#1125,1.);
#1125 = DIRECTION('',(1.,0.));
#1126 = ( GEOMETRIC_REPRESENTATION_CONTEXT(2) 
PARAMETRIC_REPRESENTATION_CONTEXT() REPRESENTATION_CONTEXT('2D SPACE',''
  ) );
#1127 = FACE_BOUND('',#1128,.F.);
#1128 = EDGE_LOOP('',(#1129));
#1129 = ORIENTED_EDGE('',*,*,#1130,.T.);
#1130 = EDGE_CURVE('',#1131,#1131,#1133,.T.);
#1131 = VERTEX_POINT('',#1132);
#1132 = CARTESIAN_POINT('',(83.725,39.245,0.));
#1133 = SURFACE_CURVE('',#1134,(#1139,#1150),.PCURVE_S1.);
#1134 = CIRCLE('',#1135,0.15);
#1135 = AXIS2_PLACEMENT_3D('',#1136,#1137,#1138);
#1136 = CARTESIAN_POINT('',(83.725,39.395,0.));
#1137 = DIRECTION('',(-0.,-0.,-1.));
#1138 = DIRECTION('',(0.,-1.,0.));
#1139 = PCURVE('',#204,#1140);
#1140 = DEFINITIONAL_REPRESENTATION('',(#1141),#1149);
#1141 = ( BOUNDED_CURVE() B_SPLINE_CURVE(2,(#1142,#1143,#1144,#1145,
#1146,#1147,#1148),.UNSPECIFIED.,.T.,.F.) B_SPLINE_CURVE_WITH_KNOTS((1,2
    ,2,2,2,1),(-2.094395102393,0.,2.094395102393,4.188790204786,
6.28318530718,8.377580409573),.UNSPECIFIED.) CURVE() 
GEOMETRIC_REPRESENTATION_ITEM() RATIONAL_B_SPLINE_CURVE((1.,0.5,1.,0.5,
1.,0.5,1.)) REPRESENTATION_ITEM('') );
#1142 = CARTESIAN_POINT('',(166.225,-62.505));
#1143 = CARTESIAN_POINT('',(165.96519237886,-62.505));
#1144 = CARTESIAN_POINT('',(166.09509618943,-62.28));
#1145 = CARTESIAN_POINT('',(166.225,-62.055));
#1146 = CARTESIAN_POINT('',(166.35490381056,-62.28));
#1147 = CARTESIAN_POINT('',(166.48480762113,-62.505));
#1148 = CARTESIAN_POINT('',(166.225,-62.505));
#1149 = ( GEOMETRIC_REPRESENTATION_CONTEXT(2) 
PARAMETRIC_REPRESENTATION_CONTEXT() REPRESENTATION_CONTEXT('2D SPACE',''
  ) );
#1150 = PCURVE('',#1151,#1156);
#1151 = CYLINDRICAL_SURFACE('',#1152,0.15);
#1152 = AXIS2_PLACEMENT_3D('',#1153,#1154,#1155);
#1153 = CARTESIAN_POINT('',(83.725,39.395,-4.6E-02));
#1154 = DIRECTION('',(-0.,-0.,-1.));
#1155 = DIRECTION('',(0.,-1.,0.));
#1156 = DEFINITIONAL_REPRESENTATION('',(#1157),#1161);
#1157 = LINE('',#1158,#1159);
#1158 = CARTESIAN_POINT('',(0.,-4.6E-02));
#1159 = VECTOR('',#1160,1.);
#1160 = DIRECTION('',(1.,0.));
#1161 = ( GEOMETRIC_REPRESENTATION_CONTEXT(2) 
PARAMETRIC_REPRESENTATION_CONTEXT() REPRESENTATION_CONTEXT('2D SPACE',''
  ) );
#1162 = FACE_BOUND('',#1163,.F.);
#1163 = EDGE_LOOP('',(#1164));
#1164 = ORIENTED_EDGE('',*,*,#1165,.T.);
#1165 = EDGE_CURVE('',#1166,#1166,#1168,.T.);
#1166 = VERTEX_POINT('',#1167);
#1167 = CARTESIAN_POINT('',(83.725,40.445,0.));
#1168 = SURFACE_CURVE('',#1169,(#1174,#1185),.PCURVE_S1.);
#1169 = CIRCLE('',#1170,0.15);
#1170 = AXIS2_PLACEMENT_3D('',#1171,#1172,#1173);
#1171 = CARTESIAN_POINT('',(83.725,40.595,0.));
#1172 = DIRECTION('',(-0.,-0.,-1.));
#1173 = DIRECTION('',(0.,-1.,0.));
#1174 = PCURVE('',#204,#1175);
#1175 = DEFINITIONAL_REPRESENTATION('',(#1176),#1184);
#1176 = ( BOUNDED_CURVE() B_SPLINE_CURVE(2,(#1177,#1178,#1179,#1180,
#1181,#1182,#1183),.UNSPECIFIED.,.T.,.F.) B_SPLINE_CURVE_WITH_KNOTS((1,2
    ,2,2,2,1),(-2.094395102393,0.,2.094395102393,4.188790204786,
6.28318530718,8.377580409573),.UNSPECIFIED.) CURVE() 
GEOMETRIC_REPRESENTATION_ITEM() RATIONAL_B_SPLINE_CURVE((1.,0.5,1.,0.5,
1.,0.5,1.)) REPRESENTATION_ITEM('') );
#1177 = CARTESIAN_POINT('',(166.225,-61.305));
#1178 = CARTESIAN_POINT('',(165.96519237886,-61.305));
#1179 = CARTESIAN_POINT('',(166.09509618943,-61.08));
#1180 = CARTESIAN_POINT('',(166.225,-60.855));
#1181 = CARTESIAN_POINT('',(166.35490381056,-61.08));
#1182 = CARTESIAN_POINT('',(166.48480762113,-61.305));
#1183 = CARTESIAN_POINT('',(166.225,-61.305));
#1184 = ( GEOMETRIC_REPRESENTATION_CONTEXT(2) 
PARAMETRIC_REPRESENTATION_CONTEXT() REPRESENTATION_CONTEXT('2D SPACE',''
  ) );
#1185 = PCURVE('',#1186,#1191);
#1186 = CYLINDRICAL_SURFACE('',#1187,0.15);
#1187 = AXIS2_PLACEMENT_3D('',#1188,#1189,#1190);
#1188 = CARTESIAN_POINT('',(83.725,40.595,-4.6E-02));
#1189 = DIRECTION('',(-0.,-0.,-1.));
#1190 = DIRECTION('',(0.,-1.,0.));
#1191 = DEFINITIONAL_REPRESENTATION('',(#1192),#1196);
#1192 = LINE('',#1193,#1194);
#1193 = CARTESIAN_POINT('',(0.,-4.6E-02));
#1194 = VECTOR('',#1195,1.);
#1195 = DIRECTION('',(1.,0.));
#1196 = ( GEOMETRIC_REPRESENTATION_CONTEXT(2) 
PARAMETRIC_REPRESENTATION_CONTEXT() REPRESENTATION_CONTEXT('2D SPACE',''
  ) );
#1197 = FACE_BOUND('',#1198,.F.);
#1198 = EDGE_LOOP('',(#1199));
#1199 = ORIENTED_EDGE('',*,*,#1200,.T.);
#1200 = EDGE_CURVE('',#1201,#1201,#1203,.T.);
#1201 = VERTEX_POINT('',#1202);
#1202 = CARTESIAN_POINT('',(83.725,41.645,0.));
#1203 = SURFACE_CURVE('',#1204,(#1209,#1220),.PCURVE_S1.);
#1204 = CIRCLE('',#1205,0.15);
#1205 = AXIS2_PLACEMENT_3D('',#1206,#1207,#1208);
#1206 = CARTESIAN_POINT('',(83.725,41.795,0.));
#1207 = DIRECTION('',(-0.,-0.,-1.));
#1208 = DIRECTION('',(0.,-1.,0.));
#1209 = PCURVE('',#204,#1210);
#1210 = DEFINITIONAL_REPRESENTATION('',(#1211),#1219);
#1211 = ( BOUNDED_CURVE() B_SPLINE_CURVE(2,(#1212,#1213,#1214,#1215,
#1216,#1217,#1218),.UNSPECIFIED.,.T.,.F.) B_SPLINE_CURVE_WITH_KNOTS((1,2
    ,2,2,2,1),(-2.094395102393,0.,2.094395102393,4.188790204786,
6.28318530718,8.377580409573),.UNSPECIFIED.) CURVE() 
GEOMETRIC_REPRESENTATION_ITEM() RATIONAL_B_SPLINE_CURVE((1.,0.5,1.,0.5,
1.,0.5,1.)) REPRESENTATION_ITEM('') );
#1212 = CARTESIAN_POINT('',(166.225,-60.105));
#1213 = CARTESIAN_POINT('',(165.96519237886,-60.105));
#1214 = CARTESIAN_POINT('',(166.09509618943,-59.88));
#1215 = CARTESIAN_POINT('',(166.225,-59.655));
#1216 = CARTESIAN_POINT('',(166.35490381056,-59.88));
#1217 = CARTESIAN_POINT('',(166.48480762113,-60.105));
#1218 = CARTESIAN_POINT('',(166.225,-60.105));
#1219 = ( GEOMETRIC_REPRESENTATION_CONTEXT(2) 
PARAMETRIC_REPRESENTATION_CONTEXT() REPRESENTATION_CONTEXT('2D SPACE',''
  ) );
#1220 = PCURVE('',#1221,#1226);
#1221 = CYLINDRICAL_SURFACE('',#1222,0.15);
#1222 = AXIS2_PLACEMENT_3D('',#1223,#1224,#1225);
#1223 = CARTESIAN_POINT('',(83.725,41.795,-4.6E-02));
#1224 = DIRECTION('',(-0.,-0.,-1.));
#1225 = DIRECTION('',(0.,-1.,0.));
#1226 = DEFINITIONAL_REPRESENTATION('',(#1227),#1231);
#1227 = LINE('',#1228,#1229);
#1228 = CARTESIAN_POINT('',(0.,-4.6E-02));
#1229 = VECTOR('',#1230,1.);
#1230 = DIRECTION('',(1.,0.));
#1231 = ( GEOMETRIC_REPRESENTATION_CONTEXT(2) 
PARAMETRIC_REPRESENTATION_CONTEXT() REPRESENTATION_CONTEXT('2D SPACE',''
  ) );
#1232 = FACE_BOUND('',#1233,.F.);
#1233 = EDGE_LOOP('',(#1234));
#1234 = ORIENTED_EDGE('',*,*,#1235,.T.);
#1235 = EDGE_CURVE('',#1236,#1236,#1238,.T.);
#1236 = VERTEX_POINT('',#1237);
#1237 = CARTESIAN_POINT('',(6.38,55.11,0.));
#1238 = SURFACE_CURVE('',#1239,(#1244,#1255),.PCURVE_S1.);
#1239 = CIRCLE('',#1240,0.85);
#1240 = AXIS2_PLACEMENT_3D('',#1241,#1242,#1243);
#1241 = CARTESIAN_POINT('',(6.38,55.96,0.));
#1242 = DIRECTION('',(-0.,-0.,-1.));
#1243 = DIRECTION('',(0.,-1.,0.));
#1244 = PCURVE('',#204,#1245);
#1245 = DEFINITIONAL_REPRESENTATION('',(#1246),#1254);
#1246 = ( BOUNDED_CURVE() B_SPLINE_CURVE(2,(#1247,#1248,#1249,#1250,
#1251,#1252,#1253),.UNSPECIFIED.,.T.,.F.) B_SPLINE_CURVE_WITH_KNOTS((1,2
    ,2,2,2,1),(-2.094395102393,0.,2.094395102393,4.188790204786,
6.28318530718,8.377580409573),.UNSPECIFIED.) CURVE() 
GEOMETRIC_REPRESENTATION_ITEM() RATIONAL_B_SPLINE_CURVE((1.,0.5,1.,0.5,
1.,0.5,1.)) REPRESENTATION_ITEM('') );
#1247 = CARTESIAN_POINT('',(88.88,-46.64));
#1248 = CARTESIAN_POINT('',(87.407756813566,-46.64));
#1249 = CARTESIAN_POINT('',(88.143878406783,-45.365));
#1250 = CARTESIAN_POINT('',(88.88,-44.09));
#1251 = CARTESIAN_POINT('',(89.616121593217,-45.365));
#1252 = CARTESIAN_POINT('',(90.352243186434,-46.64));
#1253 = CARTESIAN_POINT('',(88.88,-46.64));
#1254 = ( GEOMETRIC_REPRESENTATION_CONTEXT(2) 
PARAMETRIC_REPRESENTATION_CONTEXT() REPRESENTATION_CONTEXT('2D SPACE',''
  ) );
#1255 = PCURVE('',#1256,#1261);
#1256 = CYLINDRICAL_SURFACE('',#1257,0.85);
#1257 = AXIS2_PLACEMENT_3D('',#1258,#1259,#1260);
#1258 = CARTESIAN_POINT('',(6.38,55.96,-4.6E-02));
#1259 = DIRECTION('',(-0.,-0.,-1.));
#1260 = DIRECTION('',(0.,-1.,0.));
#1261 = DEFINITIONAL_REPRESENTATION('',(#1262),#1266);
#1262 = LINE('',#1263,#1264);
#1263 = CARTESIAN_POINT('',(0.,-4.6E-02));
#1264 = VECTOR('',#1265,1.);
#1265 = DIRECTION('',(1.,0.));
#1266 = ( GEOMETRIC_REPRESENTATION_CONTEXT(2) 
PARAMETRIC_REPRESENTATION_CONTEXT() REPRESENTATION_CONTEXT('2D SPACE',''
  ) );
#1267 = FACE_BOUND('',#1268,.F.);
#1268 = EDGE_LOOP('',(#1269));
#1269 = ORIENTED_EDGE('',*,*,#1270,.T.);
#1270 = EDGE_CURVE('',#1271,#1271,#1273,.T.);
#1271 = VERTEX_POINT('',#1272);
#1272 = CARTESIAN_POINT('',(11.46,53.96,0.));
#1273 = SURFACE_CURVE('',#1274,(#1279,#1290),.PCURVE_S1.);
#1274 = CIRCLE('',#1275,2.);
#1275 = AXIS2_PLACEMENT_3D('',#1276,#1277,#1278);
#1276 = CARTESIAN_POINT('',(11.46,55.96,0.));
#1277 = DIRECTION('',(-0.,-0.,-1.));
#1278 = DIRECTION('',(0.,-1.,0.));
#1279 = PCURVE('',#204,#1280);
#1280 = DEFINITIONAL_REPRESENTATION('',(#1281),#1289);
#1281 = ( BOUNDED_CURVE() B_SPLINE_CURVE(2,(#1282,#1283,#1284,#1285,
#1286,#1287,#1288),.UNSPECIFIED.,.T.,.F.) B_SPLINE_CURVE_WITH_KNOTS((1,2
    ,2,2,2,1),(-2.094395102393,0.,2.094395102393,4.188790204786,
6.28318530718,8.377580409573),.UNSPECIFIED.) CURVE() 
GEOMETRIC_REPRESENTATION_ITEM() RATIONAL_B_SPLINE_CURVE((1.,0.5,1.,0.5,
1.,0.5,1.)) REPRESENTATION_ITEM('') );
#1282 = CARTESIAN_POINT('',(93.96,-47.79));
#1283 = CARTESIAN_POINT('',(90.495898384862,-47.79));
#1284 = CARTESIAN_POINT('',(92.227949192431,-44.79));
#1285 = CARTESIAN_POINT('',(93.96,-41.79));
#1286 = CARTESIAN_POINT('',(95.692050807569,-44.79));
#1287 = CARTESIAN_POINT('',(97.424101615138,-47.79));
#1288 = CARTESIAN_POINT('',(93.96,-47.79));
#1289 = ( GEOMETRIC_REPRESENTATION_CONTEXT(2) 
PARAMETRIC_REPRESENTATION_CONTEXT() REPRESENTATION_CONTEXT('2D SPACE',''
  ) );
#1290 = PCURVE('',#1291,#1296);
#1291 = CYLINDRICAL_SURFACE('',#1292,2.);
#1292 = AXIS2_PLACEMENT_3D('',#1293,#1294,#1295);
#1293 = CARTESIAN_POINT('',(11.46,55.96,-4.6E-02));
#1294 = DIRECTION('',(-0.,-0.,-1.));
#1295 = DIRECTION('',(0.,-1.,0.));
#1296 = DEFINITIONAL_REPRESENTATION('',(#1297),#1301);
#1297 = LINE('',#1298,#1299);
#1298 = CARTESIAN_POINT('',(0.,-4.6E-02));
#1299 = VECTOR('',#1300,1.);
#1300 = DIRECTION('',(1.,0.));
#1301 = ( GEOMETRIC_REPRESENTATION_CONTEXT(2) 
PARAMETRIC_REPRESENTATION_CONTEXT() REPRESENTATION_CONTEXT('2D SPACE',''
  ) );
#1302 = FACE_BOUND('',#1303,.F.);
#1303 = EDGE_LOOP('',(#1304));
#1304 = ORIENTED_EDGE('',*,*,#1305,.T.);
#1305 = EDGE_CURVE('',#1306,#1306,#1308,.T.);
#1306 = VERTEX_POINT('',#1307);
#1307 = CARTESIAN_POINT('',(16.54,55.11,0.));
#1308 = SURFACE_CURVE('',#1309,(#1314,#1325),.PCURVE_S1.);
#1309 = CIRCLE('',#1310,0.85);
#1310 = AXIS2_PLACEMENT_3D('',#1311,#1312,#1313);
#1311 = CARTESIAN_POINT('',(16.54,55.96,0.));
#1312 = DIRECTION('',(0.,-0.,-1.));
#1313 = DIRECTION('',(1.671865260612E-14,-1.,0.));
#1314 = PCURVE('',#204,#1315);
#1315 = DEFINITIONAL_REPRESENTATION('',(#1316),#1324);
#1316 = ( BOUNDED_CURVE() B_SPLINE_CURVE(2,(#1317,#1318,#1319,#1320,
#1321,#1322,#1323),.UNSPECIFIED.,.T.,.F.) B_SPLINE_CURVE_WITH_KNOTS((1,2
    ,2,2,2,1),(-2.094395102393,0.,2.094395102393,4.188790204786,
6.28318530718,8.377580409573),.UNSPECIFIED.) CURVE() 
GEOMETRIC_REPRESENTATION_ITEM() RATIONAL_B_SPLINE_CURVE((1.,0.5,1.,0.5,
1.,0.5,1.)) REPRESENTATION_ITEM('') );
#1317 = CARTESIAN_POINT('',(99.04,-46.64));
#1318 = CARTESIAN_POINT('',(97.567756813566,-46.64));
#1319 = CARTESIAN_POINT('',(98.303878406783,-45.365));
#1320 = CARTESIAN_POINT('',(99.04,-44.09));
#1321 = CARTESIAN_POINT('',(99.776121593217,-45.365));
#1322 = CARTESIAN_POINT('',(100.51224318643,-46.64));
#1323 = CARTESIAN_POINT('',(99.04,-46.64));
#1324 = ( GEOMETRIC_REPRESENTATION_CONTEXT(2) 
PARAMETRIC_REPRESENTATION_CONTEXT() REPRESENTATION_CONTEXT('2D SPACE',''
  ) );
#1325 = PCURVE('',#1326,#1331);
#1326 = CYLINDRICAL_SURFACE('',#1327,0.85);
#1327 = AXIS2_PLACEMENT_3D('',#1328,#1329,#1330);
#1328 = CARTESIAN_POINT('',(16.54,55.96,-4.6E-02));
#1329 = DIRECTION('',(0.,0.,-1.));
#1330 = DIRECTION('',(1.671865260612E-14,-1.,0.));
#1331 = DEFINITIONAL_REPRESENTATION('',(#1332),#1336);
#1332 = LINE('',#1333,#1334);
#1333 = CARTESIAN_POINT('',(0.,-4.6E-02));
#1334 = VECTOR('',#1335,1.);
#1335 = DIRECTION('',(1.,0.));
#1336 = ( GEOMETRIC_REPRESENTATION_CONTEXT(2) 
PARAMETRIC_REPRESENTATION_CONTEXT() REPRESENTATION_CONTEXT('2D SPACE',''
  ) );
#1337 = FACE_BOUND('',#1338,.F.);
#1338 = EDGE_LOOP('',(#1339));
#1339 = ORIENTED_EDGE('',*,*,#1340,.T.);
#1340 = EDGE_CURVE('',#1341,#1341,#1343,.T.);
#1341 = VERTEX_POINT('',#1342);
#1342 = CARTESIAN_POINT('',(7.65,57.75,0.));
#1343 = SURFACE_CURVE('',#1344,(#1349,#1360),.PCURVE_S1.);
#1344 = CIRCLE('',#1345,0.75);
#1345 = AXIS2_PLACEMENT_3D('',#1346,#1347,#1348);
#1346 = CARTESIAN_POINT('',(7.65,58.5,0.));
#1347 = DIRECTION('',(-0.,-0.,-1.));
#1348 = DIRECTION('',(0.,-1.,0.));
#1349 = PCURVE('',#204,#1350);
#1350 = DEFINITIONAL_REPRESENTATION('',(#1351),#1359);
#1351 = ( BOUNDED_CURVE() B_SPLINE_CURVE(2,(#1352,#1353,#1354,#1355,
#1356,#1357,#1358),.UNSPECIFIED.,.T.,.F.) B_SPLINE_CURVE_WITH_KNOTS((1,2
    ,2,2,2,1),(-2.094395102393,0.,2.094395102393,4.188790204786,
6.28318530718,8.377580409573),.UNSPECIFIED.) CURVE() 
GEOMETRIC_REPRESENTATION_ITEM() RATIONAL_B_SPLINE_CURVE((1.,0.5,1.,0.5,
1.,0.5,1.)) REPRESENTATION_ITEM('') );
#1352 = CARTESIAN_POINT('',(90.15,-44.));
#1353 = CARTESIAN_POINT('',(88.850961894323,-44.));
#1354 = CARTESIAN_POINT('',(89.500480947162,-42.875));
#1355 = CARTESIAN_POINT('',(90.15,-41.75));
#1356 = CARTESIAN_POINT('',(90.799519052838,-42.875));
#1357 = CARTESIAN_POINT('',(91.449038105677,-44.));
#1358 = CARTESIAN_POINT('',(90.15,-44.));
#1359 = ( GEOMETRIC_REPRESENTATION_CONTEXT(2) 
PARAMETRIC_REPRESENTATION_CONTEXT() REPRESENTATION_CONTEXT('2D SPACE',''
  ) );
#1360 = PCURVE('',#1361,#1366);
#1361 = CYLINDRICAL_SURFACE('',#1362,0.75);
#1362 = AXIS2_PLACEMENT_3D('',#1363,#1364,#1365);
#1363 = CARTESIAN_POINT('',(7.65,58.5,-4.6E-02));
#1364 = DIRECTION('',(-0.,-0.,-1.));
#1365 = DIRECTION('',(0.,-1.,0.));
#1366 = DEFINITIONAL_REPRESENTATION('',(#1367),#1371);
#1367 = LINE('',#1368,#1369);
#1368 = CARTESIAN_POINT('',(0.,-4.6E-02));
#1369 = VECTOR('',#1370,1.);
#1370 = DIRECTION('',(1.,0.));
#1371 = ( GEOMETRIC_REPRESENTATION_CONTEXT(2) 
PARAMETRIC_REPRESENTATION_CONTEXT() REPRESENTATION_CONTEXT('2D SPACE',''
  ) );
#1372 = FACE_BOUND('',#1373,.F.);
#1373 = EDGE_LOOP('',(#1374));
#1374 = ORIENTED_EDGE('',*,*,#1375,.T.);
#1375 = EDGE_CURVE('',#1376,#1376,#1378,.T.);
#1376 = VERTEX_POINT('',#1377);
#1377 = CARTESIAN_POINT('',(14.,60.29,0.));
#1378 = SURFACE_CURVE('',#1379,(#1384,#1395),.PCURVE_S1.);
#1379 = CIRCLE('',#1380,0.75);
#1380 = AXIS2_PLACEMENT_3D('',#1381,#1382,#1383);
#1381 = CARTESIAN_POINT('',(14.,61.04,0.));
#1382 = DIRECTION('',(-0.,-0.,-1.));
#1383 = DIRECTION('',(0.,-1.,0.));
#1384 = PCURVE('',#204,#1385);
#1385 = DEFINITIONAL_REPRESENTATION('',(#1386),#1394);
#1386 = ( BOUNDED_CURVE() B_SPLINE_CURVE(2,(#1387,#1388,#1389,#1390,
#1391,#1392,#1393),.UNSPECIFIED.,.T.,.F.) B_SPLINE_CURVE_WITH_KNOTS((1,2
    ,2,2,2,1),(-2.094395102393,0.,2.094395102393,4.188790204786,
6.28318530718,8.377580409573),.UNSPECIFIED.) CURVE() 
GEOMETRIC_REPRESENTATION_ITEM() RATIONAL_B_SPLINE_CURVE((1.,0.5,1.,0.5,
1.,0.5,1.)) REPRESENTATION_ITEM('') );
#1387 = CARTESIAN_POINT('',(96.5,-41.46));
#1388 = CARTESIAN_POINT('',(95.200961894323,-41.46));
#1389 = CARTESIAN_POINT('',(95.850480947162,-40.335));
#1390 = CARTESIAN_POINT('',(96.5,-39.21));
#1391 = CARTESIAN_POINT('',(97.149519052838,-40.335));
#1392 = CARTESIAN_POINT('',(97.799038105677,-41.46));
#1393 = CARTESIAN_POINT('',(96.5,-41.46));
#1394 = ( GEOMETRIC_REPRESENTATION_CONTEXT(2) 
PARAMETRIC_REPRESENTATION_CONTEXT() REPRESENTATION_CONTEXT('2D SPACE',''
  ) );
#1395 = PCURVE('',#1396,#1401);
#1396 = CYLINDRICAL_SURFACE('',#1397,0.75);
#1397 = AXIS2_PLACEMENT_3D('',#1398,#1399,#1400);
#1398 = CARTESIAN_POINT('',(14.,61.04,-4.6E-02));
#1399 = DIRECTION('',(-0.,-0.,-1.));
#1400 = DIRECTION('',(0.,-1.,0.));
#1401 = DEFINITIONAL_REPRESENTATION('',(#1402),#1406);
#1402 = LINE('',#1403,#1404);
#1403 = CARTESIAN_POINT('',(0.,-4.6E-02));
#1404 = VECTOR('',#1405,1.);
#1405 = DIRECTION('',(1.,0.));
#1406 = ( GEOMETRIC_REPRESENTATION_CONTEXT(2) 
PARAMETRIC_REPRESENTATION_CONTEXT() REPRESENTATION_CONTEXT('2D SPACE',''
  ) );
#1407 = FACE_BOUND('',#1408,.F.);
#1408 = EDGE_LOOP('',(#1409));
#1409 = ORIENTED_EDGE('',*,*,#1410,.T.);
#1410 = EDGE_CURVE('',#1411,#1411,#1413,.T.);
#1411 = VERTEX_POINT('',#1412);
#1412 = CARTESIAN_POINT('',(25.6633,55.11,0.));
#1413 = SURFACE_CURVE('',#1414,(#1419,#1430),.PCURVE_S1.);
#1414 = CIRCLE('',#1415,0.85);
#1415 = AXIS2_PLACEMENT_3D('',#1416,#1417,#1418);
#1416 = CARTESIAN_POINT('',(25.6633,55.96,0.));
#1417 = DIRECTION('',(0.,-0.,-1.));
#1418 = DIRECTION('',(1.671865260612E-14,-1.,0.));
#1419 = PCURVE('',#204,#1420);
#1420 = DEFINITIONAL_REPRESENTATION('',(#1421),#1429);
#1421 = ( BOUNDED_CURVE() B_SPLINE_CURVE(2,(#1422,#1423,#1424,#1425,
#1426,#1427,#1428),.UNSPECIFIED.,.T.,.F.) B_SPLINE_CURVE_WITH_KNOTS((1,2
    ,2,2,2,1),(-2.094395102393,0.,2.094395102393,4.188790204786,
6.28318530718,8.377580409573),.UNSPECIFIED.) CURVE() 
GEOMETRIC_REPRESENTATION_ITEM() RATIONAL_B_SPLINE_CURVE((1.,0.5,1.,0.5,
1.,0.5,1.)) REPRESENTATION_ITEM('') );
#1422 = CARTESIAN_POINT('',(108.1633,-46.64));
#1423 = CARTESIAN_POINT('',(106.69105681356,-46.64));
#1424 = CARTESIAN_POINT('',(107.42717840678,-45.365));
#1425 = CARTESIAN_POINT('',(108.1633,-44.09));
#1426 = CARTESIAN_POINT('',(108.89942159321,-45.365));
#1427 = CARTESIAN_POINT('',(109.63554318643,-46.64));
#1428 = CARTESIAN_POINT('',(108.1633,-46.64));
#1429 = ( GEOMETRIC_REPRESENTATION_CONTEXT(2) 
PARAMETRIC_REPRESENTATION_CONTEXT() REPRESENTATION_CONTEXT('2D SPACE',''
  ) );
#1430 = PCURVE('',#1431,#1436);
#1431 = CYLINDRICAL_SURFACE('',#1432,0.85);
#1432 = AXIS2_PLACEMENT_3D('',#1433,#1434,#1435);
#1433 = CARTESIAN_POINT('',(25.6633,55.96,-4.6E-02));
#1434 = DIRECTION('',(0.,0.,-1.));
#1435 = DIRECTION('',(1.671865260612E-14,-1.,0.));
#1436 = DEFINITIONAL_REPRESENTATION('',(#1437),#1441);
#1437 = LINE('',#1438,#1439);
#1438 = CARTESIAN_POINT('',(0.,-4.6E-02));
#1439 = VECTOR('',#1440,1.);
#1440 = DIRECTION('',(1.,0.));
#1441 = ( GEOMETRIC_REPRESENTATION_CONTEXT(2) 
PARAMETRIC_REPRESENTATION_CONTEXT() REPRESENTATION_CONTEXT('2D SPACE',''
  ) );
#1442 = FACE_BOUND('',#1443,.F.);
#1443 = EDGE_LOOP('',(#1444));
#1444 = ORIENTED_EDGE('',*,*,#1445,.T.);
#1445 = EDGE_CURVE('',#1446,#1446,#1448,.T.);
#1446 = VERTEX_POINT('',#1447);
#1447 = CARTESIAN_POINT('',(30.7433,53.96,0.));
#1448 = SURFACE_CURVE('',#1449,(#1454,#1465),.PCURVE_S1.);
#1449 = CIRCLE('',#1450,2.);
#1450 = AXIS2_PLACEMENT_3D('',#1451,#1452,#1453);
#1451 = CARTESIAN_POINT('',(30.7433,55.96,0.));
#1452 = DIRECTION('',(-0.,-0.,-1.));
#1453 = DIRECTION('',(0.,-1.,0.));
#1454 = PCURVE('',#204,#1455);
#1455 = DEFINITIONAL_REPRESENTATION('',(#1456),#1464);
#1456 = ( BOUNDED_CURVE() B_SPLINE_CURVE(2,(#1457,#1458,#1459,#1460,
#1461,#1462,#1463),.UNSPECIFIED.,.T.,.F.) B_SPLINE_CURVE_WITH_KNOTS((1,2
    ,2,2,2,1),(-2.094395102393,0.,2.094395102393,4.188790204786,
6.28318530718,8.377580409573),.UNSPECIFIED.) CURVE() 
GEOMETRIC_REPRESENTATION_ITEM() RATIONAL_B_SPLINE_CURVE((1.,0.5,1.,0.5,
1.,0.5,1.)) REPRESENTATION_ITEM('') );
#1457 = CARTESIAN_POINT('',(113.2433,-47.79));
#1458 = CARTESIAN_POINT('',(109.77919838486,-47.79));
#1459 = CARTESIAN_POINT('',(111.51124919243,-44.79));
#1460 = CARTESIAN_POINT('',(113.2433,-41.79));
#1461 = CARTESIAN_POINT('',(114.97535080756,-44.79));
#1462 = CARTESIAN_POINT('',(116.70740161513,-47.79));
#1463 = CARTESIAN_POINT('',(113.2433,-47.79));
#1464 = ( GEOMETRIC_REPRESENTATION_CONTEXT(2) 
PARAMETRIC_REPRESENTATION_CONTEXT() REPRESENTATION_CONTEXT('2D SPACE',''
  ) );
#1465 = PCURVE('',#1466,#1471);
#1466 = CYLINDRICAL_SURFACE('',#1467,2.);
#1467 = AXIS2_PLACEMENT_3D('',#1468,#1469,#1470);
#1468 = CARTESIAN_POINT('',(30.7433,55.96,-4.6E-02));
#1469 = DIRECTION('',(-0.,-0.,-1.));
#1470 = DIRECTION('',(0.,-1.,0.));
#1471 = DEFINITIONAL_REPRESENTATION('',(#1472),#1476);
#1472 = LINE('',#1473,#1474);
#1473 = CARTESIAN_POINT('',(0.,-4.6E-02));
#1474 = VECTOR('',#1475,1.);
#1475 = DIRECTION('',(1.,0.));
#1476 = ( GEOMETRIC_REPRESENTATION_CONTEXT(2) 
PARAMETRIC_REPRESENTATION_CONTEXT() REPRESENTATION_CONTEXT('2D SPACE',''
  ) );
#1477 = FACE_BOUND('',#1478,.F.);
#1478 = EDGE_LOOP('',(#1479));
#1479 = ORIENTED_EDGE('',*,*,#1480,.T.);
#1480 = EDGE_CURVE('',#1481,#1481,#1483,.T.);
#1481 = VERTEX_POINT('',#1482);
#1482 = CARTESIAN_POINT('',(35.8233,55.11,0.));
#1483 = SURFACE_CURVE('',#1484,(#1489,#1500),.PCURVE_S1.);
#1484 = CIRCLE('',#1485,0.85);
#1485 = AXIS2_PLACEMENT_3D('',#1486,#1487,#1488);
#1486 = CARTESIAN_POINT('',(35.8233,55.96,0.));
#1487 = DIRECTION('',(0.,-0.,-1.));
#1488 = DIRECTION('',(1.671865260612E-14,-1.,0.));
#1489 = PCURVE('',#204,#1490);
#1490 = DEFINITIONAL_REPRESENTATION('',(#1491),#1499);
#1491 = ( BOUNDED_CURVE() B_SPLINE_CURVE(2,(#1492,#1493,#1494,#1495,
#1496,#1497,#1498),.UNSPECIFIED.,.T.,.F.) B_SPLINE_CURVE_WITH_KNOTS((1,2
    ,2,2,2,1),(-2.094395102393,0.,2.094395102393,4.188790204786,
6.28318530718,8.377580409573),.UNSPECIFIED.) CURVE() 
GEOMETRIC_REPRESENTATION_ITEM() RATIONAL_B_SPLINE_CURVE((1.,0.5,1.,0.5,
1.,0.5,1.)) REPRESENTATION_ITEM('') );
#1492 = CARTESIAN_POINT('',(118.3233,-46.64));
#1493 = CARTESIAN_POINT('',(116.85105681356,-46.64));
#1494 = CARTESIAN_POINT('',(117.58717840678,-45.365));
#1495 = CARTESIAN_POINT('',(118.3233,-44.09));
#1496 = CARTESIAN_POINT('',(119.05942159321,-45.365));
#1497 = CARTESIAN_POINT('',(119.79554318643,-46.64));
#1498 = CARTESIAN_POINT('',(118.3233,-46.64));
#1499 = ( GEOMETRIC_REPRESENTATION_CONTEXT(2) 
PARAMETRIC_REPRESENTATION_CONTEXT() REPRESENTATION_CONTEXT('2D SPACE',''
  ) );
#1500 = PCURVE('',#1501,#1506);
#1501 = CYLINDRICAL_SURFACE('',#1502,0.85);
#1502 = AXIS2_PLACEMENT_3D('',#1503,#1504,#1505);
#1503 = CARTESIAN_POINT('',(35.8233,55.96,-4.6E-02));
#1504 = DIRECTION('',(0.,0.,-1.));
#1505 = DIRECTION('',(1.671865260612E-14,-1.,0.));
#1506 = DEFINITIONAL_REPRESENTATION('',(#1507),#1511);
#1507 = LINE('',#1508,#1509);
#1508 = CARTESIAN_POINT('',(0.,-4.6E-02));
#1509 = VECTOR('',#1510,1.);
#1510 = DIRECTION('',(1.,0.));
#1511 = ( GEOMETRIC_REPRESENTATION_CONTEXT(2) 
PARAMETRIC_REPRESENTATION_CONTEXT() REPRESENTATION_CONTEXT('2D SPACE',''
  ) );
#1512 = FACE_BOUND('',#1513,.F.);
#1513 = EDGE_LOOP('',(#1514));
#1514 = ORIENTED_EDGE('',*,*,#1515,.T.);
#1515 = EDGE_CURVE('',#1516,#1516,#1518,.T.);
#1516 = VERTEX_POINT('',#1517);
#1517 = CARTESIAN_POINT('',(44.9467,55.11,0.));
#1518 = SURFACE_CURVE('',#1519,(#1524,#1535),.PCURVE_S1.);
#1519 = CIRCLE('',#1520,0.85);
#1520 = AXIS2_PLACEMENT_3D('',#1521,#1522,#1523);
#1521 = CARTESIAN_POINT('',(44.9467,55.96,0.));
#1522 = DIRECTION('',(0.,-0.,-1.));
#1523 = DIRECTION('',(1.671865260612E-14,-1.,0.));
#1524 = PCURVE('',#204,#1525);
#1525 = DEFINITIONAL_REPRESENTATION('',(#1526),#1534);
#1526 = ( BOUNDED_CURVE() B_SPLINE_CURVE(2,(#1527,#1528,#1529,#1530,
#1531,#1532,#1533),.UNSPECIFIED.,.T.,.F.) B_SPLINE_CURVE_WITH_KNOTS((1,2
    ,2,2,2,1),(-2.094395102393,0.,2.094395102393,4.188790204786,
6.28318530718,8.377580409573),.UNSPECIFIED.) CURVE() 
GEOMETRIC_REPRESENTATION_ITEM() RATIONAL_B_SPLINE_CURVE((1.,0.5,1.,0.5,
1.,0.5,1.)) REPRESENTATION_ITEM('') );
#1527 = CARTESIAN_POINT('',(127.4467,-46.64));
#1528 = CARTESIAN_POINT('',(125.97445681356,-46.64));
#1529 = CARTESIAN_POINT('',(126.71057840678,-45.365));
#1530 = CARTESIAN_POINT('',(127.4467,-44.09));
#1531 = CARTESIAN_POINT('',(128.18282159321,-45.365));
#1532 = CARTESIAN_POINT('',(128.91894318643,-46.64));
#1533 = CARTESIAN_POINT('',(127.4467,-46.64));
#1534 = ( GEOMETRIC_REPRESENTATION_CONTEXT(2) 
PARAMETRIC_REPRESENTATION_CONTEXT() REPRESENTATION_CONTEXT('2D SPACE',''
  ) );
#1535 = PCURVE('',#1536,#1541);
#1536 = CYLINDRICAL_SURFACE('',#1537,0.85);
#1537 = AXIS2_PLACEMENT_3D('',#1538,#1539,#1540);
#1538 = CARTESIAN_POINT('',(44.9467,55.96,-4.6E-02));
#1539 = DIRECTION('',(0.,0.,-1.));
#1540 = DIRECTION('',(1.671865260612E-14,-1.,0.));
#1541 = DEFINITIONAL_REPRESENTATION('',(#1542),#1546);
#1542 = LINE('',#1543,#1544);
#1543 = CARTESIAN_POINT('',(0.,-4.6E-02));
#1544 = VECTOR('',#1545,1.);
#1545 = DIRECTION('',(1.,0.));
#1546 = ( GEOMETRIC_REPRESENTATION_CONTEXT(2) 
PARAMETRIC_REPRESENTATION_CONTEXT() REPRESENTATION_CONTEXT('2D SPACE',''
  ) );
#1547 = FACE_BOUND('',#1548,.F.);
#1548 = EDGE_LOOP('',(#1549));
#1549 = ORIENTED_EDGE('',*,*,#1550,.T.);
#1550 = EDGE_CURVE('',#1551,#1551,#1553,.T.);
#1551 = VERTEX_POINT('',#1552);
#1552 = CARTESIAN_POINT('',(26.9333,57.75,0.));
#1553 = SURFACE_CURVE('',#1554,(#1559,#1570),.PCURVE_S1.);
#1554 = CIRCLE('',#1555,0.75);
#1555 = AXIS2_PLACEMENT_3D('',#1556,#1557,#1558);
#1556 = CARTESIAN_POINT('',(26.9333,58.5,0.));
#1557 = DIRECTION('',(-0.,-0.,-1.));
#1558 = DIRECTION('',(0.,-1.,0.));
#1559 = PCURVE('',#204,#1560);
#1560 = DEFINITIONAL_REPRESENTATION('',(#1561),#1569);
#1561 = ( BOUNDED_CURVE() B_SPLINE_CURVE(2,(#1562,#1563,#1564,#1565,
#1566,#1567,#1568),.UNSPECIFIED.,.T.,.F.) B_SPLINE_CURVE_WITH_KNOTS((1,2
    ,2,2,2,1),(-2.094395102393,0.,2.094395102393,4.188790204786,
6.28318530718,8.377580409573),.UNSPECIFIED.) CURVE() 
GEOMETRIC_REPRESENTATION_ITEM() RATIONAL_B_SPLINE_CURVE((1.,0.5,1.,0.5,
1.,0.5,1.)) REPRESENTATION_ITEM('') );
#1562 = CARTESIAN_POINT('',(109.4333,-44.));
#1563 = CARTESIAN_POINT('',(108.13426189432,-44.));
#1564 = CARTESIAN_POINT('',(108.78378094716,-42.875));
#1565 = CARTESIAN_POINT('',(109.4333,-41.75));
#1566 = CARTESIAN_POINT('',(110.08281905283,-42.875));
#1567 = CARTESIAN_POINT('',(110.73233810567,-44.));
#1568 = CARTESIAN_POINT('',(109.4333,-44.));
#1569 = ( GEOMETRIC_REPRESENTATION_CONTEXT(2) 
PARAMETRIC_REPRESENTATION_CONTEXT() REPRESENTATION_CONTEXT('2D SPACE',''
  ) );
#1570 = PCURVE('',#1571,#1576);
#1571 = CYLINDRICAL_SURFACE('',#1572,0.75);
#1572 = AXIS2_PLACEMENT_3D('',#1573,#1574,#1575);
#1573 = CARTESIAN_POINT('',(26.9333,58.5,-4.6E-02));
#1574 = DIRECTION('',(-0.,-0.,-1.));
#1575 = DIRECTION('',(0.,-1.,0.));
#1576 = DEFINITIONAL_REPRESENTATION('',(#1577),#1581);
#1577 = LINE('',#1578,#1579);
#1578 = CARTESIAN_POINT('',(0.,-4.6E-02));
#1579 = VECTOR('',#1580,1.);
#1580 = DIRECTION('',(1.,0.));
#1581 = ( GEOMETRIC_REPRESENTATION_CONTEXT(2) 
PARAMETRIC_REPRESENTATION_CONTEXT() REPRESENTATION_CONTEXT('2D SPACE',''
  ) );
#1582 = FACE_BOUND('',#1583,.F.);
#1583 = EDGE_LOOP('',(#1584));
#1584 = ORIENTED_EDGE('',*,*,#1585,.T.);
#1585 = EDGE_CURVE('',#1586,#1586,#1588,.T.);
#1586 = VERTEX_POINT('',#1587);
#1587 = CARTESIAN_POINT('',(33.2833,60.29,0.));
#1588 = SURFACE_CURVE('',#1589,(#1594,#1605),.PCURVE_S1.);
#1589 = CIRCLE('',#1590,0.75);
#1590 = AXIS2_PLACEMENT_3D('',#1591,#1592,#1593);
#1591 = CARTESIAN_POINT('',(33.2833,61.04,0.));
#1592 = DIRECTION('',(-0.,-0.,-1.));
#1593 = DIRECTION('',(0.,-1.,0.));
#1594 = PCURVE('',#204,#1595);
#1595 = DEFINITIONAL_REPRESENTATION('',(#1596),#1604);
#1596 = ( BOUNDED_CURVE() B_SPLINE_CURVE(2,(#1597,#1598,#1599,#1600,
#1601,#1602,#1603),.UNSPECIFIED.,.T.,.F.) B_SPLINE_CURVE_WITH_KNOTS((1,2
    ,2,2,2,1),(-2.094395102393,0.,2.094395102393,4.188790204786,
6.28318530718,8.377580409573),.UNSPECIFIED.) CURVE() 
GEOMETRIC_REPRESENTATION_ITEM() RATIONAL_B_SPLINE_CURVE((1.,0.5,1.,0.5,
1.,0.5,1.)) REPRESENTATION_ITEM('') );
#1597 = CARTESIAN_POINT('',(115.7833,-41.46));
#1598 = CARTESIAN_POINT('',(114.48426189432,-41.46));
#1599 = CARTESIAN_POINT('',(115.13378094716,-40.335));
#1600 = CARTESIAN_POINT('',(115.7833,-39.21));
#1601 = CARTESIAN_POINT('',(116.43281905283,-40.335));
#1602 = CARTESIAN_POINT('',(117.08233810567,-41.46));
#1603 = CARTESIAN_POINT('',(115.7833,-41.46));
#1604 = ( GEOMETRIC_REPRESENTATION_CONTEXT(2) 
PARAMETRIC_REPRESENTATION_CONTEXT() REPRESENTATION_CONTEXT('2D SPACE',''
  ) );
#1605 = PCURVE('',#1606,#1611);
#1606 = CYLINDRICAL_SURFACE('',#1607,0.75);
#1607 = AXIS2_PLACEMENT_3D('',#1608,#1609,#1610);
#1608 = CARTESIAN_POINT('',(33.2833,61.04,-4.6E-02));
#1609 = DIRECTION('',(-0.,-0.,-1.));
#1610 = DIRECTION('',(0.,-1.,0.));
#1611 = DEFINITIONAL_REPRESENTATION('',(#1612),#1616);
#1612 = LINE('',#1613,#1614);
#1613 = CARTESIAN_POINT('',(0.,-4.6E-02));
#1614 = VECTOR('',#1615,1.);
#1615 = DIRECTION('',(1.,0.));
#1616 = ( GEOMETRIC_REPRESENTATION_CONTEXT(2) 
PARAMETRIC_REPRESENTATION_CONTEXT() REPRESENTATION_CONTEXT('2D SPACE',''
  ) );
#1617 = FACE_BOUND('',#1618,.F.);
#1618 = EDGE_LOOP('',(#1619));
#1619 = ORIENTED_EDGE('',*,*,#1620,.T.);
#1620 = EDGE_CURVE('',#1621,#1621,#1623,.T.);
#1621 = VERTEX_POINT('',#1622);
#1622 = CARTESIAN_POINT('',(46.2167,57.75,0.));
#1623 = SURFACE_CURVE('',#1624,(#1629,#1640),.PCURVE_S1.);
#1624 = CIRCLE('',#1625,0.75);
#1625 = AXIS2_PLACEMENT_3D('',#1626,#1627,#1628);
#1626 = CARTESIAN_POINT('',(46.2167,58.5,0.));
#1627 = DIRECTION('',(-0.,-0.,-1.));
#1628 = DIRECTION('',(0.,-1.,0.));
#1629 = PCURVE('',#204,#1630);
#1630 = DEFINITIONAL_REPRESENTATION('',(#1631),#1639);
#1631 = ( BOUNDED_CURVE() B_SPLINE_CURVE(2,(#1632,#1633,#1634,#1635,
#1636,#1637,#1638),.UNSPECIFIED.,.T.,.F.) B_SPLINE_CURVE_WITH_KNOTS((1,2
    ,2,2,2,1),(-2.094395102393,0.,2.094395102393,4.188790204786,
6.28318530718,8.377580409573),.UNSPECIFIED.) CURVE() 
GEOMETRIC_REPRESENTATION_ITEM() RATIONAL_B_SPLINE_CURVE((1.,0.5,1.,0.5,
1.,0.5,1.)) REPRESENTATION_ITEM('') );
#1632 = CARTESIAN_POINT('',(128.7167,-44.));
#1633 = CARTESIAN_POINT('',(127.41766189432,-44.));
#1634 = CARTESIAN_POINT('',(128.06718094716,-42.875));
#1635 = CARTESIAN_POINT('',(128.7167,-41.75));
#1636 = CARTESIAN_POINT('',(129.36621905283,-42.875));
#1637 = CARTESIAN_POINT('',(130.01573810567,-44.));
#1638 = CARTESIAN_POINT('',(128.7167,-44.));
#1639 = ( GEOMETRIC_REPRESENTATION_CONTEXT(2) 
PARAMETRIC_REPRESENTATION_CONTEXT() REPRESENTATION_CONTEXT('2D SPACE',''
  ) );
#1640 = PCURVE('',#1641,#1646);
#1641 = CYLINDRICAL_SURFACE('',#1642,0.75);
#1642 = AXIS2_PLACEMENT_3D('',#1643,#1644,#1645);
#1643 = CARTESIAN_POINT('',(46.2167,58.5,-4.6E-02));
#1644 = DIRECTION('',(-0.,-0.,-1.));
#1645 = DIRECTION('',(0.,-1.,0.));
#1646 = DEFINITIONAL_REPRESENTATION('',(#1647),#1651);
#1647 = LINE('',#1648,#1649);
#1648 = CARTESIAN_POINT('',(0.,-4.6E-02));
#1649 = VECTOR('',#1650,1.);
#1650 = DIRECTION('',(1.,0.));
#1651 = ( GEOMETRIC_REPRESENTATION_CONTEXT(2) 
PARAMETRIC_REPRESENTATION_CONTEXT() REPRESENTATION_CONTEXT('2D SPACE',''
  ) );
#1652 = FACE_BOUND('',#1653,.F.);
#1653 = EDGE_LOOP('',(#1654));
#1654 = ORIENTED_EDGE('',*,*,#1655,.T.);
#1655 = EDGE_CURVE('',#1656,#1656,#1658,.T.);
#1656 = VERTEX_POINT('',#1657);
#1657 = CARTESIAN_POINT('',(6.38,74.4,0.));
#1658 = SURFACE_CURVE('',#1659,(#1664,#1675),.PCURVE_S1.);
#1659 = CIRCLE('',#1660,0.85);
#1660 = AXIS2_PLACEMENT_3D('',#1661,#1662,#1663);
#1661 = CARTESIAN_POINT('',(6.38,75.25,0.));
#1662 = DIRECTION('',(-0.,-0.,-1.));
#1663 = DIRECTION('',(0.,-1.,0.));
#1664 = PCURVE('',#204,#1665);
#1665 = DEFINITIONAL_REPRESENTATION('',(#1666),#1674);
#1666 = ( BOUNDED_CURVE() B_SPLINE_CURVE(2,(#1667,#1668,#1669,#1670,
#1671,#1672,#1673),.UNSPECIFIED.,.T.,.F.) B_SPLINE_CURVE_WITH_KNOTS((1,2
    ,2,2,2,1),(-2.094395102393,0.,2.094395102393,4.188790204786,
6.28318530718,8.377580409573),.UNSPECIFIED.) CURVE() 
GEOMETRIC_REPRESENTATION_ITEM() RATIONAL_B_SPLINE_CURVE((1.,0.5,1.,0.5,
1.,0.5,1.)) REPRESENTATION_ITEM('') );
#1667 = CARTESIAN_POINT('',(88.88,-27.35));
#1668 = CARTESIAN_POINT('',(87.407756813566,-27.35));
#1669 = CARTESIAN_POINT('',(88.143878406783,-26.075));
#1670 = CARTESIAN_POINT('',(88.88,-24.8));
#1671 = CARTESIAN_POINT('',(89.616121593217,-26.075));
#1672 = CARTESIAN_POINT('',(90.352243186434,-27.35));
#1673 = CARTESIAN_POINT('',(88.88,-27.35));
#1674 = ( GEOMETRIC_REPRESENTATION_CONTEXT(2) 
PARAMETRIC_REPRESENTATION_CONTEXT() REPRESENTATION_CONTEXT('2D SPACE',''
  ) );
#1675 = PCURVE('',#1676,#1681);
#1676 = CYLINDRICAL_SURFACE('',#1677,0.85);
#1677 = AXIS2_PLACEMENT_3D('',#1678,#1679,#1680);
#1678 = CARTESIAN_POINT('',(6.38,75.25,-4.6E-02));
#1679 = DIRECTION('',(-0.,-0.,-1.));
#1680 = DIRECTION('',(0.,-1.,0.));
#1681 = DEFINITIONAL_REPRESENTATION('',(#1682),#1686);
#1682 = LINE('',#1683,#1684);
#1683 = CARTESIAN_POINT('',(0.,-4.6E-02));
#1684 = VECTOR('',#1685,1.);
#1685 = DIRECTION('',(1.,0.));
#1686 = ( GEOMETRIC_REPRESENTATION_CONTEXT(2) 
PARAMETRIC_REPRESENTATION_CONTEXT() REPRESENTATION_CONTEXT('2D SPACE',''
  ) );
#1687 = FACE_BOUND('',#1688,.F.);
#1688 = EDGE_LOOP('',(#1689));
#1689 = ORIENTED_EDGE('',*,*,#1690,.T.);
#1690 = EDGE_CURVE('',#1691,#1691,#1693,.T.);
#1691 = VERTEX_POINT('',#1692);
#1692 = CARTESIAN_POINT('',(11.46,73.25,0.));
#1693 = SURFACE_CURVE('',#1694,(#1699,#1710),.PCURVE_S1.);
#1694 = CIRCLE('',#1695,2.);
#1695 = AXIS2_PLACEMENT_3D('',#1696,#1697,#1698);
#1696 = CARTESIAN_POINT('',(11.46,75.25,0.));
#1697 = DIRECTION('',(-0.,-0.,-1.));
#1698 = DIRECTION('',(0.,-1.,0.));
#1699 = PCURVE('',#204,#1700);
#1700 = DEFINITIONAL_REPRESENTATION('',(#1701),#1709);
#1701 = ( BOUNDED_CURVE() B_SPLINE_CURVE(2,(#1702,#1703,#1704,#1705,
#1706,#1707,#1708),.UNSPECIFIED.,.T.,.F.) B_SPLINE_CURVE_WITH_KNOTS((1,2
    ,2,2,2,1),(-2.094395102393,0.,2.094395102393,4.188790204786,
6.28318530718,8.377580409573),.UNSPECIFIED.) CURVE() 
GEOMETRIC_REPRESENTATION_ITEM() RATIONAL_B_SPLINE_CURVE((1.,0.5,1.,0.5,
1.,0.5,1.)) REPRESENTATION_ITEM('') );
#1702 = CARTESIAN_POINT('',(93.96,-28.5));
#1703 = CARTESIAN_POINT('',(90.495898384862,-28.5));
#1704 = CARTESIAN_POINT('',(92.227949192431,-25.5));
#1705 = CARTESIAN_POINT('',(93.96,-22.5));
#1706 = CARTESIAN_POINT('',(95.692050807569,-25.5));
#1707 = CARTESIAN_POINT('',(97.424101615138,-28.5));
#1708 = CARTESIAN_POINT('',(93.96,-28.5));
#1709 = ( GEOMETRIC_REPRESENTATION_CONTEXT(2) 
PARAMETRIC_REPRESENTATION_CONTEXT() REPRESENTATION_CONTEXT('2D SPACE',''
  ) );
#1710 = PCURVE('',#1711,#1716);
#1711 = CYLINDRICAL_SURFACE('',#1712,2.);
#1712 = AXIS2_PLACEMENT_3D('',#1713,#1714,#1715);
#1713 = CARTESIAN_POINT('',(11.46,75.25,-4.6E-02));
#1714 = DIRECTION('',(-0.,-0.,-1.));
#1715 = DIRECTION('',(0.,-1.,0.));
#1716 = DEFINITIONAL_REPRESENTATION('',(#1717),#1721);
#1717 = LINE('',#1718,#1719);
#1718 = CARTESIAN_POINT('',(0.,-4.6E-02));
#1719 = VECTOR('',#1720,1.);
#1720 = DIRECTION('',(1.,0.));
#1721 = ( GEOMETRIC_REPRESENTATION_CONTEXT(2) 
PARAMETRIC_REPRESENTATION_CONTEXT() REPRESENTATION_CONTEXT('2D SPACE',''
  ) );
#1722 = FACE_BOUND('',#1723,.F.);
#1723 = EDGE_LOOP('',(#1724));
#1724 = ORIENTED_EDGE('',*,*,#1725,.T.);
#1725 = EDGE_CURVE('',#1726,#1726,#1728,.T.);
#1726 = VERTEX_POINT('',#1727);
#1727 = CARTESIAN_POINT('',(7.65,77.04,0.));
#1728 = SURFACE_CURVE('',#1729,(#1734,#1745),.PCURVE_S1.);
#1729 = CIRCLE('',#1730,0.75);
#1730 = AXIS2_PLACEMENT_3D('',#1731,#1732,#1733);
#1731 = CARTESIAN_POINT('',(7.65,77.79,0.));
#1732 = DIRECTION('',(-0.,-0.,-1.));
#1733 = DIRECTION('',(0.,-1.,0.));
#1734 = PCURVE('',#204,#1735);
#1735 = DEFINITIONAL_REPRESENTATION('',(#1736),#1744);
#1736 = ( BOUNDED_CURVE() B_SPLINE_CURVE(2,(#1737,#1738,#1739,#1740,
#1741,#1742,#1743),.UNSPECIFIED.,.T.,.F.) B_SPLINE_CURVE_WITH_KNOTS((1,2
    ,2,2,2,1),(-2.094395102393,0.,2.094395102393,4.188790204786,
6.28318530718,8.377580409573),.UNSPECIFIED.) CURVE() 
GEOMETRIC_REPRESENTATION_ITEM() RATIONAL_B_SPLINE_CURVE((1.,0.5,1.,0.5,
1.,0.5,1.)) REPRESENTATION_ITEM('') );
#1737 = CARTESIAN_POINT('',(90.15,-24.71));
#1738 = CARTESIAN_POINT('',(88.850961894323,-24.71));
#1739 = CARTESIAN_POINT('',(89.500480947162,-23.585));
#1740 = CARTESIAN_POINT('',(90.15,-22.46));
#1741 = CARTESIAN_POINT('',(90.799519052838,-23.585));
#1742 = CARTESIAN_POINT('',(91.449038105677,-24.71));
#1743 = CARTESIAN_POINT('',(90.15,-24.71));
#1744 = ( GEOMETRIC_REPRESENTATION_CONTEXT(2) 
PARAMETRIC_REPRESENTATION_CONTEXT() REPRESENTATION_CONTEXT('2D SPACE',''
  ) );
#1745 = PCURVE('',#1746,#1751);
#1746 = CYLINDRICAL_SURFACE('',#1747,0.75);
#1747 = AXIS2_PLACEMENT_3D('',#1748,#1749,#1750);
#1748 = CARTESIAN_POINT('',(7.65,77.79,-4.6E-02));
#1749 = DIRECTION('',(-0.,-0.,-1.));
#1750 = DIRECTION('',(0.,-1.,0.));
#1751 = DEFINITIONAL_REPRESENTATION('',(#1752),#1756);
#1752 = LINE('',#1753,#1754);
#1753 = CARTESIAN_POINT('',(0.,-4.6E-02));
#1754 = VECTOR('',#1755,1.);
#1755 = DIRECTION('',(1.,0.));
#1756 = ( GEOMETRIC_REPRESENTATION_CONTEXT(2) 
PARAMETRIC_REPRESENTATION_CONTEXT() REPRESENTATION_CONTEXT('2D SPACE',''
  ) );
#1757 = FACE_BOUND('',#1758,.F.);
#1758 = EDGE_LOOP('',(#1759));
#1759 = ORIENTED_EDGE('',*,*,#1760,.T.);
#1760 = EDGE_CURVE('',#1761,#1761,#1763,.T.);
#1761 = VERTEX_POINT('',#1762);
#1762 = CARTESIAN_POINT('',(16.54,74.4,0.));
#1763 = SURFACE_CURVE('',#1764,(#1769,#1780),.PCURVE_S1.);
#1764 = CIRCLE('',#1765,0.85);
#1765 = AXIS2_PLACEMENT_3D('',#1766,#1767,#1768);
#1766 = CARTESIAN_POINT('',(16.54,75.25,0.));
#1767 = DIRECTION('',(0.,-0.,-1.));
#1768 = DIRECTION('',(1.671865260612E-14,-1.,0.));
#1769 = PCURVE('',#204,#1770);
#1770 = DEFINITIONAL_REPRESENTATION('',(#1771),#1779);
#1771 = ( BOUNDED_CURVE() B_SPLINE_CURVE(2,(#1772,#1773,#1774,#1775,
#1776,#1777,#1778),.UNSPECIFIED.,.T.,.F.) B_SPLINE_CURVE_WITH_KNOTS((1,2
    ,2,2,2,1),(-2.094395102393,0.,2.094395102393,4.188790204786,
6.28318530718,8.377580409573),.UNSPECIFIED.) CURVE() 
GEOMETRIC_REPRESENTATION_ITEM() RATIONAL_B_SPLINE_CURVE((1.,0.5,1.,0.5,
1.,0.5,1.)) REPRESENTATION_ITEM('') );
#1772 = CARTESIAN_POINT('',(99.04,-27.35));
#1773 = CARTESIAN_POINT('',(97.567756813566,-27.35));
#1774 = CARTESIAN_POINT('',(98.303878406783,-26.075));
#1775 = CARTESIAN_POINT('',(99.04,-24.8));
#1776 = CARTESIAN_POINT('',(99.776121593217,-26.075));
#1777 = CARTESIAN_POINT('',(100.51224318643,-27.35));
#1778 = CARTESIAN_POINT('',(99.04,-27.35));
#1779 = ( GEOMETRIC_REPRESENTATION_CONTEXT(2) 
PARAMETRIC_REPRESENTATION_CONTEXT() REPRESENTATION_CONTEXT('2D SPACE',''
  ) );
#1780 = PCURVE('',#1781,#1786);
#1781 = CYLINDRICAL_SURFACE('',#1782,0.85);
#1782 = AXIS2_PLACEMENT_3D('',#1783,#1784,#1785);
#1783 = CARTESIAN_POINT('',(16.54,75.25,-4.6E-02));
#1784 = DIRECTION('',(0.,0.,-1.));
#1785 = DIRECTION('',(1.671865260612E-14,-1.,0.));
#1786 = DEFINITIONAL_REPRESENTATION('',(#1787),#1791);
#1787 = LINE('',#1788,#1789);
#1788 = CARTESIAN_POINT('',(0.,-4.6E-02));
#1789 = VECTOR('',#1790,1.);
#1790 = DIRECTION('',(1.,0.));
#1791 = ( GEOMETRIC_REPRESENTATION_CONTEXT(2) 
PARAMETRIC_REPRESENTATION_CONTEXT() REPRESENTATION_CONTEXT('2D SPACE',''
  ) );
#1792 = FACE_BOUND('',#1793,.F.);
#1793 = EDGE_LOOP('',(#1794));
#1794 = ORIENTED_EDGE('',*,*,#1795,.T.);
#1795 = EDGE_CURVE('',#1796,#1796,#1798,.T.);
#1796 = VERTEX_POINT('',#1797);
#1797 = CARTESIAN_POINT('',(2.75,87.7,0.));
#1798 = SURFACE_CURVE('',#1799,(#1804,#1815),.PCURVE_S1.);
#1799 = CIRCLE('',#1800,1.05);
#1800 = AXIS2_PLACEMENT_3D('',#1801,#1802,#1803);
#1801 = CARTESIAN_POINT('',(2.75,88.75,0.));
#1802 = DIRECTION('',(-0.,-0.,-1.));
#1803 = DIRECTION('',(0.,-1.,0.));
#1804 = PCURVE('',#204,#1805);
#1805 = DEFINITIONAL_REPRESENTATION('',(#1806),#1814);
#1806 = ( BOUNDED_CURVE() B_SPLINE_CURVE(2,(#1807,#1808,#1809,#1810,
#1811,#1812,#1813),.UNSPECIFIED.,.T.,.F.) B_SPLINE_CURVE_WITH_KNOTS((1,2
    ,2,2,2,1),(-2.094395102393,0.,2.094395102393,4.188790204786,
6.28318530718,8.377580409573),.UNSPECIFIED.) CURVE() 
GEOMETRIC_REPRESENTATION_ITEM() RATIONAL_B_SPLINE_CURVE((1.,0.5,1.,0.5,
1.,0.5,1.)) REPRESENTATION_ITEM('') );
#1807 = CARTESIAN_POINT('',(85.25,-14.05));
#1808 = CARTESIAN_POINT('',(83.431346652053,-14.05));
#1809 = CARTESIAN_POINT('',(84.340673326026,-12.475));
#1810 = CARTESIAN_POINT('',(85.25,-10.9));
#1811 = CARTESIAN_POINT('',(86.159326673974,-12.475));
#1812 = CARTESIAN_POINT('',(87.068653347947,-14.05));
#1813 = CARTESIAN_POINT('',(85.25,-14.05));
#1814 = ( GEOMETRIC_REPRESENTATION_CONTEXT(2) 
PARAMETRIC_REPRESENTATION_CONTEXT() REPRESENTATION_CONTEXT('2D SPACE',''
  ) );
#1815 = PCURVE('',#1816,#1821);
#1816 = CYLINDRICAL_SURFACE('',#1817,1.05);
#1817 = AXIS2_PLACEMENT_3D('',#1818,#1819,#1820);
#1818 = CARTESIAN_POINT('',(2.75,88.75,-4.6E-02));
#1819 = DIRECTION('',(-0.,-0.,-1.));
#1820 = DIRECTION('',(0.,-1.,0.));
#1821 = DEFINITIONAL_REPRESENTATION('',(#1822),#1826);
#1822 = LINE('',#1823,#1824);
#1823 = CARTESIAN_POINT('',(0.,-4.6E-02));
#1824 = VECTOR('',#1825,1.);
#1825 = DIRECTION('',(1.,0.));
#1826 = ( GEOMETRIC_REPRESENTATION_CONTEXT(2) 
PARAMETRIC_REPRESENTATION_CONTEXT() REPRESENTATION_CONTEXT('2D SPACE',''
  ) );
#1827 = FACE_BOUND('',#1828,.F.);
#1828 = EDGE_LOOP('',(#1829));
#1829 = ORIENTED_EDGE('',*,*,#1830,.T.);
#1830 = EDGE_CURVE('',#1831,#1831,#1833,.T.);
#1831 = VERTEX_POINT('',#1832);
#1832 = CARTESIAN_POINT('',(9.,88.25,0.));
#1833 = SURFACE_CURVE('',#1834,(#1839,#1850),.PCURVE_S1.);
#1834 = CIRCLE('',#1835,0.5);
#1835 = AXIS2_PLACEMENT_3D('',#1836,#1837,#1838);
#1836 = CARTESIAN_POINT('',(9.,88.75,0.));
#1837 = DIRECTION('',(-0.,-0.,-1.));
#1838 = DIRECTION('',(0.,-1.,0.));
#1839 = PCURVE('',#204,#1840);
#1840 = DEFINITIONAL_REPRESENTATION('',(#1841),#1849);
#1841 = ( BOUNDED_CURVE() B_SPLINE_CURVE(2,(#1842,#1843,#1844,#1845,
#1846,#1847,#1848),.UNSPECIFIED.,.T.,.F.) B_SPLINE_CURVE_WITH_KNOTS((1,2
    ,2,2,2,1),(-2.094395102393,0.,2.094395102393,4.188790204786,
6.28318530718,8.377580409573),.UNSPECIFIED.) CURVE() 
GEOMETRIC_REPRESENTATION_ITEM() RATIONAL_B_SPLINE_CURVE((1.,0.5,1.,0.5,
1.,0.5,1.)) REPRESENTATION_ITEM('') );
#1842 = CARTESIAN_POINT('',(91.5,-13.5));
#1843 = CARTESIAN_POINT('',(90.633974596216,-13.5));
#1844 = CARTESIAN_POINT('',(91.066987298108,-12.75));
#1845 = CARTESIAN_POINT('',(91.5,-12.));
#1846 = CARTESIAN_POINT('',(91.933012701892,-12.75));
#1847 = CARTESIAN_POINT('',(92.366025403784,-13.5));
#1848 = CARTESIAN_POINT('',(91.5,-13.5));
#1849 = ( GEOMETRIC_REPRESENTATION_CONTEXT(2) 
PARAMETRIC_REPRESENTATION_CONTEXT() REPRESENTATION_CONTEXT('2D SPACE',''
  ) );
#1850 = PCURVE('',#1851,#1856);
#1851 = CYLINDRICAL_SURFACE('',#1852,0.5);
#1852 = AXIS2_PLACEMENT_3D('',#1853,#1854,#1855);
#1853 = CARTESIAN_POINT('',(9.,88.75,-4.6E-02));
#1854 = DIRECTION('',(-0.,-0.,-1.));
#1855 = DIRECTION('',(0.,-1.,0.));
#1856 = DEFINITIONAL_REPRESENTATION('',(#1857),#1861);
#1857 = LINE('',#1858,#1859);
#1858 = CARTESIAN_POINT('',(0.,-4.6E-02));
#1859 = VECTOR('',#1860,1.);
#1860 = DIRECTION('',(1.,0.));
#1861 = ( GEOMETRIC_REPRESENTATION_CONTEXT(2) 
PARAMETRIC_REPRESENTATION_CONTEXT() REPRESENTATION_CONTEXT('2D SPACE',''
  ) );
#1862 = FACE_BOUND('',#1863,.F.);
#1863 = EDGE_LOOP('',(#1864));
#1864 = ORIENTED_EDGE('',*,*,#1865,.T.);
#1865 = EDGE_CURVE('',#1866,#1866,#1868,.T.);
#1866 = VERTEX_POINT('',#1867);
#1867 = CARTESIAN_POINT('',(11.54,88.25,0.));
#1868 = SURFACE_CURVE('',#1869,(#1874,#1885),.PCURVE_S1.);
#1869 = CIRCLE('',#1870,0.5);
#1870 = AXIS2_PLACEMENT_3D('',#1871,#1872,#1873);
#1871 = CARTESIAN_POINT('',(11.54,88.75,0.));
#1872 = DIRECTION('',(-0.,-0.,-1.));
#1873 = DIRECTION('',(0.,-1.,0.));
#1874 = PCURVE('',#204,#1875);
#1875 = DEFINITIONAL_REPRESENTATION('',(#1876),#1884);
#1876 = ( BOUNDED_CURVE() B_SPLINE_CURVE(2,(#1877,#1878,#1879,#1880,
#1881,#1882,#1883),.UNSPECIFIED.,.T.,.F.) B_SPLINE_CURVE_WITH_KNOTS((1,2
    ,2,2,2,1),(-2.094395102393,0.,2.094395102393,4.188790204786,
6.28318530718,8.377580409573),.UNSPECIFIED.) CURVE() 
GEOMETRIC_REPRESENTATION_ITEM() RATIONAL_B_SPLINE_CURVE((1.,0.5,1.,0.5,
1.,0.5,1.)) REPRESENTATION_ITEM('') );
#1877 = CARTESIAN_POINT('',(94.04,-13.5));
#1878 = CARTESIAN_POINT('',(93.173974596216,-13.5));
#1879 = CARTESIAN_POINT('',(93.606987298108,-12.75));
#1880 = CARTESIAN_POINT('',(94.04,-12.));
#1881 = CARTESIAN_POINT('',(94.473012701892,-12.75));
#1882 = CARTESIAN_POINT('',(94.906025403784,-13.5));
#1883 = CARTESIAN_POINT('',(94.04,-13.5));
#1884 = ( GEOMETRIC_REPRESENTATION_CONTEXT(2) 
PARAMETRIC_REPRESENTATION_CONTEXT() REPRESENTATION_CONTEXT('2D SPACE',''
  ) );
#1885 = PCURVE('',#1886,#1891);
#1886 = CYLINDRICAL_SURFACE('',#1887,0.5);
#1887 = AXIS2_PLACEMENT_3D('',#1888,#1889,#1890);
#1888 = CARTESIAN_POINT('',(11.54,88.75,-4.6E-02));
#1889 = DIRECTION('',(-0.,-0.,-1.));
#1890 = DIRECTION('',(0.,-1.,0.));
#1891 = DEFINITIONAL_REPRESENTATION('',(#1892),#1896);
#1892 = LINE('',#1893,#1894);
#1893 = CARTESIAN_POINT('',(0.,-4.6E-02));
#1894 = VECTOR('',#1895,1.);
#1895 = DIRECTION('',(1.,0.));
#1896 = ( GEOMETRIC_REPRESENTATION_CONTEXT(2) 
PARAMETRIC_REPRESENTATION_CONTEXT() REPRESENTATION_CONTEXT('2D SPACE',''
  ) );
#1897 = FACE_BOUND('',#1898,.F.);
#1898 = EDGE_LOOP('',(#1899));
#1899 = ORIENTED_EDGE('',*,*,#1900,.T.);
#1900 = EDGE_CURVE('',#1901,#1901,#1903,.T.);
#1901 = VERTEX_POINT('',#1902);
#1902 = CARTESIAN_POINT('',(14.,79.58,0.));
#1903 = SURFACE_CURVE('',#1904,(#1909,#1920),.PCURVE_S1.);
#1904 = CIRCLE('',#1905,0.75);
#1905 = AXIS2_PLACEMENT_3D('',#1906,#1907,#1908);
#1906 = CARTESIAN_POINT('',(14.,80.33,0.));
#1907 = DIRECTION('',(-0.,-0.,-1.));
#1908 = DIRECTION('',(0.,-1.,0.));
#1909 = PCURVE('',#204,#1910);
#1910 = DEFINITIONAL_REPRESENTATION('',(#1911),#1919);
#1911 = ( BOUNDED_CURVE() B_SPLINE_CURVE(2,(#1912,#1913,#1914,#1915,
#1916,#1917,#1918),.UNSPECIFIED.,.T.,.F.) B_SPLINE_CURVE_WITH_KNOTS((1,2
    ,2,2,2,1),(-2.094395102393,0.,2.094395102393,4.188790204786,
6.28318530718,8.377580409573),.UNSPECIFIED.) CURVE() 
GEOMETRIC_REPRESENTATION_ITEM() RATIONAL_B_SPLINE_CURVE((1.,0.5,1.,0.5,
1.,0.5,1.)) REPRESENTATION_ITEM('') );
#1912 = CARTESIAN_POINT('',(96.5,-22.17));
#1913 = CARTESIAN_POINT('',(95.200961894323,-22.17));
#1914 = CARTESIAN_POINT('',(95.850480947162,-21.045));
#1915 = CARTESIAN_POINT('',(96.5,-19.92));
#1916 = CARTESIAN_POINT('',(97.149519052838,-21.045));
#1917 = CARTESIAN_POINT('',(97.799038105677,-22.17));
#1918 = CARTESIAN_POINT('',(96.5,-22.17));
#1919 = ( GEOMETRIC_REPRESENTATION_CONTEXT(2) 
PARAMETRIC_REPRESENTATION_CONTEXT() REPRESENTATION_CONTEXT('2D SPACE',''
  ) );
#1920 = PCURVE('',#1921,#1926);
#1921 = CYLINDRICAL_SURFACE('',#1922,0.75);
#1922 = AXIS2_PLACEMENT_3D('',#1923,#1924,#1925);
#1923 = CARTESIAN_POINT('',(14.,80.33,-4.6E-02));
#1924 = DIRECTION('',(-0.,-0.,-1.));
#1925 = DIRECTION('',(0.,-1.,0.));
#1926 = DEFINITIONAL_REPRESENTATION('',(#1927),#1931);
#1927 = LINE('',#1928,#1929);
#1928 = CARTESIAN_POINT('',(0.,-4.6E-02));
#1929 = VECTOR('',#1930,1.);
#1930 = DIRECTION('',(1.,0.));
#1931 = ( GEOMETRIC_REPRESENTATION_CONTEXT(2) 
PARAMETRIC_REPRESENTATION_CONTEXT() REPRESENTATION_CONTEXT('2D SPACE',''
  ) );
#1932 = FACE_BOUND('',#1933,.F.);
#1933 = EDGE_LOOP('',(#1934));
#1934 = ORIENTED_EDGE('',*,*,#1935,.T.);
#1935 = EDGE_CURVE('',#1936,#1936,#1938,.T.);
#1936 = VERTEX_POINT('',#1937);
#1937 = CARTESIAN_POINT('',(14.08,88.25,0.));
#1938 = SURFACE_CURVE('',#1939,(#1944,#1955),.PCURVE_S1.);
#1939 = CIRCLE('',#1940,0.5);
#1940 = AXIS2_PLACEMENT_3D('',#1941,#1942,#1943);
#1941 = CARTESIAN_POINT('',(14.08,88.75,0.));
#1942 = DIRECTION('',(-0.,-0.,-1.));
#1943 = DIRECTION('',(0.,-1.,0.));
#1944 = PCURVE('',#204,#1945);
#1945 = DEFINITIONAL_REPRESENTATION('',(#1946),#1954);
#1946 = ( BOUNDED_CURVE() B_SPLINE_CURVE(2,(#1947,#1948,#1949,#1950,
#1951,#1952,#1953),.UNSPECIFIED.,.T.,.F.) B_SPLINE_CURVE_WITH_KNOTS((1,2
    ,2,2,2,1),(-2.094395102393,0.,2.094395102393,4.188790204786,
6.28318530718,8.377580409573),.UNSPECIFIED.) CURVE() 
GEOMETRIC_REPRESENTATION_ITEM() RATIONAL_B_SPLINE_CURVE((1.,0.5,1.,0.5,
1.,0.5,1.)) REPRESENTATION_ITEM('') );
#1947 = CARTESIAN_POINT('',(96.58,-13.5));
#1948 = CARTESIAN_POINT('',(95.713974596216,-13.5));
#1949 = CARTESIAN_POINT('',(96.146987298108,-12.75));
#1950 = CARTESIAN_POINT('',(96.58,-12.));
#1951 = CARTESIAN_POINT('',(97.013012701892,-12.75));
#1952 = CARTESIAN_POINT('',(97.446025403784,-13.5));
#1953 = CARTESIAN_POINT('',(96.58,-13.5));
#1954 = ( GEOMETRIC_REPRESENTATION_CONTEXT(2) 
PARAMETRIC_REPRESENTATION_CONTEXT() REPRESENTATION_CONTEXT('2D SPACE',''
  ) );
#1955 = PCURVE('',#1956,#1961);
#1956 = CYLINDRICAL_SURFACE('',#1957,0.5);
#1957 = AXIS2_PLACEMENT_3D('',#1958,#1959,#1960);
#1958 = CARTESIAN_POINT('',(14.08,88.75,-4.6E-02));
#1959 = DIRECTION('',(-0.,-0.,-1.));
#1960 = DIRECTION('',(0.,-1.,0.));
#1961 = DEFINITIONAL_REPRESENTATION('',(#1962),#1966);
#1962 = LINE('',#1963,#1964);
#1963 = CARTESIAN_POINT('',(0.,-4.6E-02));
#1964 = VECTOR('',#1965,1.);
#1965 = DIRECTION('',(1.,0.));
#1966 = ( GEOMETRIC_REPRESENTATION_CONTEXT(2) 
PARAMETRIC_REPRESENTATION_CONTEXT() REPRESENTATION_CONTEXT('2D SPACE',''
  ) );
#1967 = FACE_BOUND('',#1968,.F.);
#1968 = EDGE_LOOP('',(#1969));
#1969 = ORIENTED_EDGE('',*,*,#1970,.T.);
#1970 = EDGE_CURVE('',#1971,#1971,#1973,.T.);
#1971 = VERTEX_POINT('',#1972);
#1972 = CARTESIAN_POINT('',(16.62,88.25,0.));
#1973 = SURFACE_CURVE('',#1974,(#1979,#1990),.PCURVE_S1.);
#1974 = CIRCLE('',#1975,0.5);
#1975 = AXIS2_PLACEMENT_3D('',#1976,#1977,#1978);
#1976 = CARTESIAN_POINT('',(16.62,88.75,0.));
#1977 = DIRECTION('',(-0.,-0.,-1.));
#1978 = DIRECTION('',(0.,-1.,0.));
#1979 = PCURVE('',#204,#1980);
#1980 = DEFINITIONAL_REPRESENTATION('',(#1981),#1989);
#1981 = ( BOUNDED_CURVE() B_SPLINE_CURVE(2,(#1982,#1983,#1984,#1985,
#1986,#1987,#1988),.UNSPECIFIED.,.T.,.F.) B_SPLINE_CURVE_WITH_KNOTS((1,2
    ,2,2,2,1),(-2.094395102393,0.,2.094395102393,4.188790204786,
6.28318530718,8.377580409573),.UNSPECIFIED.) CURVE() 
GEOMETRIC_REPRESENTATION_ITEM() RATIONAL_B_SPLINE_CURVE((1.,0.5,1.,0.5,
1.,0.5,1.)) REPRESENTATION_ITEM('') );
#1982 = CARTESIAN_POINT('',(99.12,-13.5));
#1983 = CARTESIAN_POINT('',(98.253974596216,-13.5));
#1984 = CARTESIAN_POINT('',(98.686987298108,-12.75));
#1985 = CARTESIAN_POINT('',(99.12,-12.));
#1986 = CARTESIAN_POINT('',(99.553012701892,-12.75));
#1987 = CARTESIAN_POINT('',(99.986025403784,-13.5));
#1988 = CARTESIAN_POINT('',(99.12,-13.5));
#1989 = ( GEOMETRIC_REPRESENTATION_CONTEXT(2) 
PARAMETRIC_REPRESENTATION_CONTEXT() REPRESENTATION_CONTEXT('2D SPACE',''
  ) );
#1990 = PCURVE('',#1991,#1996);
#1991 = CYLINDRICAL_SURFACE('',#1992,0.5);
#1992 = AXIS2_PLACEMENT_3D('',#1993,#1994,#1995);
#1993 = CARTESIAN_POINT('',(16.62,88.75,-4.6E-02));
#1994 = DIRECTION('',(-0.,-0.,-1.));
#1995 = DIRECTION('',(0.,-1.,0.));
#1996 = DEFINITIONAL_REPRESENTATION('',(#1997),#2001);
#1997 = LINE('',#1998,#1999);
#1998 = CARTESIAN_POINT('',(0.,-4.6E-02));
#1999 = VECTOR('',#2000,1.);
#2000 = DIRECTION('',(1.,0.));
#2001 = ( GEOMETRIC_REPRESENTATION_CONTEXT(2) 
PARAMETRIC_REPRESENTATION_CONTEXT() REPRESENTATION_CONTEXT('2D SPACE',''
  ) );
#2002 = FACE_BOUND('',#2003,.F.);
#2003 = EDGE_LOOP('',(#2004));
#2004 = ORIENTED_EDGE('',*,*,#2005,.T.);
#2005 = EDGE_CURVE('',#2006,#2006,#2008,.T.);
#2006 = VERTEX_POINT('',#2007);
#2007 = CARTESIAN_POINT('',(19.16,88.25,0.));
#2008 = SURFACE_CURVE('',#2009,(#2014,#2025),.PCURVE_S1.);
#2009 = CIRCLE('',#2010,0.5);
#2010 = AXIS2_PLACEMENT_3D('',#2011,#2012,#2013);
#2011 = CARTESIAN_POINT('',(19.16,88.75,0.));
#2012 = DIRECTION('',(-0.,-0.,-1.));
#2013 = DIRECTION('',(0.,-1.,0.));
#2014 = PCURVE('',#204,#2015);
#2015 = DEFINITIONAL_REPRESENTATION('',(#2016),#2024);
#2016 = ( BOUNDED_CURVE() B_SPLINE_CURVE(2,(#2017,#2018,#2019,#2020,
#2021,#2022,#2023),.UNSPECIFIED.,.T.,.F.) B_SPLINE_CURVE_WITH_KNOTS((1,2
    ,2,2,2,1),(-2.094395102393,0.,2.094395102393,4.188790204786,
6.28318530718,8.377580409573),.UNSPECIFIED.) CURVE() 
GEOMETRIC_REPRESENTATION_ITEM() RATIONAL_B_SPLINE_CURVE((1.,0.5,1.,0.5,
1.,0.5,1.)) REPRESENTATION_ITEM('') );
#2017 = CARTESIAN_POINT('',(101.66,-13.5));
#2018 = CARTESIAN_POINT('',(100.79397459621,-13.5));
#2019 = CARTESIAN_POINT('',(101.2269872981,-12.75));
#2020 = CARTESIAN_POINT('',(101.66,-12.));
#2021 = CARTESIAN_POINT('',(102.09301270189,-12.75));
#2022 = CARTESIAN_POINT('',(102.52602540378,-13.5));
#2023 = CARTESIAN_POINT('',(101.66,-13.5));
#2024 = ( GEOMETRIC_REPRESENTATION_CONTEXT(2) 
PARAMETRIC_REPRESENTATION_CONTEXT() REPRESENTATION_CONTEXT('2D SPACE',''
  ) );
#2025 = PCURVE('',#2026,#2031);
#2026 = CYLINDRICAL_SURFACE('',#2027,0.5);
#2027 = AXIS2_PLACEMENT_3D('',#2028,#2029,#2030);
#2028 = CARTESIAN_POINT('',(19.16,88.75,-4.6E-02));
#2029 = DIRECTION('',(-0.,-0.,-1.));
#2030 = DIRECTION('',(0.,-1.,0.));
#2031 = DEFINITIONAL_REPRESENTATION('',(#2032),#2036);
#2032 = LINE('',#2033,#2034);
#2033 = CARTESIAN_POINT('',(0.,-4.6E-02));
#2034 = VECTOR('',#2035,1.);
#2035 = DIRECTION('',(1.,0.));
#2036 = ( GEOMETRIC_REPRESENTATION_CONTEXT(2) 
PARAMETRIC_REPRESENTATION_CONTEXT() REPRESENTATION_CONTEXT('2D SPACE',''
  ) );
#2037 = FACE_BOUND('',#2038,.F.);
#2038 = EDGE_LOOP('',(#2039));
#2039 = ORIENTED_EDGE('',*,*,#2040,.T.);
#2040 = EDGE_CURVE('',#2041,#2041,#2043,.T.);
#2041 = VERTEX_POINT('',#2042);
#2042 = CARTESIAN_POINT('',(21.7,88.25,0.));
#2043 = SURFACE_CURVE('',#2044,(#2049,#2060),.PCURVE_S1.);
#2044 = CIRCLE('',#2045,0.5);
#2045 = AXIS2_PLACEMENT_3D('',#2046,#2047,#2048);
#2046 = CARTESIAN_POINT('',(21.7,88.75,0.));
#2047 = DIRECTION('',(-0.,-0.,-1.));
#2048 = DIRECTION('',(0.,-1.,0.));
#2049 = PCURVE('',#204,#2050);
#2050 = DEFINITIONAL_REPRESENTATION('',(#2051),#2059);
#2051 = ( BOUNDED_CURVE() B_SPLINE_CURVE(2,(#2052,#2053,#2054,#2055,
#2056,#2057,#2058),.UNSPECIFIED.,.T.,.F.) B_SPLINE_CURVE_WITH_KNOTS((1,2
    ,2,2,2,1),(-2.094395102393,0.,2.094395102393,4.188790204786,
6.28318530718,8.377580409573),.UNSPECIFIED.) CURVE() 
GEOMETRIC_REPRESENTATION_ITEM() RATIONAL_B_SPLINE_CURVE((1.,0.5,1.,0.5,
1.,0.5,1.)) REPRESENTATION_ITEM('') );
#2052 = CARTESIAN_POINT('',(104.2,-13.5));
#2053 = CARTESIAN_POINT('',(103.33397459621,-13.5));
#2054 = CARTESIAN_POINT('',(103.7669872981,-12.75));
#2055 = CARTESIAN_POINT('',(104.2,-12.));
#2056 = CARTESIAN_POINT('',(104.63301270189,-12.75));
#2057 = CARTESIAN_POINT('',(105.06602540378,-13.5));
#2058 = CARTESIAN_POINT('',(104.2,-13.5));
#2059 = ( GEOMETRIC_REPRESENTATION_CONTEXT(2) 
PARAMETRIC_REPRESENTATION_CONTEXT() REPRESENTATION_CONTEXT('2D SPACE',''
  ) );
#2060 = PCURVE('',#2061,#2066);
#2061 = CYLINDRICAL_SURFACE('',#2062,0.5);
#2062 = AXIS2_PLACEMENT_3D('',#2063,#2064,#2065);
#2063 = CARTESIAN_POINT('',(21.7,88.75,-4.6E-02));
#2064 = DIRECTION('',(-0.,-0.,-1.));
#2065 = DIRECTION('',(0.,-1.,0.));
#2066 = DEFINITIONAL_REPRESENTATION('',(#2067),#2071);
#2067 = LINE('',#2068,#2069);
#2068 = CARTESIAN_POINT('',(0.,-4.6E-02));
#2069 = VECTOR('',#2070,1.);
#2070 = DIRECTION('',(1.,0.));
#2071 = ( GEOMETRIC_REPRESENTATION_CONTEXT(2) 
PARAMETRIC_REPRESENTATION_CONTEXT() REPRESENTATION_CONTEXT('2D SPACE',''
  ) );
#2072 = FACE_BOUND('',#2073,.F.);
#2073 = EDGE_LOOP('',(#2074));
#2074 = ORIENTED_EDGE('',*,*,#2075,.T.);
#2075 = EDGE_CURVE('',#2076,#2076,#2078,.T.);
#2076 = VERTEX_POINT('',#2077);
#2077 = CARTESIAN_POINT('',(24.24,88.25,0.));
#2078 = SURFACE_CURVE('',#2079,(#2084,#2095),.PCURVE_S1.);
#2079 = CIRCLE('',#2080,0.5);
#2080 = AXIS2_PLACEMENT_3D('',#2081,#2082,#2083);
#2081 = CARTESIAN_POINT('',(24.24,88.75,0.));
#2082 = DIRECTION('',(-0.,-0.,-1.));
#2083 = DIRECTION('',(0.,-1.,0.));
#2084 = PCURVE('',#204,#2085);
#2085 = DEFINITIONAL_REPRESENTATION('',(#2086),#2094);
#2086 = ( BOUNDED_CURVE() B_SPLINE_CURVE(2,(#2087,#2088,#2089,#2090,
#2091,#2092,#2093),.UNSPECIFIED.,.T.,.F.) B_SPLINE_CURVE_WITH_KNOTS((1,2
    ,2,2,2,1),(-2.094395102393,0.,2.094395102393,4.188790204786,
6.28318530718,8.377580409573),.UNSPECIFIED.) CURVE() 
GEOMETRIC_REPRESENTATION_ITEM() RATIONAL_B_SPLINE_CURVE((1.,0.5,1.,0.5,
1.,0.5,1.)) REPRESENTATION_ITEM('') );
#2087 = CARTESIAN_POINT('',(106.74,-13.5));
#2088 = CARTESIAN_POINT('',(105.87397459621,-13.5));
#2089 = CARTESIAN_POINT('',(106.3069872981,-12.75));
#2090 = CARTESIAN_POINT('',(106.74,-12.));
#2091 = CARTESIAN_POINT('',(107.17301270189,-12.75));
#2092 = CARTESIAN_POINT('',(107.60602540378,-13.5));
#2093 = CARTESIAN_POINT('',(106.74,-13.5));
#2094 = ( GEOMETRIC_REPRESENTATION_CONTEXT(2) 
PARAMETRIC_REPRESENTATION_CONTEXT() REPRESENTATION_CONTEXT('2D SPACE',''
  ) );
#2095 = PCURVE('',#2096,#2101);
#2096 = CYLINDRICAL_SURFACE('',#2097,0.5);
#2097 = AXIS2_PLACEMENT_3D('',#2098,#2099,#2100);
#2098 = CARTESIAN_POINT('',(24.24,88.75,-4.6E-02));
#2099 = DIRECTION('',(-0.,-0.,-1.));
#2100 = DIRECTION('',(0.,-1.,0.));
#2101 = DEFINITIONAL_REPRESENTATION('',(#2102),#2106);
#2102 = LINE('',#2103,#2104);
#2103 = CARTESIAN_POINT('',(0.,-4.6E-02));
#2104 = VECTOR('',#2105,1.);
#2105 = DIRECTION('',(1.,0.));
#2106 = ( GEOMETRIC_REPRESENTATION_CONTEXT(2) 
PARAMETRIC_REPRESENTATION_CONTEXT() REPRESENTATION_CONTEXT('2D SPACE',''
  ) );
#2107 = FACE_BOUND('',#2108,.F.);
#2108 = EDGE_LOOP('',(#2109));
#2109 = ORIENTED_EDGE('',*,*,#2110,.T.);
#2110 = EDGE_CURVE('',#2111,#2111,#2113,.T.);
#2111 = VERTEX_POINT('',#2112);
#2112 = CARTESIAN_POINT('',(25.67,74.4,0.));
#2113 = SURFACE_CURVE('',#2114,(#2119,#2130),.PCURVE_S1.);
#2114 = CIRCLE('',#2115,0.85);
#2115 = AXIS2_PLACEMENT_3D('',#2116,#2117,#2118);
#2116 = CARTESIAN_POINT('',(25.67,75.25,0.));
#2117 = DIRECTION('',(0.,-0.,-1.));
#2118 = DIRECTION('',(1.671865260612E-14,-1.,0.));
#2119 = PCURVE('',#204,#2120);
#2120 = DEFINITIONAL_REPRESENTATION('',(#2121),#2129);
#2121 = ( BOUNDED_CURVE() B_SPLINE_CURVE(2,(#2122,#2123,#2124,#2125,
#2126,#2127,#2128),.UNSPECIFIED.,.T.,.F.) B_SPLINE_CURVE_WITH_KNOTS((1,2
    ,2,2,2,1),(-2.094395102393,0.,2.094395102393,4.188790204786,
6.28318530718,8.377580409573),.UNSPECIFIED.) CURVE() 
GEOMETRIC_REPRESENTATION_ITEM() RATIONAL_B_SPLINE_CURVE((1.,0.5,1.,0.5,
1.,0.5,1.)) REPRESENTATION_ITEM('') );
#2122 = CARTESIAN_POINT('',(108.17,-27.35));
#2123 = CARTESIAN_POINT('',(106.69775681356,-27.35));
#2124 = CARTESIAN_POINT('',(107.43387840678,-26.075));
#2125 = CARTESIAN_POINT('',(108.17,-24.8));
#2126 = CARTESIAN_POINT('',(108.90612159321,-26.075));
#2127 = CARTESIAN_POINT('',(109.64224318643,-27.35));
#2128 = CARTESIAN_POINT('',(108.17,-27.35));
#2129 = ( GEOMETRIC_REPRESENTATION_CONTEXT(2) 
PARAMETRIC_REPRESENTATION_CONTEXT() REPRESENTATION_CONTEXT('2D SPACE',''
  ) );
#2130 = PCURVE('',#2131,#2136);
#2131 = CYLINDRICAL_SURFACE('',#2132,0.85);
#2132 = AXIS2_PLACEMENT_3D('',#2133,#2134,#2135);
#2133 = CARTESIAN_POINT('',(25.67,75.25,-4.6E-02));
#2134 = DIRECTION('',(0.,0.,-1.));
#2135 = DIRECTION('',(1.671865260612E-14,-1.,0.));
#2136 = DEFINITIONAL_REPRESENTATION('',(#2137),#2141);
#2137 = LINE('',#2138,#2139);
#2138 = CARTESIAN_POINT('',(0.,-4.6E-02));
#2139 = VECTOR('',#2140,1.);
#2140 = DIRECTION('',(1.,0.));
#2141 = ( GEOMETRIC_REPRESENTATION_CONTEXT(2) 
PARAMETRIC_REPRESENTATION_CONTEXT() REPRESENTATION_CONTEXT('2D SPACE',''
  ) );
#2142 = FACE_BOUND('',#2143,.F.);
#2143 = EDGE_LOOP('',(#2144));
#2144 = ORIENTED_EDGE('',*,*,#2145,.T.);
#2145 = EDGE_CURVE('',#2146,#2146,#2148,.T.);
#2146 = VERTEX_POINT('',#2147);
#2147 = CARTESIAN_POINT('',(26.94,77.04,0.));
#2148 = SURFACE_CURVE('',#2149,(#2154,#2165),.PCURVE_S1.);
#2149 = CIRCLE('',#2150,0.75);
#2150 = AXIS2_PLACEMENT_3D('',#2151,#2152,#2153);
#2151 = CARTESIAN_POINT('',(26.94,77.79,0.));
#2152 = DIRECTION('',(-0.,-0.,-1.));
#2153 = DIRECTION('',(0.,-1.,0.));
#2154 = PCURVE('',#204,#2155);
#2155 = DEFINITIONAL_REPRESENTATION('',(#2156),#2164);
#2156 = ( BOUNDED_CURVE() B_SPLINE_CURVE(2,(#2157,#2158,#2159,#2160,
#2161,#2162,#2163),.UNSPECIFIED.,.T.,.F.) B_SPLINE_CURVE_WITH_KNOTS((1,2
    ,2,2,2,1),(-2.094395102393,0.,2.094395102393,4.188790204786,
6.28318530718,8.377580409573),.UNSPECIFIED.) CURVE() 
GEOMETRIC_REPRESENTATION_ITEM() RATIONAL_B_SPLINE_CURVE((1.,0.5,1.,0.5,
1.,0.5,1.)) REPRESENTATION_ITEM('') );
#2157 = CARTESIAN_POINT('',(109.44,-24.71));
#2158 = CARTESIAN_POINT('',(108.14096189432,-24.71));
#2159 = CARTESIAN_POINT('',(108.79048094716,-23.585));
#2160 = CARTESIAN_POINT('',(109.44,-22.46));
#2161 = CARTESIAN_POINT('',(110.08951905283,-23.585));
#2162 = CARTESIAN_POINT('',(110.73903810567,-24.71));
#2163 = CARTESIAN_POINT('',(109.44,-24.71));
#2164 = ( GEOMETRIC_REPRESENTATION_CONTEXT(2) 
PARAMETRIC_REPRESENTATION_CONTEXT() REPRESENTATION_CONTEXT('2D SPACE',''
  ) );
#2165 = PCURVE('',#2166,#2171);
#2166 = CYLINDRICAL_SURFACE('',#2167,0.75);
#2167 = AXIS2_PLACEMENT_3D('',#2168,#2169,#2170);
#2168 = CARTESIAN_POINT('',(26.94,77.79,-4.6E-02));
#2169 = DIRECTION('',(-0.,-0.,-1.));
#2170 = DIRECTION('',(0.,-1.,0.));
#2171 = DEFINITIONAL_REPRESENTATION('',(#2172),#2176);
#2172 = LINE('',#2173,#2174);
#2173 = CARTESIAN_POINT('',(0.,-4.6E-02));
#2174 = VECTOR('',#2175,1.);
#2175 = DIRECTION('',(1.,0.));
#2176 = ( GEOMETRIC_REPRESENTATION_CONTEXT(2) 
PARAMETRIC_REPRESENTATION_CONTEXT() REPRESENTATION_CONTEXT('2D SPACE',''
  ) );
#2177 = FACE_BOUND('',#2178,.F.);
#2178 = EDGE_LOOP('',(#2179));
#2179 = ORIENTED_EDGE('',*,*,#2180,.T.);
#2180 = EDGE_CURVE('',#2181,#2181,#2183,.T.);
#2181 = VERTEX_POINT('',#2182);
#2182 = CARTESIAN_POINT('',(30.75,73.25,0.));
#2183 = SURFACE_CURVE('',#2184,(#2189,#2200),.PCURVE_S1.);
#2184 = CIRCLE('',#2185,2.);
#2185 = AXIS2_PLACEMENT_3D('',#2186,#2187,#2188);
#2186 = CARTESIAN_POINT('',(30.75,75.25,0.));
#2187 = DIRECTION('',(-0.,-0.,-1.));
#2188 = DIRECTION('',(0.,-1.,0.));
#2189 = PCURVE('',#204,#2190);
#2190 = DEFINITIONAL_REPRESENTATION('',(#2191),#2199);
#2191 = ( BOUNDED_CURVE() B_SPLINE_CURVE(2,(#2192,#2193,#2194,#2195,
#2196,#2197,#2198),.UNSPECIFIED.,.T.,.F.) B_SPLINE_CURVE_WITH_KNOTS((1,2
    ,2,2,2,1),(-2.094395102393,0.,2.094395102393,4.188790204786,
6.28318530718,8.377580409573),.UNSPECIFIED.) CURVE() 
GEOMETRIC_REPRESENTATION_ITEM() RATIONAL_B_SPLINE_CURVE((1.,0.5,1.,0.5,
1.,0.5,1.)) REPRESENTATION_ITEM('') );
#2192 = CARTESIAN_POINT('',(113.25,-28.5));
#2193 = CARTESIAN_POINT('',(109.78589838486,-28.5));
#2194 = CARTESIAN_POINT('',(111.51794919243,-25.5));
#2195 = CARTESIAN_POINT('',(113.25,-22.5));
#2196 = CARTESIAN_POINT('',(114.98205080756,-25.5));
#2197 = CARTESIAN_POINT('',(116.71410161513,-28.5));
#2198 = CARTESIAN_POINT('',(113.25,-28.5));
#2199 = ( GEOMETRIC_REPRESENTATION_CONTEXT(2) 
PARAMETRIC_REPRESENTATION_CONTEXT() REPRESENTATION_CONTEXT('2D SPACE',''
  ) );
#2200 = PCURVE('',#2201,#2206);
#2201 = CYLINDRICAL_SURFACE('',#2202,2.);
#2202 = AXIS2_PLACEMENT_3D('',#2203,#2204,#2205);
#2203 = CARTESIAN_POINT('',(30.75,75.25,-4.6E-02));
#2204 = DIRECTION('',(-0.,-0.,-1.));
#2205 = DIRECTION('',(0.,-1.,0.));
#2206 = DEFINITIONAL_REPRESENTATION('',(#2207),#2211);
#2207 = LINE('',#2208,#2209);
#2208 = CARTESIAN_POINT('',(0.,-4.6E-02));
#2209 = VECTOR('',#2210,1.);
#2210 = DIRECTION('',(1.,0.));
#2211 = ( GEOMETRIC_REPRESENTATION_CONTEXT(2) 
PARAMETRIC_REPRESENTATION_CONTEXT() REPRESENTATION_CONTEXT('2D SPACE',''
  ) );
#2212 = FACE_BOUND('',#2213,.F.);
#2213 = EDGE_LOOP('',(#2214));
#2214 = ORIENTED_EDGE('',*,*,#2215,.T.);
#2215 = EDGE_CURVE('',#2216,#2216,#2218,.T.);
#2216 = VERTEX_POINT('',#2217);
#2217 = CARTESIAN_POINT('',(35.83,74.4,0.));
#2218 = SURFACE_CURVE('',#2219,(#2224,#2235),.PCURVE_S1.);
#2219 = CIRCLE('',#2220,0.85);
#2220 = AXIS2_PLACEMENT_3D('',#2221,#2222,#2223);
#2221 = CARTESIAN_POINT('',(35.83,75.25,0.));
#2222 = DIRECTION('',(-0.,0.,-1.));
#2223 = DIRECTION('',(-1.671865260612E-14,-1.,0.));
#2224 = PCURVE('',#204,#2225);
#2225 = DEFINITIONAL_REPRESENTATION('',(#2226),#2234);
#2226 = ( BOUNDED_CURVE() B_SPLINE_CURVE(2,(#2227,#2228,#2229,#2230,
#2231,#2232,#2233),.UNSPECIFIED.,.T.,.F.) B_SPLINE_CURVE_WITH_KNOTS((1,2
    ,2,2,2,1),(-2.094395102393,0.,2.094395102393,4.188790204786,
6.28318530718,8.377580409573),.UNSPECIFIED.) CURVE() 
GEOMETRIC_REPRESENTATION_ITEM() RATIONAL_B_SPLINE_CURVE((1.,0.5,1.,0.5,
1.,0.5,1.)) REPRESENTATION_ITEM('') );
#2227 = CARTESIAN_POINT('',(118.33,-27.35));
#2228 = CARTESIAN_POINT('',(116.85775681356,-27.35));
#2229 = CARTESIAN_POINT('',(117.59387840678,-26.075));
#2230 = CARTESIAN_POINT('',(118.33,-24.8));
#2231 = CARTESIAN_POINT('',(119.06612159321,-26.075));
#2232 = CARTESIAN_POINT('',(119.80224318643,-27.35));
#2233 = CARTESIAN_POINT('',(118.33,-27.35));
#2234 = ( GEOMETRIC_REPRESENTATION_CONTEXT(2) 
PARAMETRIC_REPRESENTATION_CONTEXT() REPRESENTATION_CONTEXT('2D SPACE',''
  ) );
#2235 = PCURVE('',#2236,#2241);
#2236 = CYLINDRICAL_SURFACE('',#2237,0.85);
#2237 = AXIS2_PLACEMENT_3D('',#2238,#2239,#2240);
#2238 = CARTESIAN_POINT('',(35.83,75.25,-4.6E-02));
#2239 = DIRECTION('',(-0.,-0.,-1.));
#2240 = DIRECTION('',(-1.671865260612E-14,-1.,0.));
#2241 = DEFINITIONAL_REPRESENTATION('',(#2242),#2246);
#2242 = LINE('',#2243,#2244);
#2243 = CARTESIAN_POINT('',(0.,-4.6E-02));
#2244 = VECTOR('',#2245,1.);
#2245 = DIRECTION('',(1.,0.));
#2246 = ( GEOMETRIC_REPRESENTATION_CONTEXT(2) 
PARAMETRIC_REPRESENTATION_CONTEXT() REPRESENTATION_CONTEXT('2D SPACE',''
  ) );
#2247 = FACE_BOUND('',#2248,.F.);
#2248 = EDGE_LOOP('',(#2249));
#2249 = ORIENTED_EDGE('',*,*,#2250,.T.);
#2250 = EDGE_CURVE('',#2251,#2251,#2253,.T.);
#2251 = VERTEX_POINT('',#2252);
#2252 = CARTESIAN_POINT('',(44.96,74.4,0.));
#2253 = SURFACE_CURVE('',#2254,(#2259,#2270),.PCURVE_S1.);
#2254 = CIRCLE('',#2255,0.85);
#2255 = AXIS2_PLACEMENT_3D('',#2256,#2257,#2258);
#2256 = CARTESIAN_POINT('',(44.96,75.25,0.));
#2257 = DIRECTION('',(-0.,0.,-1.));
#2258 = DIRECTION('',(-1.671865260612E-14,-1.,0.));
#2259 = PCURVE('',#204,#2260);
#2260 = DEFINITIONAL_REPRESENTATION('',(#2261),#2269);
#2261 = ( BOUNDED_CURVE() B_SPLINE_CURVE(2,(#2262,#2263,#2264,#2265,
#2266,#2267,#2268),.UNSPECIFIED.,.T.,.F.) B_SPLINE_CURVE_WITH_KNOTS((1,2
    ,2,2,2,1),(-2.094395102393,0.,2.094395102393,4.188790204786,
6.28318530718,8.377580409573),.UNSPECIFIED.) CURVE() 
GEOMETRIC_REPRESENTATION_ITEM() RATIONAL_B_SPLINE_CURVE((1.,0.5,1.,0.5,
1.,0.5,1.)) REPRESENTATION_ITEM('') );
#2262 = CARTESIAN_POINT('',(127.46,-27.35));
#2263 = CARTESIAN_POINT('',(125.98775681356,-27.35));
#2264 = CARTESIAN_POINT('',(126.72387840678,-26.075));
#2265 = CARTESIAN_POINT('',(127.46,-24.8));
#2266 = CARTESIAN_POINT('',(128.19612159321,-26.075));
#2267 = CARTESIAN_POINT('',(128.93224318643,-27.35));
#2268 = CARTESIAN_POINT('',(127.46,-27.35));
#2269 = ( GEOMETRIC_REPRESENTATION_CONTEXT(2) 
PARAMETRIC_REPRESENTATION_CONTEXT() REPRESENTATION_CONTEXT('2D SPACE',''
  ) );
#2270 = PCURVE('',#2271,#2276);
#2271 = CYLINDRICAL_SURFACE('',#2272,0.85);
#2272 = AXIS2_PLACEMENT_3D('',#2273,#2274,#2275);
#2273 = CARTESIAN_POINT('',(44.96,75.25,-4.6E-02));
#2274 = DIRECTION('',(-0.,-0.,-1.));
#2275 = DIRECTION('',(-1.671865260612E-14,-1.,0.));
#2276 = DEFINITIONAL_REPRESENTATION('',(#2277),#2281);
#2277 = LINE('',#2278,#2279);
#2278 = CARTESIAN_POINT('',(0.,-4.6E-02));
#2279 = VECTOR('',#2280,1.);
#2280 = DIRECTION('',(1.,0.));
#2281 = ( GEOMETRIC_REPRESENTATION_CONTEXT(2) 
PARAMETRIC_REPRESENTATION_CONTEXT() REPRESENTATION_CONTEXT('2D SPACE',''
  ) );
#2282 = FACE_BOUND('',#2283,.F.);
#2283 = EDGE_LOOP('',(#2284));
#2284 = ORIENTED_EDGE('',*,*,#2285,.T.);
#2285 = EDGE_CURVE('',#2286,#2286,#2288,.T.);
#2286 = VERTEX_POINT('',#2287);
#2287 = CARTESIAN_POINT('',(46.23,77.04,0.));
#2288 = SURFACE_CURVE('',#2289,(#2294,#2305),.PCURVE_S1.);
#2289 = CIRCLE('',#2290,0.75);
#2290 = AXIS2_PLACEMENT_3D('',#2291,#2292,#2293);
#2291 = CARTESIAN_POINT('',(46.23,77.79,0.));
#2292 = DIRECTION('',(-0.,-0.,-1.));
#2293 = DIRECTION('',(0.,-1.,0.));
#2294 = PCURVE('',#204,#2295);
#2295 = DEFINITIONAL_REPRESENTATION('',(#2296),#2304);
#2296 = ( BOUNDED_CURVE() B_SPLINE_CURVE(2,(#2297,#2298,#2299,#2300,
#2301,#2302,#2303),.UNSPECIFIED.,.T.,.F.) B_SPLINE_CURVE_WITH_KNOTS((1,2
    ,2,2,2,1),(-2.094395102393,0.,2.094395102393,4.188790204786,
6.28318530718,8.377580409573),.UNSPECIFIED.) CURVE() 
GEOMETRIC_REPRESENTATION_ITEM() RATIONAL_B_SPLINE_CURVE((1.,0.5,1.,0.5,
1.,0.5,1.)) REPRESENTATION_ITEM('') );
#2297 = CARTESIAN_POINT('',(128.73,-24.71));
#2298 = CARTESIAN_POINT('',(127.43096189432,-24.71));
#2299 = CARTESIAN_POINT('',(128.08048094716,-23.585));
#2300 = CARTESIAN_POINT('',(128.73,-22.46));
#2301 = CARTESIAN_POINT('',(129.37951905283,-23.585));
#2302 = CARTESIAN_POINT('',(130.02903810567,-24.71));
#2303 = CARTESIAN_POINT('',(128.73,-24.71));
#2304 = ( GEOMETRIC_REPRESENTATION_CONTEXT(2) 
PARAMETRIC_REPRESENTATION_CONTEXT() REPRESENTATION_CONTEXT('2D SPACE',''
  ) );
#2305 = PCURVE('',#2306,#2311);
#2306 = CYLINDRICAL_SURFACE('',#2307,0.75);
#2307 = AXIS2_PLACEMENT_3D('',#2308,#2309,#2310);
#2308 = CARTESIAN_POINT('',(46.23,77.79,-4.6E-02));
#2309 = DIRECTION('',(-0.,-0.,-1.));
#2310 = DIRECTION('',(0.,-1.,0.));
#2311 = DEFINITIONAL_REPRESENTATION('',(#2312),#2316);
#2312 = LINE('',#2313,#2314);
#2313 = CARTESIAN_POINT('',(0.,-4.6E-02));
#2314 = VECTOR('',#2315,1.);
#2315 = DIRECTION('',(1.,0.));
#2316 = ( GEOMETRIC_REPRESENTATION_CONTEXT(2) 
PARAMETRIC_REPRESENTATION_CONTEXT() REPRESENTATION_CONTEXT('2D SPACE',''
  ) );
#2317 = FACE_BOUND('',#2318,.F.);
#2318 = EDGE_LOOP('',(#2319));
#2319 = ORIENTED_EDGE('',*,*,#2320,.T.);
#2320 = EDGE_CURVE('',#2321,#2321,#2323,.T.);
#2321 = VERTEX_POINT('',#2322);
#2322 = CARTESIAN_POINT('',(33.29,79.58,0.));
#2323 = SURFACE_CURVE('',#2324,(#2329,#2340),.PCURVE_S1.);
#2324 = CIRCLE('',#2325,0.75);
#2325 = AXIS2_PLACEMENT_3D('',#2326,#2327,#2328);
#2326 = CARTESIAN_POINT('',(33.29,80.33,0.));
#2327 = DIRECTION('',(-0.,-0.,-1.));
#2328 = DIRECTION('',(0.,-1.,0.));
#2329 = PCURVE('',#204,#2330);
#2330 = DEFINITIONAL_REPRESENTATION('',(#2331),#2339);
#2331 = ( BOUNDED_CURVE() B_SPLINE_CURVE(2,(#2332,#2333,#2334,#2335,
#2336,#2337,#2338),.UNSPECIFIED.,.T.,.F.) B_SPLINE_CURVE_WITH_KNOTS((1,2
    ,2,2,2,1),(-2.094395102393,0.,2.094395102393,4.188790204786,
6.28318530718,8.377580409573),.UNSPECIFIED.) CURVE() 
GEOMETRIC_REPRESENTATION_ITEM() RATIONAL_B_SPLINE_CURVE((1.,0.5,1.,0.5,
1.,0.5,1.)) REPRESENTATION_ITEM('') );
#2332 = CARTESIAN_POINT('',(115.79,-22.17));
#2333 = CARTESIAN_POINT('',(114.49096189432,-22.17));
#2334 = CARTESIAN_POINT('',(115.14048094716,-21.045));
#2335 = CARTESIAN_POINT('',(115.79,-19.92));
#2336 = CARTESIAN_POINT('',(116.43951905283,-21.045));
#2337 = CARTESIAN_POINT('',(117.08903810567,-22.17));
#2338 = CARTESIAN_POINT('',(115.79,-22.17));
#2339 = ( GEOMETRIC_REPRESENTATION_CONTEXT(2) 
PARAMETRIC_REPRESENTATION_CONTEXT() REPRESENTATION_CONTEXT('2D SPACE',''
  ) );
#2340 = PCURVE('',#2341,#2346);
#2341 = CYLINDRICAL_SURFACE('',#2342,0.75);
#2342 = AXIS2_PLACEMENT_3D('',#2343,#2344,#2345);
#2343 = CARTESIAN_POINT('',(33.29,80.33,-4.6E-02));
#2344 = DIRECTION('',(-0.,-0.,-1.));
#2345 = DIRECTION('',(0.,-1.,0.));
#2346 = DEFINITIONAL_REPRESENTATION('',(#2347),#2351);
#2347 = LINE('',#2348,#2349);
#2348 = CARTESIAN_POINT('',(0.,-4.6E-02));
#2349 = VECTOR('',#2350,1.);
#2350 = DIRECTION('',(1.,0.));
#2351 = ( GEOMETRIC_REPRESENTATION_CONTEXT(2) 
PARAMETRIC_REPRESENTATION_CONTEXT() REPRESENTATION_CONTEXT('2D SPACE',''
  ) );
#2352 = FACE_BOUND('',#2353,.F.);
#2353 = EDGE_LOOP('',(#2354));
#2354 = ORIENTED_EDGE('',*,*,#2355,.T.);
#2355 = EDGE_CURVE('',#2356,#2356,#2358,.T.);
#2356 = VERTEX_POINT('',#2357);
#2357 = CARTESIAN_POINT('',(26.78,88.25,0.));
#2358 = SURFACE_CURVE('',#2359,(#2364,#2375),.PCURVE_S1.);
#2359 = CIRCLE('',#2360,0.5);
#2360 = AXIS2_PLACEMENT_3D('',#2361,#2362,#2363);
#2361 = CARTESIAN_POINT('',(26.78,88.75,0.));
#2362 = DIRECTION('',(-0.,-0.,-1.));
#2363 = DIRECTION('',(0.,-1.,0.));
#2364 = PCURVE('',#204,#2365);
#2365 = DEFINITIONAL_REPRESENTATION('',(#2366),#2374);
#2366 = ( BOUNDED_CURVE() B_SPLINE_CURVE(2,(#2367,#2368,#2369,#2370,
#2371,#2372,#2373),.UNSPECIFIED.,.T.,.F.) B_SPLINE_CURVE_WITH_KNOTS((1,2
    ,2,2,2,1),(-2.094395102393,0.,2.094395102393,4.188790204786,
6.28318530718,8.377580409573),.UNSPECIFIED.) CURVE() 
GEOMETRIC_REPRESENTATION_ITEM() RATIONAL_B_SPLINE_CURVE((1.,0.5,1.,0.5,
1.,0.5,1.)) REPRESENTATION_ITEM('') );
#2367 = CARTESIAN_POINT('',(109.28,-13.5));
#2368 = CARTESIAN_POINT('',(108.41397459621,-13.5));
#2369 = CARTESIAN_POINT('',(108.8469872981,-12.75));
#2370 = CARTESIAN_POINT('',(109.28,-12.));
#2371 = CARTESIAN_POINT('',(109.71301270189,-12.75));
#2372 = CARTESIAN_POINT('',(110.14602540378,-13.5));
#2373 = CARTESIAN_POINT('',(109.28,-13.5));
#2374 = ( GEOMETRIC_REPRESENTATION_CONTEXT(2) 
PARAMETRIC_REPRESENTATION_CONTEXT() REPRESENTATION_CONTEXT('2D SPACE',''
  ) );
#2375 = PCURVE('',#2376,#2381);
#2376 = CYLINDRICAL_SURFACE('',#2377,0.5);
#2377 = AXIS2_PLACEMENT_3D('',#2378,#2379,#2380);
#2378 = CARTESIAN_POINT('',(26.78,88.75,-4.6E-02));
#2379 = DIRECTION('',(-0.,-0.,-1.));
#2380 = DIRECTION('',(0.,-1.,0.));
#2381 = DEFINITIONAL_REPRESENTATION('',(#2382),#2386);
#2382 = LINE('',#2383,#2384);
#2383 = CARTESIAN_POINT('',(0.,-4.6E-02));
#2384 = VECTOR('',#2385,1.);
#2385 = DIRECTION('',(1.,0.));
#2386 = ( GEOMETRIC_REPRESENTATION_CONTEXT(2) 
PARAMETRIC_REPRESENTATION_CONTEXT() REPRESENTATION_CONTEXT('2D SPACE',''
  ) );
#2387 = FACE_BOUND('',#2388,.F.);
#2388 = EDGE_LOOP('',(#2389));
#2389 = ORIENTED_EDGE('',*,*,#2390,.T.);
#2390 = EDGE_CURVE('',#2391,#2391,#2393,.T.);
#2391 = VERTEX_POINT('',#2392);
#2392 = CARTESIAN_POINT('',(29.32,88.25,0.));
#2393 = SURFACE_CURVE('',#2394,(#2399,#2410),.PCURVE_S1.);
#2394 = CIRCLE('',#2395,0.5);
#2395 = AXIS2_PLACEMENT_3D('',#2396,#2397,#2398);
#2396 = CARTESIAN_POINT('',(29.32,88.75,0.));
#2397 = DIRECTION('',(-0.,-0.,-1.));
#2398 = DIRECTION('',(0.,-1.,0.));
#2399 = PCURVE('',#204,#2400);
#2400 = DEFINITIONAL_REPRESENTATION('',(#2401),#2409);
#2401 = ( BOUNDED_CURVE() B_SPLINE_CURVE(2,(#2402,#2403,#2404,#2405,
#2406,#2407,#2408),.UNSPECIFIED.,.T.,.F.) B_SPLINE_CURVE_WITH_KNOTS((1,2
    ,2,2,2,1),(-2.094395102393,0.,2.094395102393,4.188790204786,
6.28318530718,8.377580409573),.UNSPECIFIED.) CURVE() 
GEOMETRIC_REPRESENTATION_ITEM() RATIONAL_B_SPLINE_CURVE((1.,0.5,1.,0.5,
1.,0.5,1.)) REPRESENTATION_ITEM('') );
#2402 = CARTESIAN_POINT('',(111.82,-13.5));
#2403 = CARTESIAN_POINT('',(110.95397459621,-13.5));
#2404 = CARTESIAN_POINT('',(111.3869872981,-12.75));
#2405 = CARTESIAN_POINT('',(111.82,-12.));
#2406 = CARTESIAN_POINT('',(112.25301270189,-12.75));
#2407 = CARTESIAN_POINT('',(112.68602540378,-13.5));
#2408 = CARTESIAN_POINT('',(111.82,-13.5));
#2409 = ( GEOMETRIC_REPRESENTATION_CONTEXT(2) 
PARAMETRIC_REPRESENTATION_CONTEXT() REPRESENTATION_CONTEXT('2D SPACE',''
  ) );
#2410 = PCURVE('',#2411,#2416);
#2411 = CYLINDRICAL_SURFACE('',#2412,0.5);
#2412 = AXIS2_PLACEMENT_3D('',#2413,#2414,#2415);
#2413 = CARTESIAN_POINT('',(29.32,88.75,-4.6E-02));
#2414 = DIRECTION('',(-0.,-0.,-1.));
#2415 = DIRECTION('',(0.,-1.,0.));
#2416 = DEFINITIONAL_REPRESENTATION('',(#2417),#2421);
#2417 = LINE('',#2418,#2419);
#2418 = CARTESIAN_POINT('',(0.,-4.6E-02));
#2419 = VECTOR('',#2420,1.);
#2420 = DIRECTION('',(1.,0.));
#2421 = ( GEOMETRIC_REPRESENTATION_CONTEXT(2) 
PARAMETRIC_REPRESENTATION_CONTEXT() REPRESENTATION_CONTEXT('2D SPACE',''
  ) );
#2422 = FACE_BOUND('',#2423,.F.);
#2423 = EDGE_LOOP('',(#2424));
#2424 = ORIENTED_EDGE('',*,*,#2425,.T.);
#2425 = EDGE_CURVE('',#2426,#2426,#2428,.T.);
#2426 = VERTEX_POINT('',#2427);
#2427 = CARTESIAN_POINT('',(31.86,88.25,0.));
#2428 = SURFACE_CURVE('',#2429,(#2434,#2445),.PCURVE_S1.);
#2429 = CIRCLE('',#2430,0.5);
#2430 = AXIS2_PLACEMENT_3D('',#2431,#2432,#2433);
#2431 = CARTESIAN_POINT('',(31.86,88.75,0.));
#2432 = DIRECTION('',(-0.,-0.,-1.));
#2433 = DIRECTION('',(0.,-1.,0.));
#2434 = PCURVE('',#204,#2435);
#2435 = DEFINITIONAL_REPRESENTATION('',(#2436),#2444);
#2436 = ( BOUNDED_CURVE() B_SPLINE_CURVE(2,(#2437,#2438,#2439,#2440,
#2441,#2442,#2443),.UNSPECIFIED.,.T.,.F.) B_SPLINE_CURVE_WITH_KNOTS((1,2
    ,2,2,2,1),(-2.094395102393,0.,2.094395102393,4.188790204786,
6.28318530718,8.377580409573),.UNSPECIFIED.) CURVE() 
GEOMETRIC_REPRESENTATION_ITEM() RATIONAL_B_SPLINE_CURVE((1.,0.5,1.,0.5,
1.,0.5,1.)) REPRESENTATION_ITEM('') );
#2437 = CARTESIAN_POINT('',(114.36,-13.5));
#2438 = CARTESIAN_POINT('',(113.49397459621,-13.5));
#2439 = CARTESIAN_POINT('',(113.9269872981,-12.75));
#2440 = CARTESIAN_POINT('',(114.36,-12.));
#2441 = CARTESIAN_POINT('',(114.79301270189,-12.75));
#2442 = CARTESIAN_POINT('',(115.22602540378,-13.5));
#2443 = CARTESIAN_POINT('',(114.36,-13.5));
#2444 = ( GEOMETRIC_REPRESENTATION_CONTEXT(2) 
PARAMETRIC_REPRESENTATION_CONTEXT() REPRESENTATION_CONTEXT('2D SPACE',''
  ) );
#2445 = PCURVE('',#2446,#2451);
#2446 = CYLINDRICAL_SURFACE('',#2447,0.5);
#2447 = AXIS2_PLACEMENT_3D('',#2448,#2449,#2450);
#2448 = CARTESIAN_POINT('',(31.86,88.75,-4.6E-02));
#2449 = DIRECTION('',(-0.,-0.,-1.));
#2450 = DIRECTION('',(0.,-1.,0.));
#2451 = DEFINITIONAL_REPRESENTATION('',(#2452),#2456);
#2452 = LINE('',#2453,#2454);
#2453 = CARTESIAN_POINT('',(0.,-4.6E-02));
#2454 = VECTOR('',#2455,1.);
#2455 = DIRECTION('',(1.,0.));
#2456 = ( GEOMETRIC_REPRESENTATION_CONTEXT(2) 
PARAMETRIC_REPRESENTATION_CONTEXT() REPRESENTATION_CONTEXT('2D SPACE',''
  ) );
#2457 = FACE_BOUND('',#2458,.F.);
#2458 = EDGE_LOOP('',(#2459));
#2459 = ORIENTED_EDGE('',*,*,#2460,.T.);
#2460 = EDGE_CURVE('',#2461,#2461,#2463,.T.);
#2461 = VERTEX_POINT('',#2462);
#2462 = CARTESIAN_POINT('',(34.4,88.25,0.));
#2463 = SURFACE_CURVE('',#2464,(#2469,#2480),.PCURVE_S1.);
#2464 = CIRCLE('',#2465,0.5);
#2465 = AXIS2_PLACEMENT_3D('',#2466,#2467,#2468);
#2466 = CARTESIAN_POINT('',(34.4,88.75,0.));
#2467 = DIRECTION('',(-0.,-0.,-1.));
#2468 = DIRECTION('',(0.,-1.,0.));
#2469 = PCURVE('',#204,#2470);
#2470 = DEFINITIONAL_REPRESENTATION('',(#2471),#2479);
#2471 = ( BOUNDED_CURVE() B_SPLINE_CURVE(2,(#2472,#2473,#2474,#2475,
#2476,#2477,#2478),.UNSPECIFIED.,.T.,.F.) B_SPLINE_CURVE_WITH_KNOTS((1,2
    ,2,2,2,1),(-2.094395102393,0.,2.094395102393,4.188790204786,
6.28318530718,8.377580409573),.UNSPECIFIED.) CURVE() 
GEOMETRIC_REPRESENTATION_ITEM() RATIONAL_B_SPLINE_CURVE((1.,0.5,1.,0.5,
1.,0.5,1.)) REPRESENTATION_ITEM('') );
#2472 = CARTESIAN_POINT('',(116.9,-13.5));
#2473 = CARTESIAN_POINT('',(116.03397459621,-13.5));
#2474 = CARTESIAN_POINT('',(116.4669872981,-12.75));
#2475 = CARTESIAN_POINT('',(116.9,-12.));
#2476 = CARTESIAN_POINT('',(117.33301270189,-12.75));
#2477 = CARTESIAN_POINT('',(117.76602540378,-13.5));
#2478 = CARTESIAN_POINT('',(116.9,-13.5));
#2479 = ( GEOMETRIC_REPRESENTATION_CONTEXT(2) 
PARAMETRIC_REPRESENTATION_CONTEXT() REPRESENTATION_CONTEXT('2D SPACE',''
  ) );
#2480 = PCURVE('',#2481,#2486);
#2481 = CYLINDRICAL_SURFACE('',#2482,0.5);
#2482 = AXIS2_PLACEMENT_3D('',#2483,#2484,#2485);
#2483 = CARTESIAN_POINT('',(34.4,88.75,-4.6E-02));
#2484 = DIRECTION('',(-0.,-0.,-1.));
#2485 = DIRECTION('',(0.,-1.,0.));
#2486 = DEFINITIONAL_REPRESENTATION('',(#2487),#2491);
#2487 = LINE('',#2488,#2489);
#2488 = CARTESIAN_POINT('',(0.,-4.6E-02));
#2489 = VECTOR('',#2490,1.);
#2490 = DIRECTION('',(1.,0.));
#2491 = ( GEOMETRIC_REPRESENTATION_CONTEXT(2) 
PARAMETRIC_REPRESENTATION_CONTEXT() REPRESENTATION_CONTEXT('2D SPACE',''
  ) );
#2492 = FACE_BOUND('',#2493,.F.);
#2493 = EDGE_LOOP('',(#2494));
#2494 = ORIENTED_EDGE('',*,*,#2495,.T.);
#2495 = EDGE_CURVE('',#2496,#2496,#2498,.T.);
#2496 = VERTEX_POINT('',#2497);
#2497 = CARTESIAN_POINT('',(36.94,88.25,0.));
#2498 = SURFACE_CURVE('',#2499,(#2504,#2515),.PCURVE_S1.);
#2499 = CIRCLE('',#2500,0.5);
#2500 = AXIS2_PLACEMENT_3D('',#2501,#2502,#2503);
#2501 = CARTESIAN_POINT('',(36.94,88.75,0.));
#2502 = DIRECTION('',(-0.,-0.,-1.));
#2503 = DIRECTION('',(0.,-1.,0.));
#2504 = PCURVE('',#204,#2505);
#2505 = DEFINITIONAL_REPRESENTATION('',(#2506),#2514);
#2506 = ( BOUNDED_CURVE() B_SPLINE_CURVE(2,(#2507,#2508,#2509,#2510,
#2511,#2512,#2513),.UNSPECIFIED.,.T.,.F.) B_SPLINE_CURVE_WITH_KNOTS((1,2
    ,2,2,2,1),(-2.094395102393,0.,2.094395102393,4.188790204786,
6.28318530718,8.377580409573),.UNSPECIFIED.) CURVE() 
GEOMETRIC_REPRESENTATION_ITEM() RATIONAL_B_SPLINE_CURVE((1.,0.5,1.,0.5,
1.,0.5,1.)) REPRESENTATION_ITEM('') );
#2507 = CARTESIAN_POINT('',(119.44,-13.5));
#2508 = CARTESIAN_POINT('',(118.57397459621,-13.5));
#2509 = CARTESIAN_POINT('',(119.0069872981,-12.75));
#2510 = CARTESIAN_POINT('',(119.44,-12.));
#2511 = CARTESIAN_POINT('',(119.87301270189,-12.75));
#2512 = CARTESIAN_POINT('',(120.30602540378,-13.5));
#2513 = CARTESIAN_POINT('',(119.44,-13.5));
#2514 = ( GEOMETRIC_REPRESENTATION_CONTEXT(2) 
PARAMETRIC_REPRESENTATION_CONTEXT() REPRESENTATION_CONTEXT('2D SPACE',''
  ) );
#2515 = PCURVE('',#2516,#2521);
#2516 = CYLINDRICAL_SURFACE('',#2517,0.5);
#2517 = AXIS2_PLACEMENT_3D('',#2518,#2519,#2520);
#2518 = CARTESIAN_POINT('',(36.94,88.75,-4.6E-02));
#2519 = DIRECTION('',(-0.,-0.,-1.));
#2520 = DIRECTION('',(0.,-1.,0.));
#2521 = DEFINITIONAL_REPRESENTATION('',(#2522),#2526);
#2522 = LINE('',#2523,#2524);
#2523 = CARTESIAN_POINT('',(0.,-4.6E-02));
#2524 = VECTOR('',#2525,1.);
#2525 = DIRECTION('',(1.,0.));
#2526 = ( GEOMETRIC_REPRESENTATION_CONTEXT(2) 
PARAMETRIC_REPRESENTATION_CONTEXT() REPRESENTATION_CONTEXT('2D SPACE',''
  ) );
#2527 = FACE_BOUND('',#2528,.F.);
#2528 = EDGE_LOOP('',(#2529));
#2529 = ORIENTED_EDGE('',*,*,#2530,.T.);
#2530 = EDGE_CURVE('',#2531,#2531,#2533,.T.);
#2531 = VERTEX_POINT('',#2532);
#2532 = CARTESIAN_POINT('',(39.48,88.25,0.));
#2533 = SURFACE_CURVE('',#2534,(#2539,#2550),.PCURVE_S1.);
#2534 = CIRCLE('',#2535,0.5);
#2535 = AXIS2_PLACEMENT_3D('',#2536,#2537,#2538);
#2536 = CARTESIAN_POINT('',(39.48,88.75,0.));
#2537 = DIRECTION('',(-0.,-0.,-1.));
#2538 = DIRECTION('',(0.,-1.,0.));
#2539 = PCURVE('',#204,#2540);
#2540 = DEFINITIONAL_REPRESENTATION('',(#2541),#2549);
#2541 = ( BOUNDED_CURVE() B_SPLINE_CURVE(2,(#2542,#2543,#2544,#2545,
#2546,#2547,#2548),.UNSPECIFIED.,.T.,.F.) B_SPLINE_CURVE_WITH_KNOTS((1,2
    ,2,2,2,1),(-2.094395102393,0.,2.094395102393,4.188790204786,
6.28318530718,8.377580409573),.UNSPECIFIED.) CURVE() 
GEOMETRIC_REPRESENTATION_ITEM() RATIONAL_B_SPLINE_CURVE((1.,0.5,1.,0.5,
1.,0.5,1.)) REPRESENTATION_ITEM('') );
#2542 = CARTESIAN_POINT('',(121.98,-13.5));
#2543 = CARTESIAN_POINT('',(121.11397459621,-13.5));
#2544 = CARTESIAN_POINT('',(121.5469872981,-12.75));
#2545 = CARTESIAN_POINT('',(121.98,-12.));
#2546 = CARTESIAN_POINT('',(122.41301270189,-12.75));
#2547 = CARTESIAN_POINT('',(122.84602540378,-13.5));
#2548 = CARTESIAN_POINT('',(121.98,-13.5));
#2549 = ( GEOMETRIC_REPRESENTATION_CONTEXT(2) 
PARAMETRIC_REPRESENTATION_CONTEXT() REPRESENTATION_CONTEXT('2D SPACE',''
  ) );
#2550 = PCURVE('',#2551,#2556);
#2551 = CYLINDRICAL_SURFACE('',#2552,0.5);
#2552 = AXIS2_PLACEMENT_3D('',#2553,#2554,#2555);
#2553 = CARTESIAN_POINT('',(39.48,88.75,-4.6E-02));
#2554 = DIRECTION('',(-0.,-0.,-1.));
#2555 = DIRECTION('',(0.,-1.,0.));
#2556 = DEFINITIONAL_REPRESENTATION('',(#2557),#2561);
#2557 = LINE('',#2558,#2559);
#2558 = CARTESIAN_POINT('',(0.,-4.6E-02));
#2559 = VECTOR('',#2560,1.);
#2560 = DIRECTION('',(1.,0.));
#2561 = ( GEOMETRIC_REPRESENTATION_CONTEXT(2) 
PARAMETRIC_REPRESENTATION_CONTEXT() REPRESENTATION_CONTEXT('2D SPACE',''
  ) );
#2562 = FACE_BOUND('',#2563,.F.);
#2563 = EDGE_LOOP('',(#2564));
#2564 = ORIENTED_EDGE('',*,*,#2565,.T.);
#2565 = EDGE_CURVE('',#2566,#2566,#2568,.T.);
#2566 = VERTEX_POINT('',#2567);
#2567 = CARTESIAN_POINT('',(42.02,88.25,0.));
#2568 = SURFACE_CURVE('',#2569,(#2574,#2585),.PCURVE_S1.);
#2569 = CIRCLE('',#2570,0.5);
#2570 = AXIS2_PLACEMENT_3D('',#2571,#2572,#2573);
#2571 = CARTESIAN_POINT('',(42.02,88.75,0.));
#2572 = DIRECTION('',(-0.,-0.,-1.));
#2573 = DIRECTION('',(0.,-1.,0.));
#2574 = PCURVE('',#204,#2575);
#2575 = DEFINITIONAL_REPRESENTATION('',(#2576),#2584);
#2576 = ( BOUNDED_CURVE() B_SPLINE_CURVE(2,(#2577,#2578,#2579,#2580,
#2581,#2582,#2583),.UNSPECIFIED.,.T.,.F.) B_SPLINE_CURVE_WITH_KNOTS((1,2
    ,2,2,2,1),(-2.094395102393,0.,2.094395102393,4.188790204786,
6.28318530718,8.377580409573),.UNSPECIFIED.) CURVE() 
GEOMETRIC_REPRESENTATION_ITEM() RATIONAL_B_SPLINE_CURVE((1.,0.5,1.,0.5,
1.,0.5,1.)) REPRESENTATION_ITEM('') );
#2577 = CARTESIAN_POINT('',(124.52,-13.5));
#2578 = CARTESIAN_POINT('',(123.65397459621,-13.5));
#2579 = CARTESIAN_POINT('',(124.0869872981,-12.75));
#2580 = CARTESIAN_POINT('',(124.52,-12.));
#2581 = CARTESIAN_POINT('',(124.95301270189,-12.75));
#2582 = CARTESIAN_POINT('',(125.38602540378,-13.5));
#2583 = CARTESIAN_POINT('',(124.52,-13.5));
#2584 = ( GEOMETRIC_REPRESENTATION_CONTEXT(2) 
PARAMETRIC_REPRESENTATION_CONTEXT() REPRESENTATION_CONTEXT('2D SPACE',''
  ) );
#2585 = PCURVE('',#2586,#2591);
#2586 = CYLINDRICAL_SURFACE('',#2587,0.5);
#2587 = AXIS2_PLACEMENT_3D('',#2588,#2589,#2590);
#2588 = CARTESIAN_POINT('',(42.02,88.75,-4.6E-02));
#2589 = DIRECTION('',(-0.,-0.,-1.));
#2590 = DIRECTION('',(0.,-1.,0.));
#2591 = DEFINITIONAL_REPRESENTATION('',(#2592),#2596);
#2592 = LINE('',#2593,#2594);
#2593 = CARTESIAN_POINT('',(0.,-4.6E-02));
#2594 = VECTOR('',#2595,1.);
#2595 = DIRECTION('',(1.,0.));
#2596 = ( GEOMETRIC_REPRESENTATION_CONTEXT(2) 
PARAMETRIC_REPRESENTATION_CONTEXT() REPRESENTATION_CONTEXT('2D SPACE',''
  ) );
#2597 = FACE_BOUND('',#2598,.F.);
#2598 = EDGE_LOOP('',(#2599));
#2599 = ORIENTED_EDGE('',*,*,#2600,.T.);
#2600 = EDGE_CURVE('',#2601,#2601,#2603,.T.);
#2601 = VERTEX_POINT('',#2602);
#2602 = CARTESIAN_POINT('',(50.0267,53.96,0.));
#2603 = SURFACE_CURVE('',#2604,(#2609,#2620),.PCURVE_S1.);
#2604 = CIRCLE('',#2605,2.);
#2605 = AXIS2_PLACEMENT_3D('',#2606,#2607,#2608);
#2606 = CARTESIAN_POINT('',(50.0267,55.96,0.));
#2607 = DIRECTION('',(-0.,-0.,-1.));
#2608 = DIRECTION('',(0.,-1.,0.));
#2609 = PCURVE('',#204,#2610);
#2610 = DEFINITIONAL_REPRESENTATION('',(#2611),#2619);
#2611 = ( BOUNDED_CURVE() B_SPLINE_CURVE(2,(#2612,#2613,#2614,#2615,
#2616,#2617,#2618),.UNSPECIFIED.,.T.,.F.) B_SPLINE_CURVE_WITH_KNOTS((1,2
    ,2,2,2,1),(-2.094395102393,0.,2.094395102393,4.188790204786,
6.28318530718,8.377580409573),.UNSPECIFIED.) CURVE() 
GEOMETRIC_REPRESENTATION_ITEM() RATIONAL_B_SPLINE_CURVE((1.,0.5,1.,0.5,
1.,0.5,1.)) REPRESENTATION_ITEM('') );
#2612 = CARTESIAN_POINT('',(132.5267,-47.79));
#2613 = CARTESIAN_POINT('',(129.06259838486,-47.79));
#2614 = CARTESIAN_POINT('',(130.79464919243,-44.79));
#2615 = CARTESIAN_POINT('',(132.5267,-41.79));
#2616 = CARTESIAN_POINT('',(134.25875080756,-44.79));
#2617 = CARTESIAN_POINT('',(135.99080161513,-47.79));
#2618 = CARTESIAN_POINT('',(132.5267,-47.79));
#2619 = ( GEOMETRIC_REPRESENTATION_CONTEXT(2) 
PARAMETRIC_REPRESENTATION_CONTEXT() REPRESENTATION_CONTEXT('2D SPACE',''
  ) );
#2620 = PCURVE('',#2621,#2626);
#2621 = CYLINDRICAL_SURFACE('',#2622,2.);
#2622 = AXIS2_PLACEMENT_3D('',#2623,#2624,#2625);
#2623 = CARTESIAN_POINT('',(50.0267,55.96,-4.6E-02));
#2624 = DIRECTION('',(-0.,-0.,-1.));
#2625 = DIRECTION('',(0.,-1.,0.));
#2626 = DEFINITIONAL_REPRESENTATION('',(#2627),#2631);
#2627 = LINE('',#2628,#2629);
#2628 = CARTESIAN_POINT('',(0.,-4.6E-02));
#2629 = VECTOR('',#2630,1.);
#2630 = DIRECTION('',(1.,0.));
#2631 = ( GEOMETRIC_REPRESENTATION_CONTEXT(2) 
PARAMETRIC_REPRESENTATION_CONTEXT() REPRESENTATION_CONTEXT('2D SPACE',''
  ) );
#2632 = FACE_BOUND('',#2633,.F.);
#2633 = EDGE_LOOP('',(#2634));
#2634 = ORIENTED_EDGE('',*,*,#2635,.T.);
#2635 = EDGE_CURVE('',#2636,#2636,#2638,.T.);
#2636 = VERTEX_POINT('',#2637);
#2637 = CARTESIAN_POINT('',(55.1067,55.11,0.));
#2638 = SURFACE_CURVE('',#2639,(#2644,#2655),.PCURVE_S1.);
#2639 = CIRCLE('',#2640,0.85);
#2640 = AXIS2_PLACEMENT_3D('',#2641,#2642,#2643);
#2641 = CARTESIAN_POINT('',(55.1067,55.96,0.));
#2642 = DIRECTION('',(-0.,-0.,-1.));
#2643 = DIRECTION('',(0.,-1.,0.));
#2644 = PCURVE('',#204,#2645);
#2645 = DEFINITIONAL_REPRESENTATION('',(#2646),#2654);
#2646 = ( BOUNDED_CURVE() B_SPLINE_CURVE(2,(#2647,#2648,#2649,#2650,
#2651,#2652,#2653),.UNSPECIFIED.,.T.,.F.) B_SPLINE_CURVE_WITH_KNOTS((1,2
    ,2,2,2,1),(-2.094395102393,0.,2.094395102393,4.188790204786,
6.28318530718,8.377580409573),.UNSPECIFIED.) CURVE() 
GEOMETRIC_REPRESENTATION_ITEM() RATIONAL_B_SPLINE_CURVE((1.,0.5,1.,0.5,
1.,0.5,1.)) REPRESENTATION_ITEM('') );
#2647 = CARTESIAN_POINT('',(137.6067,-46.64));
#2648 = CARTESIAN_POINT('',(136.13445681356,-46.64));
#2649 = CARTESIAN_POINT('',(136.87057840678,-45.365));
#2650 = CARTESIAN_POINT('',(137.6067,-44.09));
#2651 = CARTESIAN_POINT('',(138.34282159321,-45.365));
#2652 = CARTESIAN_POINT('',(139.07894318643,-46.64));
#2653 = CARTESIAN_POINT('',(137.6067,-46.64));
#2654 = ( GEOMETRIC_REPRESENTATION_CONTEXT(2) 
PARAMETRIC_REPRESENTATION_CONTEXT() REPRESENTATION_CONTEXT('2D SPACE',''
  ) );
#2655 = PCURVE('',#2656,#2661);
#2656 = CYLINDRICAL_SURFACE('',#2657,0.85);
#2657 = AXIS2_PLACEMENT_3D('',#2658,#2659,#2660);
#2658 = CARTESIAN_POINT('',(55.1067,55.96,-4.6E-02));
#2659 = DIRECTION('',(-0.,-0.,-1.));
#2660 = DIRECTION('',(0.,-1.,0.));
#2661 = DEFINITIONAL_REPRESENTATION('',(#2662),#2666);
#2662 = LINE('',#2663,#2664);
#2663 = CARTESIAN_POINT('',(0.,-4.6E-02));
#2664 = VECTOR('',#2665,1.);
#2665 = DIRECTION('',(1.,0.));
#2666 = ( GEOMETRIC_REPRESENTATION_CONTEXT(2) 
PARAMETRIC_REPRESENTATION_CONTEXT() REPRESENTATION_CONTEXT('2D SPACE',''
  ) );
#2667 = FACE_BOUND('',#2668,.F.);
#2668 = EDGE_LOOP('',(#2669));
#2669 = ORIENTED_EDGE('',*,*,#2670,.T.);
#2670 = EDGE_CURVE('',#2671,#2671,#2673,.T.);
#2671 = VERTEX_POINT('',#2672);
#2672 = CARTESIAN_POINT('',(64.23,55.11,0.));
#2673 = SURFACE_CURVE('',#2674,(#2679,#2690),.PCURVE_S1.);
#2674 = CIRCLE('',#2675,0.85);
#2675 = AXIS2_PLACEMENT_3D('',#2676,#2677,#2678);
#2676 = CARTESIAN_POINT('',(64.23,55.96,0.));
#2677 = DIRECTION('',(-0.,0.,-1.));
#2678 = DIRECTION('',(-3.343730521224E-14,-1.,0.));
#2679 = PCURVE('',#204,#2680);
#2680 = DEFINITIONAL_REPRESENTATION('',(#2681),#2689);
#2681 = ( BOUNDED_CURVE() B_SPLINE_CURVE(2,(#2682,#2683,#2684,#2685,
#2686,#2687,#2688),.UNSPECIFIED.,.T.,.F.) B_SPLINE_CURVE_WITH_KNOTS((1,2
    ,2,2,2,1),(-2.094395102393,0.,2.094395102393,4.188790204786,
6.28318530718,8.377580409573),.UNSPECIFIED.) CURVE() 
GEOMETRIC_REPRESENTATION_ITEM() RATIONAL_B_SPLINE_CURVE((1.,0.5,1.,0.5,
1.,0.5,1.)) REPRESENTATION_ITEM('') );
#2682 = CARTESIAN_POINT('',(146.73,-46.64));
#2683 = CARTESIAN_POINT('',(145.25775681356,-46.64));
#2684 = CARTESIAN_POINT('',(145.99387840678,-45.365));
#2685 = CARTESIAN_POINT('',(146.73,-44.09));
#2686 = CARTESIAN_POINT('',(147.46612159321,-45.365));
#2687 = CARTESIAN_POINT('',(148.20224318643,-46.64));
#2688 = CARTESIAN_POINT('',(146.73,-46.64));
#2689 = ( GEOMETRIC_REPRESENTATION_CONTEXT(2) 
PARAMETRIC_REPRESENTATION_CONTEXT() REPRESENTATION_CONTEXT('2D SPACE',''
  ) );
#2690 = PCURVE('',#2691,#2696);
#2691 = CYLINDRICAL_SURFACE('',#2692,0.85);
#2692 = AXIS2_PLACEMENT_3D('',#2693,#2694,#2695);
#2693 = CARTESIAN_POINT('',(64.23,55.96,-4.6E-02));
#2694 = DIRECTION('',(-0.,-0.,-1.));
#2695 = DIRECTION('',(-3.343730521224E-14,-1.,0.));
#2696 = DEFINITIONAL_REPRESENTATION('',(#2697),#2701);
#2697 = LINE('',#2698,#2699);
#2698 = CARTESIAN_POINT('',(0.,-4.6E-02));
#2699 = VECTOR('',#2700,1.);
#2700 = DIRECTION('',(1.,0.));
#2701 = ( GEOMETRIC_REPRESENTATION_CONTEXT(2) 
PARAMETRIC_REPRESENTATION_CONTEXT() REPRESENTATION_CONTEXT('2D SPACE',''
  ) );
#2702 = FACE_BOUND('',#2703,.F.);
#2703 = EDGE_LOOP('',(#2704));
#2704 = ORIENTED_EDGE('',*,*,#2705,.T.);
#2705 = EDGE_CURVE('',#2706,#2706,#2708,.T.);
#2706 = VERTEX_POINT('',#2707);
#2707 = CARTESIAN_POINT('',(69.31,53.96,0.));
#2708 = SURFACE_CURVE('',#2709,(#2714,#2725),.PCURVE_S1.);
#2709 = CIRCLE('',#2710,2.);
#2710 = AXIS2_PLACEMENT_3D('',#2711,#2712,#2713);
#2711 = CARTESIAN_POINT('',(69.31,55.96,0.));
#2712 = DIRECTION('',(-0.,-0.,-1.));
#2713 = DIRECTION('',(0.,-1.,0.));
#2714 = PCURVE('',#204,#2715);
#2715 = DEFINITIONAL_REPRESENTATION('',(#2716),#2724);
#2716 = ( BOUNDED_CURVE() B_SPLINE_CURVE(2,(#2717,#2718,#2719,#2720,
#2721,#2722,#2723),.UNSPECIFIED.,.T.,.F.) B_SPLINE_CURVE_WITH_KNOTS((1,2
    ,2,2,2,1),(-2.094395102393,0.,2.094395102393,4.188790204786,
6.28318530718,8.377580409573),.UNSPECIFIED.) CURVE() 
GEOMETRIC_REPRESENTATION_ITEM() RATIONAL_B_SPLINE_CURVE((1.,0.5,1.,0.5,
1.,0.5,1.)) REPRESENTATION_ITEM('') );
#2717 = CARTESIAN_POINT('',(151.81,-47.79));
#2718 = CARTESIAN_POINT('',(148.34589838486,-47.79));
#2719 = CARTESIAN_POINT('',(150.07794919243,-44.79));
#2720 = CARTESIAN_POINT('',(151.81,-41.79));
#2721 = CARTESIAN_POINT('',(153.54205080756,-44.79));
#2722 = CARTESIAN_POINT('',(155.27410161513,-47.79));
#2723 = CARTESIAN_POINT('',(151.81,-47.79));
#2724 = ( GEOMETRIC_REPRESENTATION_CONTEXT(2) 
PARAMETRIC_REPRESENTATION_CONTEXT() REPRESENTATION_CONTEXT('2D SPACE',''
  ) );
#2725 = PCURVE('',#2726,#2731);
#2726 = CYLINDRICAL_SURFACE('',#2727,2.);
#2727 = AXIS2_PLACEMENT_3D('',#2728,#2729,#2730);
#2728 = CARTESIAN_POINT('',(69.31,55.96,-4.6E-02));
#2729 = DIRECTION('',(-0.,-0.,-1.));
#2730 = DIRECTION('',(0.,-1.,0.));
#2731 = DEFINITIONAL_REPRESENTATION('',(#2732),#2736);
#2732 = LINE('',#2733,#2734);
#2733 = CARTESIAN_POINT('',(0.,-4.6E-02));
#2734 = VECTOR('',#2735,1.);
#2735 = DIRECTION('',(1.,0.));
#2736 = ( GEOMETRIC_REPRESENTATION_CONTEXT(2) 
PARAMETRIC_REPRESENTATION_CONTEXT() REPRESENTATION_CONTEXT('2D SPACE',''
  ) );
#2737 = FACE_BOUND('',#2738,.F.);
#2738 = EDGE_LOOP('',(#2739));
#2739 = ORIENTED_EDGE('',*,*,#2740,.T.);
#2740 = EDGE_CURVE('',#2741,#2741,#2743,.T.);
#2741 = VERTEX_POINT('',#2742);
#2742 = CARTESIAN_POINT('',(52.5667,60.29,0.));
#2743 = SURFACE_CURVE('',#2744,(#2749,#2760),.PCURVE_S1.);
#2744 = CIRCLE('',#2745,0.75);
#2745 = AXIS2_PLACEMENT_3D('',#2746,#2747,#2748);
#2746 = CARTESIAN_POINT('',(52.5667,61.04,0.));
#2747 = DIRECTION('',(-0.,-0.,-1.));
#2748 = DIRECTION('',(0.,-1.,0.));
#2749 = PCURVE('',#204,#2750);
#2750 = DEFINITIONAL_REPRESENTATION('',(#2751),#2759);
#2751 = ( BOUNDED_CURVE() B_SPLINE_CURVE(2,(#2752,#2753,#2754,#2755,
#2756,#2757,#2758),.UNSPECIFIED.,.T.,.F.) B_SPLINE_CURVE_WITH_KNOTS((1,2
    ,2,2,2,1),(-2.094395102393,0.,2.094395102393,4.188790204786,
6.28318530718,8.377580409573),.UNSPECIFIED.) CURVE() 
GEOMETRIC_REPRESENTATION_ITEM() RATIONAL_B_SPLINE_CURVE((1.,0.5,1.,0.5,
1.,0.5,1.)) REPRESENTATION_ITEM('') );
#2752 = CARTESIAN_POINT('',(135.0667,-41.46));
#2753 = CARTESIAN_POINT('',(133.76766189432,-41.46));
#2754 = CARTESIAN_POINT('',(134.41718094716,-40.335));
#2755 = CARTESIAN_POINT('',(135.0667,-39.21));
#2756 = CARTESIAN_POINT('',(135.71621905283,-40.335));
#2757 = CARTESIAN_POINT('',(136.36573810567,-41.46));
#2758 = CARTESIAN_POINT('',(135.0667,-41.46));
#2759 = ( GEOMETRIC_REPRESENTATION_CONTEXT(2) 
PARAMETRIC_REPRESENTATION_CONTEXT() REPRESENTATION_CONTEXT('2D SPACE',''
  ) );
#2760 = PCURVE('',#2761,#2766);
#2761 = CYLINDRICAL_SURFACE('',#2762,0.75);
#2762 = AXIS2_PLACEMENT_3D('',#2763,#2764,#2765);
#2763 = CARTESIAN_POINT('',(52.5667,61.04,-4.6E-02));
#2764 = DIRECTION('',(-0.,-0.,-1.));
#2765 = DIRECTION('',(0.,-1.,0.));
#2766 = DEFINITIONAL_REPRESENTATION('',(#2767),#2771);
#2767 = LINE('',#2768,#2769);
#2768 = CARTESIAN_POINT('',(0.,-4.6E-02));
#2769 = VECTOR('',#2770,1.);
#2770 = DIRECTION('',(1.,0.));
#2771 = ( GEOMETRIC_REPRESENTATION_CONTEXT(2) 
PARAMETRIC_REPRESENTATION_CONTEXT() REPRESENTATION_CONTEXT('2D SPACE',''
  ) );
#2772 = FACE_BOUND('',#2773,.F.);
#2773 = EDGE_LOOP('',(#2774));
#2774 = ORIENTED_EDGE('',*,*,#2775,.T.);
#2775 = EDGE_CURVE('',#2776,#2776,#2778,.T.);
#2776 = VERTEX_POINT('',#2777);
#2777 = CARTESIAN_POINT('',(65.5,57.75,0.));
#2778 = SURFACE_CURVE('',#2779,(#2784,#2795),.PCURVE_S1.);
#2779 = CIRCLE('',#2780,0.75);
#2780 = AXIS2_PLACEMENT_3D('',#2781,#2782,#2783);
#2781 = CARTESIAN_POINT('',(65.5,58.5,0.));
#2782 = DIRECTION('',(-0.,-0.,-1.));
#2783 = DIRECTION('',(0.,-1.,0.));
#2784 = PCURVE('',#204,#2785);
#2785 = DEFINITIONAL_REPRESENTATION('',(#2786),#2794);
#2786 = ( BOUNDED_CURVE() B_SPLINE_CURVE(2,(#2787,#2788,#2789,#2790,
#2791,#2792,#2793),.UNSPECIFIED.,.T.,.F.) B_SPLINE_CURVE_WITH_KNOTS((1,2
    ,2,2,2,1),(-2.094395102393,0.,2.094395102393,4.188790204786,
6.28318530718,8.377580409573),.UNSPECIFIED.) CURVE() 
GEOMETRIC_REPRESENTATION_ITEM() RATIONAL_B_SPLINE_CURVE((1.,0.5,1.,0.5,
1.,0.5,1.)) REPRESENTATION_ITEM('') );
#2787 = CARTESIAN_POINT('',(148.,-44.));
#2788 = CARTESIAN_POINT('',(146.70096189432,-44.));
#2789 = CARTESIAN_POINT('',(147.35048094716,-42.875));
#2790 = CARTESIAN_POINT('',(148.,-41.75));
#2791 = CARTESIAN_POINT('',(148.64951905283,-42.875));
#2792 = CARTESIAN_POINT('',(149.29903810567,-44.));
#2793 = CARTESIAN_POINT('',(148.,-44.));
#2794 = ( GEOMETRIC_REPRESENTATION_CONTEXT(2) 
PARAMETRIC_REPRESENTATION_CONTEXT() REPRESENTATION_CONTEXT('2D SPACE',''
  ) );
#2795 = PCURVE('',#2796,#2801);
#2796 = CYLINDRICAL_SURFACE('',#2797,0.75);
#2797 = AXIS2_PLACEMENT_3D('',#2798,#2799,#2800);
#2798 = CARTESIAN_POINT('',(65.5,58.5,-4.6E-02));
#2799 = DIRECTION('',(-0.,-0.,-1.));
#2800 = DIRECTION('',(0.,-1.,0.));
#2801 = DEFINITIONAL_REPRESENTATION('',(#2802),#2806);
#2802 = LINE('',#2803,#2804);
#2803 = CARTESIAN_POINT('',(0.,-4.6E-02));
#2804 = VECTOR('',#2805,1.);
#2805 = DIRECTION('',(1.,0.));
#2806 = ( GEOMETRIC_REPRESENTATION_CONTEXT(2) 
PARAMETRIC_REPRESENTATION_CONTEXT() REPRESENTATION_CONTEXT('2D SPACE',''
  ) );
#2807 = FACE_BOUND('',#2808,.F.);
#2808 = EDGE_LOOP('',(#2809));
#2809 = ORIENTED_EDGE('',*,*,#2810,.T.);
#2810 = EDGE_CURVE('',#2811,#2811,#2813,.T.);
#2811 = VERTEX_POINT('',#2812);
#2812 = CARTESIAN_POINT('',(74.39,55.11,0.));
#2813 = SURFACE_CURVE('',#2814,(#2819,#2830),.PCURVE_S1.);
#2814 = CIRCLE('',#2815,0.85);
#2815 = AXIS2_PLACEMENT_3D('',#2816,#2817,#2818);
#2816 = CARTESIAN_POINT('',(74.39,55.96,0.));
#2817 = DIRECTION('',(-0.,-0.,-1.));
#2818 = DIRECTION('',(0.,-1.,0.));
#2819 = PCURVE('',#204,#2820);
#2820 = DEFINITIONAL_REPRESENTATION('',(#2821),#2829);
#2821 = ( BOUNDED_CURVE() B_SPLINE_CURVE(2,(#2822,#2823,#2824,#2825,
#2826,#2827,#2828),.UNSPECIFIED.,.T.,.F.) B_SPLINE_CURVE_WITH_KNOTS((1,2
    ,2,2,2,1),(-2.094395102393,0.,2.094395102393,4.188790204786,
6.28318530718,8.377580409573),.UNSPECIFIED.) CURVE() 
GEOMETRIC_REPRESENTATION_ITEM() RATIONAL_B_SPLINE_CURVE((1.,0.5,1.,0.5,
1.,0.5,1.)) REPRESENTATION_ITEM('') );
#2822 = CARTESIAN_POINT('',(156.89,-46.64));
#2823 = CARTESIAN_POINT('',(155.41775681356,-46.64));
#2824 = CARTESIAN_POINT('',(156.15387840678,-45.365));
#2825 = CARTESIAN_POINT('',(156.89,-44.09));
#2826 = CARTESIAN_POINT('',(157.62612159321,-45.365));
#2827 = CARTESIAN_POINT('',(158.36224318643,-46.64));
#2828 = CARTESIAN_POINT('',(156.89,-46.64));
#2829 = ( GEOMETRIC_REPRESENTATION_CONTEXT(2) 
PARAMETRIC_REPRESENTATION_CONTEXT() REPRESENTATION_CONTEXT('2D SPACE',''
  ) );
#2830 = PCURVE('',#2831,#2836);
#2831 = CYLINDRICAL_SURFACE('',#2832,0.85);
#2832 = AXIS2_PLACEMENT_3D('',#2833,#2834,#2835);
#2833 = CARTESIAN_POINT('',(74.39,55.96,-4.6E-02));
#2834 = DIRECTION('',(-0.,-0.,-1.));
#2835 = DIRECTION('',(0.,-1.,0.));
#2836 = DEFINITIONAL_REPRESENTATION('',(#2837),#2841);
#2837 = LINE('',#2838,#2839);
#2838 = CARTESIAN_POINT('',(0.,-4.6E-02));
#2839 = VECTOR('',#2840,1.);
#2840 = DIRECTION('',(1.,0.));
#2841 = ( GEOMETRIC_REPRESENTATION_CONTEXT(2) 
PARAMETRIC_REPRESENTATION_CONTEXT() REPRESENTATION_CONTEXT('2D SPACE',''
  ) );
#2842 = FACE_BOUND('',#2843,.F.);
#2843 = EDGE_LOOP('',(#2844));
#2844 = ORIENTED_EDGE('',*,*,#2845,.T.);
#2845 = EDGE_CURVE('',#2846,#2846,#2848,.T.);
#2846 = VERTEX_POINT('',#2847);
#2847 = CARTESIAN_POINT('',(86.15,55.75,0.));
#2848 = SURFACE_CURVE('',#2849,(#2854,#2865),.PCURVE_S1.);
#2849 = CIRCLE('',#2850,0.5);
#2850 = AXIS2_PLACEMENT_3D('',#2851,#2852,#2853);
#2851 = CARTESIAN_POINT('',(86.15,56.25,0.));
#2852 = DIRECTION('',(-0.,-0.,-1.));
#2853 = DIRECTION('',(0.,-1.,0.));
#2854 = PCURVE('',#204,#2855);
#2855 = DEFINITIONAL_REPRESENTATION('',(#2856),#2864);
#2856 = ( BOUNDED_CURVE() B_SPLINE_CURVE(2,(#2857,#2858,#2859,#2860,
#2861,#2862,#2863),.UNSPECIFIED.,.T.,.F.) B_SPLINE_CURVE_WITH_KNOTS((1,2
    ,2,2,2,1),(-2.094395102393,0.,2.094395102393,4.188790204786,
6.28318530718,8.377580409573),.UNSPECIFIED.) CURVE() 
GEOMETRIC_REPRESENTATION_ITEM() RATIONAL_B_SPLINE_CURVE((1.,0.5,1.,0.5,
1.,0.5,1.)) REPRESENTATION_ITEM('') );
#2857 = CARTESIAN_POINT('',(168.65,-46.));
#2858 = CARTESIAN_POINT('',(167.78397459621,-46.));
#2859 = CARTESIAN_POINT('',(168.2169872981,-45.25));
#2860 = CARTESIAN_POINT('',(168.65,-44.5));
#2861 = CARTESIAN_POINT('',(169.08301270189,-45.25));
#2862 = CARTESIAN_POINT('',(169.51602540378,-46.));
#2863 = CARTESIAN_POINT('',(168.65,-46.));
#2864 = ( GEOMETRIC_REPRESENTATION_CONTEXT(2) 
PARAMETRIC_REPRESENTATION_CONTEXT() REPRESENTATION_CONTEXT('2D SPACE',''
  ) );
#2865 = PCURVE('',#2866,#2871);
#2866 = CYLINDRICAL_SURFACE('',#2867,0.5);
#2867 = AXIS2_PLACEMENT_3D('',#2868,#2869,#2870);
#2868 = CARTESIAN_POINT('',(86.15,56.25,-4.6E-02));
#2869 = DIRECTION('',(-0.,-0.,-1.));
#2870 = DIRECTION('',(0.,-1.,0.));
#2871 = DEFINITIONAL_REPRESENTATION('',(#2872),#2876);
#2872 = LINE('',#2873,#2874);
#2873 = CARTESIAN_POINT('',(0.,-4.6E-02));
#2874 = VECTOR('',#2875,1.);
#2875 = DIRECTION('',(1.,0.));
#2876 = ( GEOMETRIC_REPRESENTATION_CONTEXT(2) 
PARAMETRIC_REPRESENTATION_CONTEXT() REPRESENTATION_CONTEXT('2D SPACE',''
  ) );
#2877 = FACE_BOUND('',#2878,.F.);
#2878 = EDGE_LOOP('',(#2879));
#2879 = ORIENTED_EDGE('',*,*,#2880,.T.);
#2880 = EDGE_CURVE('',#2881,#2881,#2883,.T.);
#2881 = VERTEX_POINT('',#2882);
#2882 = CARTESIAN_POINT('',(93.75,55.75,0.));
#2883 = SURFACE_CURVE('',#2884,(#2889,#2900),.PCURVE_S1.);
#2884 = CIRCLE('',#2885,0.5);
#2885 = AXIS2_PLACEMENT_3D('',#2886,#2887,#2888);
#2886 = CARTESIAN_POINT('',(93.75,56.25,0.));
#2887 = DIRECTION('',(-0.,-0.,-1.));
#2888 = DIRECTION('',(0.,-1.,0.));
#2889 = PCURVE('',#204,#2890);
#2890 = DEFINITIONAL_REPRESENTATION('',(#2891),#2899);
#2891 = ( BOUNDED_CURVE() B_SPLINE_CURVE(2,(#2892,#2893,#2894,#2895,
#2896,#2897,#2898),.UNSPECIFIED.,.T.,.F.) B_SPLINE_CURVE_WITH_KNOTS((1,2
    ,2,2,2,1),(-2.094395102393,0.,2.094395102393,4.188790204786,
6.28318530718,8.377580409573),.UNSPECIFIED.) CURVE() 
GEOMETRIC_REPRESENTATION_ITEM() RATIONAL_B_SPLINE_CURVE((1.,0.5,1.,0.5,
1.,0.5,1.)) REPRESENTATION_ITEM('') );
#2892 = CARTESIAN_POINT('',(176.25,-46.));
#2893 = CARTESIAN_POINT('',(175.38397459621,-46.));
#2894 = CARTESIAN_POINT('',(175.8169872981,-45.25));
#2895 = CARTESIAN_POINT('',(176.25,-44.5));
#2896 = CARTESIAN_POINT('',(176.68301270189,-45.25));
#2897 = CARTESIAN_POINT('',(177.11602540378,-46.));
#2898 = CARTESIAN_POINT('',(176.25,-46.));
#2899 = ( GEOMETRIC_REPRESENTATION_CONTEXT(2) 
PARAMETRIC_REPRESENTATION_CONTEXT() REPRESENTATION_CONTEXT('2D SPACE',''
  ) );
#2900 = PCURVE('',#2901,#2906);
#2901 = CYLINDRICAL_SURFACE('',#2902,0.5);
#2902 = AXIS2_PLACEMENT_3D('',#2903,#2904,#2905);
#2903 = CARTESIAN_POINT('',(93.75,56.25,-4.6E-02));
#2904 = DIRECTION('',(-0.,-0.,-1.));
#2905 = DIRECTION('',(0.,-1.,0.));
#2906 = DEFINITIONAL_REPRESENTATION('',(#2907),#2911);
#2907 = LINE('',#2908,#2909);
#2908 = CARTESIAN_POINT('',(0.,-4.6E-02));
#2909 = VECTOR('',#2910,1.);
#2910 = DIRECTION('',(1.,0.));
#2911 = ( GEOMETRIC_REPRESENTATION_CONTEXT(2) 
PARAMETRIC_REPRESENTATION_CONTEXT() REPRESENTATION_CONTEXT('2D SPACE',''
  ) );
#2912 = FACE_BOUND('',#2913,.F.);
#2913 = EDGE_LOOP('',(#2914));
#2914 = ORIENTED_EDGE('',*,*,#2915,.T.);
#2915 = EDGE_CURVE('',#2916,#2916,#2918,.T.);
#2916 = VERTEX_POINT('',#2917);
#2917 = CARTESIAN_POINT('',(71.85,60.29,0.));
#2918 = SURFACE_CURVE('',#2919,(#2924,#2935),.PCURVE_S1.);
#2919 = CIRCLE('',#2920,0.75);
#2920 = AXIS2_PLACEMENT_3D('',#2921,#2922,#2923);
#2921 = CARTESIAN_POINT('',(71.85,61.04,0.));
#2922 = DIRECTION('',(-0.,-0.,-1.));
#2923 = DIRECTION('',(0.,-1.,0.));
#2924 = PCURVE('',#204,#2925);
#2925 = DEFINITIONAL_REPRESENTATION('',(#2926),#2934);
#2926 = ( BOUNDED_CURVE() B_SPLINE_CURVE(2,(#2927,#2928,#2929,#2930,
#2931,#2932,#2933),.UNSPECIFIED.,.T.,.F.) B_SPLINE_CURVE_WITH_KNOTS((1,2
    ,2,2,2,1),(-2.094395102393,0.,2.094395102393,4.188790204786,
6.28318530718,8.377580409573),.UNSPECIFIED.) CURVE() 
GEOMETRIC_REPRESENTATION_ITEM() RATIONAL_B_SPLINE_CURVE((1.,0.5,1.,0.5,
1.,0.5,1.)) REPRESENTATION_ITEM('') );
#2927 = CARTESIAN_POINT('',(154.35,-41.46));
#2928 = CARTESIAN_POINT('',(153.05096189432,-41.46));
#2929 = CARTESIAN_POINT('',(153.70048094716,-40.335));
#2930 = CARTESIAN_POINT('',(154.35,-39.21));
#2931 = CARTESIAN_POINT('',(154.99951905283,-40.335));
#2932 = CARTESIAN_POINT('',(155.64903810567,-41.46));
#2933 = CARTESIAN_POINT('',(154.35,-41.46));
#2934 = ( GEOMETRIC_REPRESENTATION_CONTEXT(2) 
PARAMETRIC_REPRESENTATION_CONTEXT() REPRESENTATION_CONTEXT('2D SPACE',''
  ) );
#2935 = PCURVE('',#2936,#2941);
#2936 = CYLINDRICAL_SURFACE('',#2937,0.75);
#2937 = AXIS2_PLACEMENT_3D('',#2938,#2939,#2940);
#2938 = CARTESIAN_POINT('',(71.85,61.04,-4.6E-02));
#2939 = DIRECTION('',(-0.,-0.,-1.));
#2940 = DIRECTION('',(0.,-1.,0.));
#2941 = DEFINITIONAL_REPRESENTATION('',(#2942),#2946);
#2942 = LINE('',#2943,#2944);
#2943 = CARTESIAN_POINT('',(0.,-4.6E-02));
#2944 = VECTOR('',#2945,1.);
#2945 = DIRECTION('',(1.,0.));
#2946 = ( GEOMETRIC_REPRESENTATION_CONTEXT(2) 
PARAMETRIC_REPRESENTATION_CONTEXT() REPRESENTATION_CONTEXT('2D SPACE',''
  ) );
#2947 = FACE_BOUND('',#2948,.F.);
#2948 = EDGE_LOOP('',(#2949));
#2949 = ORIENTED_EDGE('',*,*,#2950,.T.);
#2950 = EDGE_CURVE('',#2951,#2951,#2953,.T.);
#2951 = VERTEX_POINT('',#2952);
#2952 = CARTESIAN_POINT('',(86.25,67.,0.));
#2953 = SURFACE_CURVE('',#2954,(#2959,#2970),.PCURVE_S1.);
#2954 = CIRCLE('',#2955,0.5);
#2955 = AXIS2_PLACEMENT_3D('',#2956,#2957,#2958);
#2956 = CARTESIAN_POINT('',(86.25,67.5,0.));
#2957 = DIRECTION('',(-0.,-0.,-1.));
#2958 = DIRECTION('',(0.,-1.,0.));
#2959 = PCURVE('',#204,#2960);
#2960 = DEFINITIONAL_REPRESENTATION('',(#2961),#2969);
#2961 = ( BOUNDED_CURVE() B_SPLINE_CURVE(2,(#2962,#2963,#2964,#2965,
#2966,#2967,#2968),.UNSPECIFIED.,.T.,.F.) B_SPLINE_CURVE_WITH_KNOTS((1,2
    ,2,2,2,1),(-2.094395102393,0.,2.094395102393,4.188790204786,
6.28318530718,8.377580409573),.UNSPECIFIED.) CURVE() 
GEOMETRIC_REPRESENTATION_ITEM() RATIONAL_B_SPLINE_CURVE((1.,0.5,1.,0.5,
1.,0.5,1.)) REPRESENTATION_ITEM('') );
#2962 = CARTESIAN_POINT('',(168.75,-34.75));
#2963 = CARTESIAN_POINT('',(167.88397459621,-34.75));
#2964 = CARTESIAN_POINT('',(168.3169872981,-34.));
#2965 = CARTESIAN_POINT('',(168.75,-33.25));
#2966 = CARTESIAN_POINT('',(169.18301270189,-34.));
#2967 = CARTESIAN_POINT('',(169.61602540378,-34.75));
#2968 = CARTESIAN_POINT('',(168.75,-34.75));
#2969 = ( GEOMETRIC_REPRESENTATION_CONTEXT(2) 
PARAMETRIC_REPRESENTATION_CONTEXT() REPRESENTATION_CONTEXT('2D SPACE',''
  ) );
#2970 = PCURVE('',#2971,#2976);
#2971 = CYLINDRICAL_SURFACE('',#2972,0.5);
#2972 = AXIS2_PLACEMENT_3D('',#2973,#2974,#2975);
#2973 = CARTESIAN_POINT('',(86.25,67.5,-4.6E-02));
#2974 = DIRECTION('',(-0.,-0.,-1.));
#2975 = DIRECTION('',(0.,-1.,0.));
#2976 = DEFINITIONAL_REPRESENTATION('',(#2977),#2981);
#2977 = LINE('',#2978,#2979);
#2978 = CARTESIAN_POINT('',(0.,-4.6E-02));
#2979 = VECTOR('',#2980,1.);
#2980 = DIRECTION('',(1.,0.));
#2981 = ( GEOMETRIC_REPRESENTATION_CONTEXT(2) 
PARAMETRIC_REPRESENTATION_CONTEXT() REPRESENTATION_CONTEXT('2D SPACE',''
  ) );
#2982 = FACE_BOUND('',#2983,.F.);
#2983 = EDGE_LOOP('',(#2984));
#2984 = ORIENTED_EDGE('',*,*,#2985,.T.);
#2985 = EDGE_CURVE('',#2986,#2986,#2988,.T.);
#2986 = VERTEX_POINT('',#2987);
#2987 = CARTESIAN_POINT('',(91.25,67.,0.));
#2988 = SURFACE_CURVE('',#2989,(#2994,#3005),.PCURVE_S1.);
#2989 = CIRCLE('',#2990,0.5);
#2990 = AXIS2_PLACEMENT_3D('',#2991,#2992,#2993);
#2991 = CARTESIAN_POINT('',(91.25,67.5,0.));
#2992 = DIRECTION('',(-0.,-0.,-1.));
#2993 = DIRECTION('',(0.,-1.,0.));
#2994 = PCURVE('',#204,#2995);
#2995 = DEFINITIONAL_REPRESENTATION('',(#2996),#3004);
#2996 = ( BOUNDED_CURVE() B_SPLINE_CURVE(2,(#2997,#2998,#2999,#3000,
#3001,#3002,#3003),.UNSPECIFIED.,.T.,.F.) B_SPLINE_CURVE_WITH_KNOTS((1,2
    ,2,2,2,1),(-2.094395102393,0.,2.094395102393,4.188790204786,
6.28318530718,8.377580409573),.UNSPECIFIED.) CURVE() 
GEOMETRIC_REPRESENTATION_ITEM() RATIONAL_B_SPLINE_CURVE((1.,0.5,1.,0.5,
1.,0.5,1.)) REPRESENTATION_ITEM('') );
#2997 = CARTESIAN_POINT('',(173.75,-34.75));
#2998 = CARTESIAN_POINT('',(172.88397459621,-34.75));
#2999 = CARTESIAN_POINT('',(173.3169872981,-34.));
#3000 = CARTESIAN_POINT('',(173.75,-33.25));
#3001 = CARTESIAN_POINT('',(174.18301270189,-34.));
#3002 = CARTESIAN_POINT('',(174.61602540378,-34.75));
#3003 = CARTESIAN_POINT('',(173.75,-34.75));
#3004 = ( GEOMETRIC_REPRESENTATION_CONTEXT(2) 
PARAMETRIC_REPRESENTATION_CONTEXT() REPRESENTATION_CONTEXT('2D SPACE',''
  ) );
#3005 = PCURVE('',#3006,#3011);
#3006 = CYLINDRICAL_SURFACE('',#3007,0.5);
#3007 = AXIS2_PLACEMENT_3D('',#3008,#3009,#3010);
#3008 = CARTESIAN_POINT('',(91.25,67.5,-4.6E-02));
#3009 = DIRECTION('',(-0.,-0.,-1.));
#3010 = DIRECTION('',(0.,-1.,0.));
#3011 = DEFINITIONAL_REPRESENTATION('',(#3012),#3016);
#3012 = LINE('',#3013,#3014);
#3013 = CARTESIAN_POINT('',(0.,-4.6E-02));
#3014 = VECTOR('',#3015,1.);
#3015 = DIRECTION('',(1.,0.));
#3016 = ( GEOMETRIC_REPRESENTATION_CONTEXT(2) 
PARAMETRIC_REPRESENTATION_CONTEXT() REPRESENTATION_CONTEXT('2D SPACE',''
  ) );
#3017 = FACE_BOUND('',#3018,.F.);
#3018 = EDGE_LOOP('',(#3019));
#3019 = ORIENTED_EDGE('',*,*,#3020,.T.);
#3020 = EDGE_CURVE('',#3021,#3021,#3023,.T.);
#3021 = VERTEX_POINT('',#3022);
#3022 = CARTESIAN_POINT('',(50.04,73.25,0.));
#3023 = SURFACE_CURVE('',#3024,(#3029,#3040),.PCURVE_S1.);
#3024 = CIRCLE('',#3025,2.);
#3025 = AXIS2_PLACEMENT_3D('',#3026,#3027,#3028);
#3026 = CARTESIAN_POINT('',(50.04,75.25,0.));
#3027 = DIRECTION('',(-0.,-0.,-1.));
#3028 = DIRECTION('',(0.,-1.,0.));
#3029 = PCURVE('',#204,#3030);
#3030 = DEFINITIONAL_REPRESENTATION('',(#3031),#3039);
#3031 = ( BOUNDED_CURVE() B_SPLINE_CURVE(2,(#3032,#3033,#3034,#3035,
#3036,#3037,#3038),.UNSPECIFIED.,.T.,.F.) B_SPLINE_CURVE_WITH_KNOTS((1,2
    ,2,2,2,1),(-2.094395102393,0.,2.094395102393,4.188790204786,
6.28318530718,8.377580409573),.UNSPECIFIED.) CURVE() 
GEOMETRIC_REPRESENTATION_ITEM() RATIONAL_B_SPLINE_CURVE((1.,0.5,1.,0.5,
1.,0.5,1.)) REPRESENTATION_ITEM('') );
#3032 = CARTESIAN_POINT('',(132.54,-28.5));
#3033 = CARTESIAN_POINT('',(129.07589838486,-28.5));
#3034 = CARTESIAN_POINT('',(130.80794919243,-25.5));
#3035 = CARTESIAN_POINT('',(132.54,-22.5));
#3036 = CARTESIAN_POINT('',(134.27205080756,-25.5));
#3037 = CARTESIAN_POINT('',(136.00410161513,-28.5));
#3038 = CARTESIAN_POINT('',(132.54,-28.5));
#3039 = ( GEOMETRIC_REPRESENTATION_CONTEXT(2) 
PARAMETRIC_REPRESENTATION_CONTEXT() REPRESENTATION_CONTEXT('2D SPACE',''
  ) );
#3040 = PCURVE('',#3041,#3046);
#3041 = CYLINDRICAL_SURFACE('',#3042,2.);
#3042 = AXIS2_PLACEMENT_3D('',#3043,#3044,#3045);
#3043 = CARTESIAN_POINT('',(50.04,75.25,-4.6E-02));
#3044 = DIRECTION('',(-0.,-0.,-1.));
#3045 = DIRECTION('',(0.,-1.,0.));
#3046 = DEFINITIONAL_REPRESENTATION('',(#3047),#3051);
#3047 = LINE('',#3048,#3049);
#3048 = CARTESIAN_POINT('',(0.,-4.6E-02));
#3049 = VECTOR('',#3050,1.);
#3050 = DIRECTION('',(1.,0.));
#3051 = ( GEOMETRIC_REPRESENTATION_CONTEXT(2) 
PARAMETRIC_REPRESENTATION_CONTEXT() REPRESENTATION_CONTEXT('2D SPACE',''
  ) );
#3052 = FACE_BOUND('',#3053,.F.);
#3053 = EDGE_LOOP('',(#3054));
#3054 = ORIENTED_EDGE('',*,*,#3055,.T.);
#3055 = EDGE_CURVE('',#3056,#3056,#3058,.T.);
#3056 = VERTEX_POINT('',#3057);
#3057 = CARTESIAN_POINT('',(55.12,74.4,0.));
#3058 = SURFACE_CURVE('',#3059,(#3064,#3075),.PCURVE_S1.);
#3059 = CIRCLE('',#3060,0.85);
#3060 = AXIS2_PLACEMENT_3D('',#3061,#3062,#3063);
#3061 = CARTESIAN_POINT('',(55.12,75.25,0.));
#3062 = DIRECTION('',(-0.,-0.,-1.));
#3063 = DIRECTION('',(0.,-1.,0.));
#3064 = PCURVE('',#204,#3065);
#3065 = DEFINITIONAL_REPRESENTATION('',(#3066),#3074);
#3066 = ( BOUNDED_CURVE() B_SPLINE_CURVE(2,(#3067,#3068,#3069,#3070,
#3071,#3072,#3073),.UNSPECIFIED.,.T.,.F.) B_SPLINE_CURVE_WITH_KNOTS((1,2
    ,2,2,2,1),(-2.094395102393,0.,2.094395102393,4.188790204786,
6.28318530718,8.377580409573),.UNSPECIFIED.) CURVE() 
GEOMETRIC_REPRESENTATION_ITEM() RATIONAL_B_SPLINE_CURVE((1.,0.5,1.,0.5,
1.,0.5,1.)) REPRESENTATION_ITEM('') );
#3067 = CARTESIAN_POINT('',(137.62,-27.35));
#3068 = CARTESIAN_POINT('',(136.14775681356,-27.35));
#3069 = CARTESIAN_POINT('',(136.88387840678,-26.075));
#3070 = CARTESIAN_POINT('',(137.62,-24.8));
#3071 = CARTESIAN_POINT('',(138.35612159321,-26.075));
#3072 = CARTESIAN_POINT('',(139.09224318643,-27.35));
#3073 = CARTESIAN_POINT('',(137.62,-27.35));
#3074 = ( GEOMETRIC_REPRESENTATION_CONTEXT(2) 
PARAMETRIC_REPRESENTATION_CONTEXT() REPRESENTATION_CONTEXT('2D SPACE',''
  ) );
#3075 = PCURVE('',#3076,#3081);
#3076 = CYLINDRICAL_SURFACE('',#3077,0.85);
#3077 = AXIS2_PLACEMENT_3D('',#3078,#3079,#3080);
#3078 = CARTESIAN_POINT('',(55.12,75.25,-4.6E-02));
#3079 = DIRECTION('',(-0.,-0.,-1.));
#3080 = DIRECTION('',(0.,-1.,0.));
#3081 = DEFINITIONAL_REPRESENTATION('',(#3082),#3086);
#3082 = LINE('',#3083,#3084);
#3083 = CARTESIAN_POINT('',(0.,-4.6E-02));
#3084 = VECTOR('',#3085,1.);
#3085 = DIRECTION('',(1.,0.));
#3086 = ( GEOMETRIC_REPRESENTATION_CONTEXT(2) 
PARAMETRIC_REPRESENTATION_CONTEXT() REPRESENTATION_CONTEXT('2D SPACE',''
  ) );
#3087 = FACE_BOUND('',#3088,.F.);
#3088 = EDGE_LOOP('',(#3089));
#3089 = ORIENTED_EDGE('',*,*,#3090,.T.);
#3090 = EDGE_CURVE('',#3091,#3091,#3093,.T.);
#3091 = VERTEX_POINT('',#3092);
#3092 = CARTESIAN_POINT('',(64.25,74.4,0.));
#3093 = SURFACE_CURVE('',#3094,(#3099,#3110),.PCURVE_S1.);
#3094 = CIRCLE('',#3095,0.85);
#3095 = AXIS2_PLACEMENT_3D('',#3096,#3097,#3098);
#3096 = CARTESIAN_POINT('',(64.25,75.25,0.));
#3097 = DIRECTION('',(-0.,-0.,-1.));
#3098 = DIRECTION('',(0.,-1.,0.));
#3099 = PCURVE('',#204,#3100);
#3100 = DEFINITIONAL_REPRESENTATION('',(#3101),#3109);
#3101 = ( BOUNDED_CURVE() B_SPLINE_CURVE(2,(#3102,#3103,#3104,#3105,
#3106,#3107,#3108),.UNSPECIFIED.,.T.,.F.) B_SPLINE_CURVE_WITH_KNOTS((1,2
    ,2,2,2,1),(-2.094395102393,0.,2.094395102393,4.188790204786,
6.28318530718,8.377580409573),.UNSPECIFIED.) CURVE() 
GEOMETRIC_REPRESENTATION_ITEM() RATIONAL_B_SPLINE_CURVE((1.,0.5,1.,0.5,
1.,0.5,1.)) REPRESENTATION_ITEM('') );
#3102 = CARTESIAN_POINT('',(146.75,-27.35));
#3103 = CARTESIAN_POINT('',(145.27775681356,-27.35));
#3104 = CARTESIAN_POINT('',(146.01387840678,-26.075));
#3105 = CARTESIAN_POINT('',(146.75,-24.8));
#3106 = CARTESIAN_POINT('',(147.48612159321,-26.075));
#3107 = CARTESIAN_POINT('',(148.22224318643,-27.35));
#3108 = CARTESIAN_POINT('',(146.75,-27.35));
#3109 = ( GEOMETRIC_REPRESENTATION_CONTEXT(2) 
PARAMETRIC_REPRESENTATION_CONTEXT() REPRESENTATION_CONTEXT('2D SPACE',''
  ) );
#3110 = PCURVE('',#3111,#3116);
#3111 = CYLINDRICAL_SURFACE('',#3112,0.85);
#3112 = AXIS2_PLACEMENT_3D('',#3113,#3114,#3115);
#3113 = CARTESIAN_POINT('',(64.25,75.25,-4.6E-02));
#3114 = DIRECTION('',(-0.,-0.,-1.));
#3115 = DIRECTION('',(0.,-1.,0.));
#3116 = DEFINITIONAL_REPRESENTATION('',(#3117),#3121);
#3117 = LINE('',#3118,#3119);
#3118 = CARTESIAN_POINT('',(0.,-4.6E-02));
#3119 = VECTOR('',#3120,1.);
#3120 = DIRECTION('',(1.,0.));
#3121 = ( GEOMETRIC_REPRESENTATION_CONTEXT(2) 
PARAMETRIC_REPRESENTATION_CONTEXT() REPRESENTATION_CONTEXT('2D SPACE',''
  ) );
#3122 = FACE_BOUND('',#3123,.F.);
#3123 = EDGE_LOOP('',(#3124));
#3124 = ORIENTED_EDGE('',*,*,#3125,.T.);
#3125 = EDGE_CURVE('',#3126,#3126,#3128,.T.);
#3126 = VERTEX_POINT('',#3127);
#3127 = CARTESIAN_POINT('',(65.52,77.04,0.));
#3128 = SURFACE_CURVE('',#3129,(#3134,#3145),.PCURVE_S1.);
#3129 = CIRCLE('',#3130,0.75);
#3130 = AXIS2_PLACEMENT_3D('',#3131,#3132,#3133);
#3131 = CARTESIAN_POINT('',(65.52,77.79,0.));
#3132 = DIRECTION('',(-0.,-0.,-1.));
#3133 = DIRECTION('',(0.,-1.,0.));
#3134 = PCURVE('',#204,#3135);
#3135 = DEFINITIONAL_REPRESENTATION('',(#3136),#3144);
#3136 = ( BOUNDED_CURVE() B_SPLINE_CURVE(2,(#3137,#3138,#3139,#3140,
#3141,#3142,#3143),.UNSPECIFIED.,.T.,.F.) B_SPLINE_CURVE_WITH_KNOTS((1,2
    ,2,2,2,1),(-2.094395102393,0.,2.094395102393,4.188790204786,
6.28318530718,8.377580409573),.UNSPECIFIED.) CURVE() 
GEOMETRIC_REPRESENTATION_ITEM() RATIONAL_B_SPLINE_CURVE((1.,0.5,1.,0.5,
1.,0.5,1.)) REPRESENTATION_ITEM('') );
#3137 = CARTESIAN_POINT('',(148.02,-24.71));
#3138 = CARTESIAN_POINT('',(146.72096189432,-24.71));
#3139 = CARTESIAN_POINT('',(147.37048094716,-23.585));
#3140 = CARTESIAN_POINT('',(148.02,-22.46));
#3141 = CARTESIAN_POINT('',(148.66951905283,-23.585));
#3142 = CARTESIAN_POINT('',(149.31903810567,-24.71));
#3143 = CARTESIAN_POINT('',(148.02,-24.71));
#3144 = ( GEOMETRIC_REPRESENTATION_CONTEXT(2) 
PARAMETRIC_REPRESENTATION_CONTEXT() REPRESENTATION_CONTEXT('2D SPACE',''
  ) );
#3145 = PCURVE('',#3146,#3151);
#3146 = CYLINDRICAL_SURFACE('',#3147,0.75);
#3147 = AXIS2_PLACEMENT_3D('',#3148,#3149,#3150);
#3148 = CARTESIAN_POINT('',(65.52,77.79,-4.6E-02));
#3149 = DIRECTION('',(-0.,-0.,-1.));
#3150 = DIRECTION('',(0.,-1.,0.));
#3151 = DEFINITIONAL_REPRESENTATION('',(#3152),#3156);
#3152 = LINE('',#3153,#3154);
#3153 = CARTESIAN_POINT('',(0.,-4.6E-02));
#3154 = VECTOR('',#3155,1.);
#3155 = DIRECTION('',(1.,0.));
#3156 = ( GEOMETRIC_REPRESENTATION_CONTEXT(2) 
PARAMETRIC_REPRESENTATION_CONTEXT() REPRESENTATION_CONTEXT('2D SPACE',''
  ) );
#3157 = FACE_BOUND('',#3158,.F.);
#3158 = EDGE_LOOP('',(#3159));
#3159 = ORIENTED_EDGE('',*,*,#3160,.T.);
#3160 = EDGE_CURVE('',#3161,#3161,#3163,.T.);
#3161 = VERTEX_POINT('',#3162);
#3162 = CARTESIAN_POINT('',(69.33,73.25,0.));
#3163 = SURFACE_CURVE('',#3164,(#3169,#3180),.PCURVE_S1.);
#3164 = CIRCLE('',#3165,2.);
#3165 = AXIS2_PLACEMENT_3D('',#3166,#3167,#3168);
#3166 = CARTESIAN_POINT('',(69.33,75.25,0.));
#3167 = DIRECTION('',(-0.,-0.,-1.));
#3168 = DIRECTION('',(0.,-1.,0.));
#3169 = PCURVE('',#204,#3170);
#3170 = DEFINITIONAL_REPRESENTATION('',(#3171),#3179);
#3171 = ( BOUNDED_CURVE() B_SPLINE_CURVE(2,(#3172,#3173,#3174,#3175,
#3176,#3177,#3178),.UNSPECIFIED.,.T.,.F.) B_SPLINE_CURVE_WITH_KNOTS((1,2
    ,2,2,2,1),(-2.094395102393,0.,2.094395102393,4.188790204786,
6.28318530718,8.377580409573),.UNSPECIFIED.) CURVE() 
GEOMETRIC_REPRESENTATION_ITEM() RATIONAL_B_SPLINE_CURVE((1.,0.5,1.,0.5,
1.,0.5,1.)) REPRESENTATION_ITEM('') );
#3172 = CARTESIAN_POINT('',(151.83,-28.5));
#3173 = CARTESIAN_POINT('',(148.36589838486,-28.5));
#3174 = CARTESIAN_POINT('',(150.09794919243,-25.5));
#3175 = CARTESIAN_POINT('',(151.83,-22.5));
#3176 = CARTESIAN_POINT('',(153.56205080756,-25.5));
#3177 = CARTESIAN_POINT('',(155.29410161513,-28.5));
#3178 = CARTESIAN_POINT('',(151.83,-28.5));
#3179 = ( GEOMETRIC_REPRESENTATION_CONTEXT(2) 
PARAMETRIC_REPRESENTATION_CONTEXT() REPRESENTATION_CONTEXT('2D SPACE',''
  ) );
#3180 = PCURVE('',#3181,#3186);
#3181 = CYLINDRICAL_SURFACE('',#3182,2.);
#3182 = AXIS2_PLACEMENT_3D('',#3183,#3184,#3185);
#3183 = CARTESIAN_POINT('',(69.33,75.25,-4.6E-02));
#3184 = DIRECTION('',(-0.,-0.,-1.));
#3185 = DIRECTION('',(0.,-1.,0.));
#3186 = DEFINITIONAL_REPRESENTATION('',(#3187),#3191);
#3187 = LINE('',#3188,#3189);
#3188 = CARTESIAN_POINT('',(0.,-4.6E-02));
#3189 = VECTOR('',#3190,1.);
#3190 = DIRECTION('',(1.,0.));
#3191 = ( GEOMETRIC_REPRESENTATION_CONTEXT(2) 
PARAMETRIC_REPRESENTATION_CONTEXT() REPRESENTATION_CONTEXT('2D SPACE',''
  ) );
#3192 = FACE_BOUND('',#3193,.F.);
#3193 = EDGE_LOOP('',(#3194));
#3194 = ORIENTED_EDGE('',*,*,#3195,.T.);
#3195 = EDGE_CURVE('',#3196,#3196,#3198,.T.);
#3196 = VERTEX_POINT('',#3197);
#3197 = CARTESIAN_POINT('',(52.58,79.58,0.));
#3198 = SURFACE_CURVE('',#3199,(#3204,#3215),.PCURVE_S1.);
#3199 = CIRCLE('',#3200,0.75);
#3200 = AXIS2_PLACEMENT_3D('',#3201,#3202,#3203);
#3201 = CARTESIAN_POINT('',(52.58,80.33,0.));
#3202 = DIRECTION('',(-0.,-0.,-1.));
#3203 = DIRECTION('',(0.,-1.,0.));
#3204 = PCURVE('',#204,#3205);
#3205 = DEFINITIONAL_REPRESENTATION('',(#3206),#3214);
#3206 = ( BOUNDED_CURVE() B_SPLINE_CURVE(2,(#3207,#3208,#3209,#3210,
#3211,#3212,#3213),.UNSPECIFIED.,.T.,.F.) B_SPLINE_CURVE_WITH_KNOTS((1,2
    ,2,2,2,1),(-2.094395102393,0.,2.094395102393,4.188790204786,
6.28318530718,8.377580409573),.UNSPECIFIED.) CURVE() 
GEOMETRIC_REPRESENTATION_ITEM() RATIONAL_B_SPLINE_CURVE((1.,0.5,1.,0.5,
1.,0.5,1.)) REPRESENTATION_ITEM('') );
#3207 = CARTESIAN_POINT('',(135.08,-22.17));
#3208 = CARTESIAN_POINT('',(133.78096189432,-22.17));
#3209 = CARTESIAN_POINT('',(134.43048094716,-21.045));
#3210 = CARTESIAN_POINT('',(135.08,-19.92));
#3211 = CARTESIAN_POINT('',(135.72951905283,-21.045));
#3212 = CARTESIAN_POINT('',(136.37903810567,-22.17));
#3213 = CARTESIAN_POINT('',(135.08,-22.17));
#3214 = ( GEOMETRIC_REPRESENTATION_CONTEXT(2) 
PARAMETRIC_REPRESENTATION_CONTEXT() REPRESENTATION_CONTEXT('2D SPACE',''
  ) );
#3215 = PCURVE('',#3216,#3221);
#3216 = CYLINDRICAL_SURFACE('',#3217,0.75);
#3217 = AXIS2_PLACEMENT_3D('',#3218,#3219,#3220);
#3218 = CARTESIAN_POINT('',(52.58,80.33,-4.6E-02));
#3219 = DIRECTION('',(-0.,-0.,-1.));
#3220 = DIRECTION('',(0.,-1.,0.));
#3221 = DEFINITIONAL_REPRESENTATION('',(#3222),#3226);
#3222 = LINE('',#3223,#3224);
#3223 = CARTESIAN_POINT('',(0.,-4.6E-02));
#3224 = VECTOR('',#3225,1.);
#3225 = DIRECTION('',(1.,0.));
#3226 = ( GEOMETRIC_REPRESENTATION_CONTEXT(2) 
PARAMETRIC_REPRESENTATION_CONTEXT() REPRESENTATION_CONTEXT('2D SPACE',''
  ) );
#3227 = FACE_BOUND('',#3228,.F.);
#3228 = EDGE_LOOP('',(#3229));
#3229 = ORIENTED_EDGE('',*,*,#3230,.T.);
#3230 = EDGE_CURVE('',#3231,#3231,#3233,.T.);
#3231 = VERTEX_POINT('',#3232);
#3232 = CARTESIAN_POINT('',(74.41,74.4,0.));
#3233 = SURFACE_CURVE('',#3234,(#3239,#3250),.PCURVE_S1.);
#3234 = CIRCLE('',#3235,0.85);
#3235 = AXIS2_PLACEMENT_3D('',#3236,#3237,#3238);
#3236 = CARTESIAN_POINT('',(74.41,75.25,0.));
#3237 = DIRECTION('',(-0.,-0.,-1.));
#3238 = DIRECTION('',(0.,-1.,0.));
#3239 = PCURVE('',#204,#3240);
#3240 = DEFINITIONAL_REPRESENTATION('',(#3241),#3249);
#3241 = ( BOUNDED_CURVE() B_SPLINE_CURVE(2,(#3242,#3243,#3244,#3245,
#3246,#3247,#3248),.UNSPECIFIED.,.T.,.F.) B_SPLINE_CURVE_WITH_KNOTS((1,2
    ,2,2,2,1),(-2.094395102393,0.,2.094395102393,4.188790204786,
6.28318530718,8.377580409573),.UNSPECIFIED.) CURVE() 
GEOMETRIC_REPRESENTATION_ITEM() RATIONAL_B_SPLINE_CURVE((1.,0.5,1.,0.5,
1.,0.5,1.)) REPRESENTATION_ITEM('') );
#3242 = CARTESIAN_POINT('',(156.91,-27.35));
#3243 = CARTESIAN_POINT('',(155.43775681356,-27.35));
#3244 = CARTESIAN_POINT('',(156.17387840678,-26.075));
#3245 = CARTESIAN_POINT('',(156.91,-24.8));
#3246 = CARTESIAN_POINT('',(157.64612159321,-26.075));
#3247 = CARTESIAN_POINT('',(158.38224318643,-27.35));
#3248 = CARTESIAN_POINT('',(156.91,-27.35));
#3249 = ( GEOMETRIC_REPRESENTATION_CONTEXT(2) 
PARAMETRIC_REPRESENTATION_CONTEXT() REPRESENTATION_CONTEXT('2D SPACE',''
  ) );
#3250 = PCURVE('',#3251,#3256);
#3251 = CYLINDRICAL_SURFACE('',#3252,0.85);
#3252 = AXIS2_PLACEMENT_3D('',#3253,#3254,#3255);
#3253 = CARTESIAN_POINT('',(74.41,75.25,-4.6E-02));
#3254 = DIRECTION('',(-0.,-0.,-1.));
#3255 = DIRECTION('',(0.,-1.,0.));
#3256 = DEFINITIONAL_REPRESENTATION('',(#3257),#3261);
#3257 = LINE('',#3258,#3259);
#3258 = CARTESIAN_POINT('',(0.,-4.6E-02));
#3259 = VECTOR('',#3260,1.);
#3260 = DIRECTION('',(1.,0.));
#3261 = ( GEOMETRIC_REPRESENTATION_CONTEXT(2) 
PARAMETRIC_REPRESENTATION_CONTEXT() REPRESENTATION_CONTEXT('2D SPACE',''
  ) );
#3262 = FACE_BOUND('',#3263,.F.);
#3263 = EDGE_LOOP('',(#3264,#3299,#3327,#3360));
#3264 = ORIENTED_EDGE('',*,*,#3265,.T.);
#3265 = EDGE_CURVE('',#3266,#3268,#3270,.T.);
#3266 = VERTEX_POINT('',#3267);
#3267 = CARTESIAN_POINT('',(83.9,73.85,0.));
#3268 = VERTEX_POINT('',#3269);
#3269 = CARTESIAN_POINT('',(82.4,73.85,0.));
#3270 = SURFACE_CURVE('',#3271,(#3276,#3287),.PCURVE_S1.);
#3271 = CIRCLE('',#3272,0.75);
#3272 = AXIS2_PLACEMENT_3D('',#3273,#3274,#3275);
#3273 = CARTESIAN_POINT('',(83.15,73.85,0.));
#3274 = DIRECTION('',(0.,0.,-1.));
#3275 = DIRECTION('',(-1.,0.,0.));
#3276 = PCURVE('',#204,#3277);
#3277 = DEFINITIONAL_REPRESENTATION('',(#3278),#3286);
#3278 = ( BOUNDED_CURVE() B_SPLINE_CURVE(2,(#3279,#3280,#3281,#3282,
#3283,#3284,#3285),.UNSPECIFIED.,.T.,.F.) B_SPLINE_CURVE_WITH_KNOTS((1,2
    ,2,2,2,1),(-2.094395102393,0.,2.094395102393,4.188790204786,
6.28318530718,8.377580409573),.UNSPECIFIED.) CURVE() 
GEOMETRIC_REPRESENTATION_ITEM() RATIONAL_B_SPLINE_CURVE((1.,0.5,1.,0.5,
1.,0.5,1.)) REPRESENTATION_ITEM('') );
#3279 = CARTESIAN_POINT('',(164.9,-27.9));
#3280 = CARTESIAN_POINT('',(164.9,-26.60096189432));
#3281 = CARTESIAN_POINT('',(166.025,-27.25048094716));
#3282 = CARTESIAN_POINT('',(167.15,-27.9));
#3283 = CARTESIAN_POINT('',(166.025,-28.54951905283));
#3284 = CARTESIAN_POINT('',(164.9,-29.19903810567));
#3285 = CARTESIAN_POINT('',(164.9,-27.9));
#3286 = ( GEOMETRIC_REPRESENTATION_CONTEXT(2) 
PARAMETRIC_REPRESENTATION_CONTEXT() REPRESENTATION_CONTEXT('2D SPACE',''
  ) );
#3287 = PCURVE('',#3288,#3293);
#3288 = CYLINDRICAL_SURFACE('',#3289,0.75);
#3289 = AXIS2_PLACEMENT_3D('',#3290,#3291,#3292);
#3290 = CARTESIAN_POINT('',(83.15,73.85,-4.6E-02));
#3291 = DIRECTION('',(-0.,-0.,-1.));
#3292 = DIRECTION('',(-1.,0.,0.));
#3293 = DEFINITIONAL_REPRESENTATION('',(#3294),#3298);
#3294 = LINE('',#3295,#3296);
#3295 = CARTESIAN_POINT('',(0.,-4.6E-02));
#3296 = VECTOR('',#3297,1.);
#3297 = DIRECTION('',(1.,0.));
#3298 = ( GEOMETRIC_REPRESENTATION_CONTEXT(2) 
PARAMETRIC_REPRESENTATION_CONTEXT() REPRESENTATION_CONTEXT('2D SPACE',''
  ) );
#3299 = ORIENTED_EDGE('',*,*,#3300,.T.);
#3300 = EDGE_CURVE('',#3268,#3301,#3303,.T.);
#3301 = VERTEX_POINT('',#3302);
#3302 = CARTESIAN_POINT('',(82.4,75.15,0.));
#3303 = SURFACE_CURVE('',#3304,(#3308,#3315),.PCURVE_S1.);
#3304 = LINE('',#3305,#3306);
#3305 = CARTESIAN_POINT('',(82.4,88.45,0.));
#3306 = VECTOR('',#3307,1.);
#3307 = DIRECTION('',(0.,1.,0.));
#3308 = PCURVE('',#204,#3309);
#3309 = DEFINITIONAL_REPRESENTATION('',(#3310),#3314);
#3310 = LINE('',#3311,#3312);
#3311 = CARTESIAN_POINT('',(164.9,-13.3));
#3312 = VECTOR('',#3313,1.);
#3313 = DIRECTION('',(0.,1.));
#3314 = ( GEOMETRIC_REPRESENTATION_CONTEXT(2) 
PARAMETRIC_REPRESENTATION_CONTEXT() REPRESENTATION_CONTEXT('2D SPACE',''
  ) );
#3315 = PCURVE('',#3316,#3321);
#3316 = PLANE('',#3317);
#3317 = AXIS2_PLACEMENT_3D('',#3318,#3319,#3320);
#3318 = CARTESIAN_POINT('',(82.4,75.15,-4.6E-02));
#3319 = DIRECTION('',(1.,0.,0.));
#3320 = DIRECTION('',(0.,-1.,0.));
#3321 = DEFINITIONAL_REPRESENTATION('',(#3322),#3326);
#3322 = LINE('',#3323,#3324);
#3323 = CARTESIAN_POINT('',(-13.3,-4.6E-02));
#3324 = VECTOR('',#3325,1.);
#3325 = DIRECTION('',(-1.,0.));
#3326 = ( GEOMETRIC_REPRESENTATION_CONTEXT(2) 
PARAMETRIC_REPRESENTATION_CONTEXT() REPRESENTATION_CONTEXT('2D SPACE',''
  ) );
#3327 = ORIENTED_EDGE('',*,*,#3328,.T.);
#3328 = EDGE_CURVE('',#3301,#3329,#3331,.T.);
#3329 = VERTEX_POINT('',#3330);
#3330 = CARTESIAN_POINT('',(83.9,75.15,0.));
#3331 = SURFACE_CURVE('',#3332,(#3337,#3348),.PCURVE_S1.);
#3332 = CIRCLE('',#3333,0.75);
#3333 = AXIS2_PLACEMENT_3D('',#3334,#3335,#3336);
#3334 = CARTESIAN_POINT('',(83.15,75.15,0.));
#3335 = DIRECTION('',(0.,0.,-1.));
#3336 = DIRECTION('',(1.,0.,0.));
#3337 = PCURVE('',#204,#3338);
#3338 = DEFINITIONAL_REPRESENTATION('',(#3339),#3347);
#3339 = ( BOUNDED_CURVE() B_SPLINE_CURVE(2,(#3340,#3341,#3342,#3343,
#3344,#3345,#3346),.UNSPECIFIED.,.T.,.F.) B_SPLINE_CURVE_WITH_KNOTS((1,2
    ,2,2,2,1),(-2.094395102393,0.,2.094395102393,4.188790204786,
6.28318530718,8.377580409573),.UNSPECIFIED.) CURVE() 
GEOMETRIC_REPRESENTATION_ITEM() RATIONAL_B_SPLINE_CURVE((1.,0.5,1.,0.5,
1.,0.5,1.)) REPRESENTATION_ITEM('') );
#3340 = CARTESIAN_POINT('',(166.4,-26.6));
#3341 = CARTESIAN_POINT('',(166.4,-27.89903810567));
#3342 = CARTESIAN_POINT('',(165.275,-27.24951905283));
#3343 = CARTESIAN_POINT('',(164.15,-26.6));
#3344 = CARTESIAN_POINT('',(165.275,-25.95048094716));
#3345 = CARTESIAN_POINT('',(166.4,-25.30096189432));
#3346 = CARTESIAN_POINT('',(166.4,-26.6));
#3347 = ( GEOMETRIC_REPRESENTATION_CONTEXT(2) 
PARAMETRIC_REPRESENTATION_CONTEXT() REPRESENTATION_CONTEXT('2D SPACE',''
  ) );
#3348 = PCURVE('',#3349,#3354);
#3349 = CYLINDRICAL_SURFACE('',#3350,0.75);
#3350 = AXIS2_PLACEMENT_3D('',#3351,#3352,#3353);
#3351 = CARTESIAN_POINT('',(83.15,75.15,-4.6E-02));
#3352 = DIRECTION('',(-0.,-0.,-1.));
#3353 = DIRECTION('',(1.,0.,0.));
#3354 = DEFINITIONAL_REPRESENTATION('',(#3355),#3359);
#3355 = LINE('',#3356,#3357);
#3356 = CARTESIAN_POINT('',(0.,-4.6E-02));
#3357 = VECTOR('',#3358,1.);
#3358 = DIRECTION('',(1.,0.));
#3359 = ( GEOMETRIC_REPRESENTATION_CONTEXT(2) 
PARAMETRIC_REPRESENTATION_CONTEXT() REPRESENTATION_CONTEXT('2D SPACE',''
  ) );
#3360 = ORIENTED_EDGE('',*,*,#3361,.T.);
#3361 = EDGE_CURVE('',#3329,#3266,#3362,.T.);
#3362 = SURFACE_CURVE('',#3363,(#3367,#3374),.PCURVE_S1.);
#3363 = LINE('',#3364,#3365);
#3364 = CARTESIAN_POINT('',(83.9,87.8,0.));
#3365 = VECTOR('',#3366,1.);
#3366 = DIRECTION('',(0.,-1.,0.));
#3367 = PCURVE('',#204,#3368);
#3368 = DEFINITIONAL_REPRESENTATION('',(#3369),#3373);
#3369 = LINE('',#3370,#3371);
#3370 = CARTESIAN_POINT('',(166.4,-13.95));
#3371 = VECTOR('',#3372,1.);
#3372 = DIRECTION('',(0.,-1.));
#3373 = ( GEOMETRIC_REPRESENTATION_CONTEXT(2) 
PARAMETRIC_REPRESENTATION_CONTEXT() REPRESENTATION_CONTEXT('2D SPACE',''
  ) );
#3374 = PCURVE('',#3375,#3380);
#3375 = PLANE('',#3376);
#3376 = AXIS2_PLACEMENT_3D('',#3377,#3378,#3379);
#3377 = CARTESIAN_POINT('',(83.9,73.85,-4.6E-02));
#3378 = DIRECTION('',(-1.,0.,0.));
#3379 = DIRECTION('',(0.,1.,0.));
#3380 = DEFINITIONAL_REPRESENTATION('',(#3381),#3385);
#3381 = LINE('',#3382,#3383);
#3382 = CARTESIAN_POINT('',(13.95,-4.6E-02));
#3383 = VECTOR('',#3384,1.);
#3384 = DIRECTION('',(-1.,0.));
#3385 = ( GEOMETRIC_REPRESENTATION_CONTEXT(2) 
PARAMETRIC_REPRESENTATION_CONTEXT() REPRESENTATION_CONTEXT('2D SPACE',''
  ) );
#3386 = FACE_BOUND('',#3387,.F.);
#3387 = EDGE_LOOP('',(#3388,#3423,#3451,#3484));
#3388 = ORIENTED_EDGE('',*,*,#3389,.T.);
#3389 = EDGE_CURVE('',#3390,#3392,#3394,.T.);
#3390 = VERTEX_POINT('',#3391);
#3391 = CARTESIAN_POINT('',(95.1,73.85,0.));
#3392 = VERTEX_POINT('',#3393);
#3393 = CARTESIAN_POINT('',(93.6,73.85,0.));
#3394 = SURFACE_CURVE('',#3395,(#3400,#3411),.PCURVE_S1.);
#3395 = CIRCLE('',#3396,0.75);
#3396 = AXIS2_PLACEMENT_3D('',#3397,#3398,#3399);
#3397 = CARTESIAN_POINT('',(94.35,73.85,0.));
#3398 = DIRECTION('',(0.,0.,-1.));
#3399 = DIRECTION('',(-1.,0.,0.));
#3400 = PCURVE('',#204,#3401);
#3401 = DEFINITIONAL_REPRESENTATION('',(#3402),#3410);
#3402 = ( BOUNDED_CURVE() B_SPLINE_CURVE(2,(#3403,#3404,#3405,#3406,
#3407,#3408,#3409),.UNSPECIFIED.,.T.,.F.) B_SPLINE_CURVE_WITH_KNOTS((1,2
    ,2,2,2,1),(-2.094395102393,0.,2.094395102393,4.188790204786,
6.28318530718,8.377580409573),.UNSPECIFIED.) CURVE() 
GEOMETRIC_REPRESENTATION_ITEM() RATIONAL_B_SPLINE_CURVE((1.,0.5,1.,0.5,
1.,0.5,1.)) REPRESENTATION_ITEM('') );
#3403 = CARTESIAN_POINT('',(176.1,-27.9));
#3404 = CARTESIAN_POINT('',(176.1,-26.60096189432));
#3405 = CARTESIAN_POINT('',(177.225,-27.25048094716));
#3406 = CARTESIAN_POINT('',(178.35,-27.9));
#3407 = CARTESIAN_POINT('',(177.225,-28.54951905283));
#3408 = CARTESIAN_POINT('',(176.1,-29.19903810567));
#3409 = CARTESIAN_POINT('',(176.1,-27.9));
#3410 = ( GEOMETRIC_REPRESENTATION_CONTEXT(2) 
PARAMETRIC_REPRESENTATION_CONTEXT() REPRESENTATION_CONTEXT('2D SPACE',''
  ) );
#3411 = PCURVE('',#3412,#3417);
#3412 = CYLINDRICAL_SURFACE('',#3413,0.75);
#3413 = AXIS2_PLACEMENT_3D('',#3414,#3415,#3416);
#3414 = CARTESIAN_POINT('',(94.35,73.85,-4.6E-02));
#3415 = DIRECTION('',(-0.,-0.,-1.));
#3416 = DIRECTION('',(-1.,0.,0.));
#3417 = DEFINITIONAL_REPRESENTATION('',(#3418),#3422);
#3418 = LINE('',#3419,#3420);
#3419 = CARTESIAN_POINT('',(0.,-4.6E-02));
#3420 = VECTOR('',#3421,1.);
#3421 = DIRECTION('',(1.,0.));
#3422 = ( GEOMETRIC_REPRESENTATION_CONTEXT(2) 
PARAMETRIC_REPRESENTATION_CONTEXT() REPRESENTATION_CONTEXT('2D SPACE',''
  ) );
#3423 = ORIENTED_EDGE('',*,*,#3424,.T.);
#3424 = EDGE_CURVE('',#3392,#3425,#3427,.T.);
#3425 = VERTEX_POINT('',#3426);
#3426 = CARTESIAN_POINT('',(93.6,75.15,0.));
#3427 = SURFACE_CURVE('',#3428,(#3432,#3439),.PCURVE_S1.);
#3428 = LINE('',#3429,#3430);
#3429 = CARTESIAN_POINT('',(93.6,88.45,0.));
#3430 = VECTOR('',#3431,1.);
#3431 = DIRECTION('',(0.,1.,0.));
#3432 = PCURVE('',#204,#3433);
#3433 = DEFINITIONAL_REPRESENTATION('',(#3434),#3438);
#3434 = LINE('',#3435,#3436);
#3435 = CARTESIAN_POINT('',(176.1,-13.3));
#3436 = VECTOR('',#3437,1.);
#3437 = DIRECTION('',(0.,1.));
#3438 = ( GEOMETRIC_REPRESENTATION_CONTEXT(2) 
PARAMETRIC_REPRESENTATION_CONTEXT() REPRESENTATION_CONTEXT('2D SPACE',''
  ) );
#3439 = PCURVE('',#3440,#3445);
#3440 = PLANE('',#3441);
#3441 = AXIS2_PLACEMENT_3D('',#3442,#3443,#3444);
#3442 = CARTESIAN_POINT('',(93.6,75.15,-4.6E-02));
#3443 = DIRECTION('',(1.,0.,0.));
#3444 = DIRECTION('',(0.,-1.,0.));
#3445 = DEFINITIONAL_REPRESENTATION('',(#3446),#3450);
#3446 = LINE('',#3447,#3448);
#3447 = CARTESIAN_POINT('',(-13.3,-4.6E-02));
#3448 = VECTOR('',#3449,1.);
#3449 = DIRECTION('',(-1.,0.));
#3450 = ( GEOMETRIC_REPRESENTATION_CONTEXT(2) 
PARAMETRIC_REPRESENTATION_CONTEXT() REPRESENTATION_CONTEXT('2D SPACE',''
  ) );
#3451 = ORIENTED_EDGE('',*,*,#3452,.T.);
#3452 = EDGE_CURVE('',#3425,#3453,#3455,.T.);
#3453 = VERTEX_POINT('',#3454);
#3454 = CARTESIAN_POINT('',(95.1,75.15,0.));
#3455 = SURFACE_CURVE('',#3456,(#3461,#3472),.PCURVE_S1.);
#3456 = CIRCLE('',#3457,0.75);
#3457 = AXIS2_PLACEMENT_3D('',#3458,#3459,#3460);
#3458 = CARTESIAN_POINT('',(94.35,75.15,0.));
#3459 = DIRECTION('',(0.,0.,-1.));
#3460 = DIRECTION('',(1.,0.,0.));
#3461 = PCURVE('',#204,#3462);
#3462 = DEFINITIONAL_REPRESENTATION('',(#3463),#3471);
#3463 = ( BOUNDED_CURVE() B_SPLINE_CURVE(2,(#3464,#3465,#3466,#3467,
#3468,#3469,#3470),.UNSPECIFIED.,.T.,.F.) B_SPLINE_CURVE_WITH_KNOTS((1,2
    ,2,2,2,1),(-2.094395102393,0.,2.094395102393,4.188790204786,
6.28318530718,8.377580409573),.UNSPECIFIED.) CURVE() 
GEOMETRIC_REPRESENTATION_ITEM() RATIONAL_B_SPLINE_CURVE((1.,0.5,1.,0.5,
1.,0.5,1.)) REPRESENTATION_ITEM('') );
#3464 = CARTESIAN_POINT('',(177.6,-26.6));
#3465 = CARTESIAN_POINT('',(177.6,-27.89903810567));
#3466 = CARTESIAN_POINT('',(176.475,-27.24951905283));
#3467 = CARTESIAN_POINT('',(175.35,-26.6));
#3468 = CARTESIAN_POINT('',(176.475,-25.95048094716));
#3469 = CARTESIAN_POINT('',(177.6,-25.30096189432));
#3470 = CARTESIAN_POINT('',(177.6,-26.6));
#3471 = ( GEOMETRIC_REPRESENTATION_CONTEXT(2) 
PARAMETRIC_REPRESENTATION_CONTEXT() REPRESENTATION_CONTEXT('2D SPACE',''
  ) );
#3472 = PCURVE('',#3473,#3478);
#3473 = CYLINDRICAL_SURFACE('',#3474,0.75);
#3474 = AXIS2_PLACEMENT_3D('',#3475,#3476,#3477);
#3475 = CARTESIAN_POINT('',(94.35,75.15,-4.6E-02));
#3476 = DIRECTION('',(-0.,-0.,-1.));
#3477 = DIRECTION('',(1.,0.,0.));
#3478 = DEFINITIONAL_REPRESENTATION('',(#3479),#3483);
#3479 = LINE('',#3480,#3481);
#3480 = CARTESIAN_POINT('',(0.,-4.6E-02));
#3481 = VECTOR('',#3482,1.);
#3482 = DIRECTION('',(1.,0.));
#3483 = ( GEOMETRIC_REPRESENTATION_CONTEXT(2) 
PARAMETRIC_REPRESENTATION_CONTEXT() REPRESENTATION_CONTEXT('2D SPACE',''
  ) );
#3484 = ORIENTED_EDGE('',*,*,#3485,.T.);
#3485 = EDGE_CURVE('',#3453,#3390,#3486,.T.);
#3486 = SURFACE_CURVE('',#3487,(#3491,#3498),.PCURVE_S1.);
#3487 = LINE('',#3488,#3489);
#3488 = CARTESIAN_POINT('',(95.1,87.8,0.));
#3489 = VECTOR('',#3490,1.);
#3490 = DIRECTION('',(0.,-1.,0.));
#3491 = PCURVE('',#204,#3492);
#3492 = DEFINITIONAL_REPRESENTATION('',(#3493),#3497);
#3493 = LINE('',#3494,#3495);
#3494 = CARTESIAN_POINT('',(177.6,-13.95));
#3495 = VECTOR('',#3496,1.);
#3496 = DIRECTION('',(0.,-1.));
#3497 = ( GEOMETRIC_REPRESENTATION_CONTEXT(2) 
PARAMETRIC_REPRESENTATION_CONTEXT() REPRESENTATION_CONTEXT('2D SPACE',''
  ) );
#3498 = PCURVE('',#3499,#3504);
#3499 = PLANE('',#3500);
#3500 = AXIS2_PLACEMENT_3D('',#3501,#3502,#3503);
#3501 = CARTESIAN_POINT('',(95.1,73.85,-4.6E-02));
#3502 = DIRECTION('',(-1.,0.,0.));
#3503 = DIRECTION('',(0.,1.,0.));
#3504 = DEFINITIONAL_REPRESENTATION('',(#3505),#3509);
#3505 = LINE('',#3506,#3507);
#3506 = CARTESIAN_POINT('',(13.95,-4.6E-02));
#3507 = VECTOR('',#3508,1.);
#3508 = DIRECTION('',(-1.,0.));
#3509 = ( GEOMETRIC_REPRESENTATION_CONTEXT(2) 
PARAMETRIC_REPRESENTATION_CONTEXT() REPRESENTATION_CONTEXT('2D SPACE',''
  ) );
#3510 = FACE_BOUND('',#3511,.F.);
#3511 = EDGE_LOOP('',(#3512));
#3512 = ORIENTED_EDGE('',*,*,#3513,.T.);
#3513 = EDGE_CURVE('',#3514,#3514,#3516,.T.);
#3514 = VERTEX_POINT('',#3515);
#3515 = CARTESIAN_POINT('',(71.87,79.58,0.));
#3516 = SURFACE_CURVE('',#3517,(#3522,#3533),.PCURVE_S1.);
#3517 = CIRCLE('',#3518,0.75);
#3518 = AXIS2_PLACEMENT_3D('',#3519,#3520,#3521);
#3519 = CARTESIAN_POINT('',(71.87,80.33,0.));
#3520 = DIRECTION('',(-0.,-0.,-1.));
#3521 = DIRECTION('',(0.,-1.,0.));
#3522 = PCURVE('',#204,#3523);
#3523 = DEFINITIONAL_REPRESENTATION('',(#3524),#3532);
#3524 = ( BOUNDED_CURVE() B_SPLINE_CURVE(2,(#3525,#3526,#3527,#3528,
#3529,#3530,#3531),.UNSPECIFIED.,.T.,.F.) B_SPLINE_CURVE_WITH_KNOTS((1,2
    ,2,2,2,1),(-2.094395102393,0.,2.094395102393,4.188790204786,
6.28318530718,8.377580409573),.UNSPECIFIED.) CURVE() 
GEOMETRIC_REPRESENTATION_ITEM() RATIONAL_B_SPLINE_CURVE((1.,0.5,1.,0.5,
1.,0.5,1.)) REPRESENTATION_ITEM('') );
#3525 = CARTESIAN_POINT('',(154.37,-22.17));
#3526 = CARTESIAN_POINT('',(153.07096189432,-22.17));
#3527 = CARTESIAN_POINT('',(153.72048094716,-21.045));
#3528 = CARTESIAN_POINT('',(154.37,-19.92));
#3529 = CARTESIAN_POINT('',(155.01951905283,-21.045));
#3530 = CARTESIAN_POINT('',(155.66903810567,-22.17));
#3531 = CARTESIAN_POINT('',(154.37,-22.17));
#3532 = ( GEOMETRIC_REPRESENTATION_CONTEXT(2) 
PARAMETRIC_REPRESENTATION_CONTEXT() REPRESENTATION_CONTEXT('2D SPACE',''
  ) );
#3533 = PCURVE('',#3534,#3539);
#3534 = CYLINDRICAL_SURFACE('',#3535,0.75);
#3535 = AXIS2_PLACEMENT_3D('',#3536,#3537,#3538);
#3536 = CARTESIAN_POINT('',(71.87,80.33,-4.6E-02));
#3537 = DIRECTION('',(-0.,-0.,-1.));
#3538 = DIRECTION('',(0.,-1.,0.));
#3539 = DEFINITIONAL_REPRESENTATION('',(#3540),#3544);
#3540 = LINE('',#3541,#3542);
#3541 = CARTESIAN_POINT('',(0.,-4.6E-02));
#3542 = VECTOR('',#3543,1.);
#3543 = DIRECTION('',(1.,0.));
#3544 = ( GEOMETRIC_REPRESENTATION_CONTEXT(2) 
PARAMETRIC_REPRESENTATION_CONTEXT() REPRESENTATION_CONTEXT('2D SPACE',''
  ) );
#3545 = FACE_BOUND('',#3546,.F.);
#3546 = EDGE_LOOP('',(#3547));
#3547 = ORIENTED_EDGE('',*,*,#3548,.T.);
#3548 = EDGE_CURVE('',#3549,#3549,#3551,.T.);
#3549 = VERTEX_POINT('',#3550);
#3550 = CARTESIAN_POINT('',(86.25,81.5,0.));
#3551 = SURFACE_CURVE('',#3552,(#3557,#3568),.PCURVE_S1.);
#3552 = CIRCLE('',#3553,0.5);
#3553 = AXIS2_PLACEMENT_3D('',#3554,#3555,#3556);
#3554 = CARTESIAN_POINT('',(86.25,82.,0.));
#3555 = DIRECTION('',(-0.,-0.,-1.));
#3556 = DIRECTION('',(0.,-1.,0.));
#3557 = PCURVE('',#204,#3558);
#3558 = DEFINITIONAL_REPRESENTATION('',(#3559),#3567);
#3559 = ( BOUNDED_CURVE() B_SPLINE_CURVE(2,(#3560,#3561,#3562,#3563,
#3564,#3565,#3566),.UNSPECIFIED.,.T.,.F.) B_SPLINE_CURVE_WITH_KNOTS((1,2
    ,2,2,2,1),(-2.094395102393,0.,2.094395102393,4.188790204786,
6.28318530718,8.377580409573),.UNSPECIFIED.) CURVE() 
GEOMETRIC_REPRESENTATION_ITEM() RATIONAL_B_SPLINE_CURVE((1.,0.5,1.,0.5,
1.,0.5,1.)) REPRESENTATION_ITEM('') );
#3560 = CARTESIAN_POINT('',(168.75,-20.25));
#3561 = CARTESIAN_POINT('',(167.88397459621,-20.25));
#3562 = CARTESIAN_POINT('',(168.3169872981,-19.5));
#3563 = CARTESIAN_POINT('',(168.75,-18.75));
#3564 = CARTESIAN_POINT('',(169.18301270189,-19.5));
#3565 = CARTESIAN_POINT('',(169.61602540378,-20.25));
#3566 = CARTESIAN_POINT('',(168.75,-20.25));
#3567 = ( GEOMETRIC_REPRESENTATION_CONTEXT(2) 
PARAMETRIC_REPRESENTATION_CONTEXT() REPRESENTATION_CONTEXT('2D SPACE',''
  ) );
#3568 = PCURVE('',#3569,#3574);
#3569 = CYLINDRICAL_SURFACE('',#3570,0.5);
#3570 = AXIS2_PLACEMENT_3D('',#3571,#3572,#3573);
#3571 = CARTESIAN_POINT('',(86.25,82.,-4.6E-02));
#3572 = DIRECTION('',(-0.,-0.,-1.));
#3573 = DIRECTION('',(0.,-1.,0.));
#3574 = DEFINITIONAL_REPRESENTATION('',(#3575),#3579);
#3575 = LINE('',#3576,#3577);
#3576 = CARTESIAN_POINT('',(0.,-4.6E-02));
#3577 = VECTOR('',#3578,1.);
#3578 = DIRECTION('',(1.,0.));
#3579 = ( GEOMETRIC_REPRESENTATION_CONTEXT(2) 
PARAMETRIC_REPRESENTATION_CONTEXT() REPRESENTATION_CONTEXT('2D SPACE',''
  ) );
#3580 = FACE_BOUND('',#3581,.F.);
#3581 = EDGE_LOOP('',(#3582));
#3582 = ORIENTED_EDGE('',*,*,#3583,.T.);
#3583 = EDGE_CURVE('',#3584,#3584,#3586,.T.);
#3584 = VERTEX_POINT('',#3585);
#3585 = CARTESIAN_POINT('',(88.75,81.5,0.));
#3586 = SURFACE_CURVE('',#3587,(#3592,#3603),.PCURVE_S1.);
#3587 = CIRCLE('',#3588,0.5);
#3588 = AXIS2_PLACEMENT_3D('',#3589,#3590,#3591);
#3589 = CARTESIAN_POINT('',(88.75,82.,0.));
#3590 = DIRECTION('',(-0.,-0.,-1.));
#3591 = DIRECTION('',(0.,-1.,0.));
#3592 = PCURVE('',#204,#3593);
#3593 = DEFINITIONAL_REPRESENTATION('',(#3594),#3602);
#3594 = ( BOUNDED_CURVE() B_SPLINE_CURVE(2,(#3595,#3596,#3597,#3598,
#3599,#3600,#3601),.UNSPECIFIED.,.T.,.F.) B_SPLINE_CURVE_WITH_KNOTS((1,2
    ,2,2,2,1),(-2.094395102393,0.,2.094395102393,4.188790204786,
6.28318530718,8.377580409573),.UNSPECIFIED.) CURVE() 
GEOMETRIC_REPRESENTATION_ITEM() RATIONAL_B_SPLINE_CURVE((1.,0.5,1.,0.5,
1.,0.5,1.)) REPRESENTATION_ITEM('') );
#3595 = CARTESIAN_POINT('',(171.25,-20.25));
#3596 = CARTESIAN_POINT('',(170.38397459621,-20.25));
#3597 = CARTESIAN_POINT('',(170.8169872981,-19.5));
#3598 = CARTESIAN_POINT('',(171.25,-18.75));
#3599 = CARTESIAN_POINT('',(171.68301270189,-19.5));
#3600 = CARTESIAN_POINT('',(172.11602540378,-20.25));
#3601 = CARTESIAN_POINT('',(171.25,-20.25));
#3602 = ( GEOMETRIC_REPRESENTATION_CONTEXT(2) 
PARAMETRIC_REPRESENTATION_CONTEXT() REPRESENTATION_CONTEXT('2D SPACE',''
  ) );
#3603 = PCURVE('',#3604,#3609);
#3604 = CYLINDRICAL_SURFACE('',#3605,0.5);
#3605 = AXIS2_PLACEMENT_3D('',#3606,#3607,#3608);
#3606 = CARTESIAN_POINT('',(88.75,82.,-4.6E-02));
#3607 = DIRECTION('',(-0.,-0.,-1.));
#3608 = DIRECTION('',(0.,-1.,0.));
#3609 = DEFINITIONAL_REPRESENTATION('',(#3610),#3614);
#3610 = LINE('',#3611,#3612);
#3611 = CARTESIAN_POINT('',(0.,-4.6E-02));
#3612 = VECTOR('',#3613,1.);
#3613 = DIRECTION('',(1.,0.));
#3614 = ( GEOMETRIC_REPRESENTATION_CONTEXT(2) 
PARAMETRIC_REPRESENTATION_CONTEXT() REPRESENTATION_CONTEXT('2D SPACE',''
  ) );
#3615 = FACE_BOUND('',#3616,.F.);
#3616 = EDGE_LOOP('',(#3617));
#3617 = ORIENTED_EDGE('',*,*,#3618,.T.);
#3618 = EDGE_CURVE('',#3619,#3619,#3621,.T.);
#3619 = VERTEX_POINT('',#3620);
#3620 = CARTESIAN_POINT('',(91.25,81.5,0.));
#3621 = SURFACE_CURVE('',#3622,(#3627,#3638),.PCURVE_S1.);
#3622 = CIRCLE('',#3623,0.5);
#3623 = AXIS2_PLACEMENT_3D('',#3624,#3625,#3626);
#3624 = CARTESIAN_POINT('',(91.25,82.,0.));
#3625 = DIRECTION('',(-0.,-0.,-1.));
#3626 = DIRECTION('',(0.,-1.,0.));
#3627 = PCURVE('',#204,#3628);
#3628 = DEFINITIONAL_REPRESENTATION('',(#3629),#3637);
#3629 = ( BOUNDED_CURVE() B_SPLINE_CURVE(2,(#3630,#3631,#3632,#3633,
#3634,#3635,#3636),.UNSPECIFIED.,.T.,.F.) B_SPLINE_CURVE_WITH_KNOTS((1,2
    ,2,2,2,1),(-2.094395102393,0.,2.094395102393,4.188790204786,
6.28318530718,8.377580409573),.UNSPECIFIED.) CURVE() 
GEOMETRIC_REPRESENTATION_ITEM() RATIONAL_B_SPLINE_CURVE((1.,0.5,1.,0.5,
1.,0.5,1.)) REPRESENTATION_ITEM('') );
#3630 = CARTESIAN_POINT('',(173.75,-20.25));
#3631 = CARTESIAN_POINT('',(172.88397459621,-20.25));
#3632 = CARTESIAN_POINT('',(173.3169872981,-19.5));
#3633 = CARTESIAN_POINT('',(173.75,-18.75));
#3634 = CARTESIAN_POINT('',(174.18301270189,-19.5));
#3635 = CARTESIAN_POINT('',(174.61602540378,-20.25));
#3636 = CARTESIAN_POINT('',(173.75,-20.25));
#3637 = ( GEOMETRIC_REPRESENTATION_CONTEXT(2) 
PARAMETRIC_REPRESENTATION_CONTEXT() REPRESENTATION_CONTEXT('2D SPACE',''
  ) );
#3638 = PCURVE('',#3639,#3644);
#3639 = CYLINDRICAL_SURFACE('',#3640,0.5);
#3640 = AXIS2_PLACEMENT_3D('',#3641,#3642,#3643);
#3641 = CARTESIAN_POINT('',(91.25,82.,-4.6E-02));
#3642 = DIRECTION('',(-0.,-0.,-1.));
#3643 = DIRECTION('',(0.,-1.,0.));
#3644 = DEFINITIONAL_REPRESENTATION('',(#3645),#3649);
#3645 = LINE('',#3646,#3647);
#3646 = CARTESIAN_POINT('',(0.,-4.6E-02));
#3647 = VECTOR('',#3648,1.);
#3648 = DIRECTION('',(1.,0.));
#3649 = ( GEOMETRIC_REPRESENTATION_CONTEXT(2) 
PARAMETRIC_REPRESENTATION_CONTEXT() REPRESENTATION_CONTEXT('2D SPACE',''
  ) );
#3650 = FACE_BOUND('',#3651,.F.);
#3651 = EDGE_LOOP('',(#3652));
#3652 = ORIENTED_EDGE('',*,*,#3653,.T.);
#3653 = EDGE_CURVE('',#3654,#3654,#3656,.T.);
#3654 = VERTEX_POINT('',#3655);
#3655 = CARTESIAN_POINT('',(92.75,87.45,0.));
#3656 = SURFACE_CURVE('',#3657,(#3662,#3673),.PCURVE_S1.);
#3657 = CIRCLE('',#3658,1.05);
#3658 = AXIS2_PLACEMENT_3D('',#3659,#3660,#3661);
#3659 = CARTESIAN_POINT('',(92.75,88.5,0.));
#3660 = DIRECTION('',(-0.,-0.,-1.));
#3661 = DIRECTION('',(0.,-1.,0.));
#3662 = PCURVE('',#204,#3663);
#3663 = DEFINITIONAL_REPRESENTATION('',(#3664),#3672);
#3664 = ( BOUNDED_CURVE() B_SPLINE_CURVE(2,(#3665,#3666,#3667,#3668,
#3669,#3670,#3671),.UNSPECIFIED.,.T.,.F.) B_SPLINE_CURVE_WITH_KNOTS((1,2
    ,2,2,2,1),(-2.094395102393,0.,2.094395102393,4.188790204786,
6.28318530718,8.377580409573),.UNSPECIFIED.) CURVE() 
GEOMETRIC_REPRESENTATION_ITEM() RATIONAL_B_SPLINE_CURVE((1.,0.5,1.,0.5,
1.,0.5,1.)) REPRESENTATION_ITEM('') );
#3665 = CARTESIAN_POINT('',(175.25,-14.3));
#3666 = CARTESIAN_POINT('',(173.43134665205,-14.3));
#3667 = CARTESIAN_POINT('',(174.34067332602,-12.725));
#3668 = CARTESIAN_POINT('',(175.25,-11.15));
#3669 = CARTESIAN_POINT('',(176.15932667397,-12.725));
#3670 = CARTESIAN_POINT('',(177.06865334794,-14.3));
#3671 = CARTESIAN_POINT('',(175.25,-14.3));
#3672 = ( GEOMETRIC_REPRESENTATION_CONTEXT(2) 
PARAMETRIC_REPRESENTATION_CONTEXT() REPRESENTATION_CONTEXT('2D SPACE',''
  ) );
#3673 = PCURVE('',#3674,#3679);
#3674 = CYLINDRICAL_SURFACE('',#3675,1.05);
#3675 = AXIS2_PLACEMENT_3D('',#3676,#3677,#3678);
#3676 = CARTESIAN_POINT('',(92.75,88.5,-4.6E-02));
#3677 = DIRECTION('',(-0.,-0.,-1.));
#3678 = DIRECTION('',(0.,-1.,0.));
#3679 = DEFINITIONAL_REPRESENTATION('',(#3680),#3684);
#3680 = LINE('',#3681,#3682);
#3681 = CARTESIAN_POINT('',(0.,-4.6E-02));
#3682 = VECTOR('',#3683,1.);
#3683 = DIRECTION('',(1.,0.));
#3684 = ( GEOMETRIC_REPRESENTATION_CONTEXT(2) 
PARAMETRIC_REPRESENTATION_CONTEXT() REPRESENTATION_CONTEXT('2D SPACE',''
  ) );
#3685 = ADVANCED_FACE('',(#3686,#3712,#3742,#3772,#3802,#3832,#3862,
    #3892,#3922,#4026,#4130,#4160,#4190,#4220,#4250,#4280,#4310,#4340,
    #4370,#4400,#4430,#4460,#4490,#4520,#4550,#4580,#4610,#4640,#4670,
    #4700,#4730,#4760,#4790,#4820,#4850,#4880,#4910,#4940,#4970,#5000,
    #5030,#5060,#5090,#5120,#5150,#5180,#5210,#5240,#5270,#5300,#5330,
    #5360,#5390,#5420,#5450,#5480,#5510,#5540,#5570,#5600,#5630,#5660,
    #5690,#5720,#5750,#5780,#5810,#5840,#5870,#5900,#5930,#5960,#5990,
    #6020,#6050,#6080,#6110,#6140,#6170,#6274,#6378,#6408,#6438,#6468,
    #6498),#150,.T.);
#3686 = FACE_BOUND('',#3687,.T.);
#3687 = EDGE_LOOP('',(#3688,#3689,#3690,#3711));
#3688 = ORIENTED_EDGE('',*,*,#134,.F.);
#3689 = ORIENTED_EDGE('',*,*,#249,.F.);
#3690 = ORIENTED_EDGE('',*,*,#3691,.F.);
#3691 = EDGE_CURVE('',#297,#222,#3692,.T.);
#3692 = SURFACE_CURVE('',#3693,(#3697,#3704),.PCURVE_S1.);
#3693 = LINE('',#3694,#3695);
#3694 = CARTESIAN_POINT('',(0.,91.5,1.51));
#3695 = VECTOR('',#3696,1.);
#3696 = DIRECTION('',(1.,0.,0.));
#3697 = PCURVE('',#150,#3698);
#3698 = DEFINITIONAL_REPRESENTATION('',(#3699),#3703);
#3699 = LINE('',#3700,#3701);
#3700 = CARTESIAN_POINT('',(82.5,-10.25));
#3701 = VECTOR('',#3702,1.);
#3702 = DIRECTION('',(1.,0.));
#3703 = ( GEOMETRIC_REPRESENTATION_CONTEXT(2) 
PARAMETRIC_REPRESENTATION_CONTEXT() REPRESENTATION_CONTEXT('2D SPACE',''
  ) );
#3704 = PCURVE('',#237,#3705);
#3705 = DEFINITIONAL_REPRESENTATION('',(#3706),#3710);
#3706 = LINE('',#3707,#3708);
#3707 = CARTESIAN_POINT('',(0.,-1.51));
#3708 = VECTOR('',#3709,1.);
#3709 = DIRECTION('',(1.,0.));
#3710 = ( GEOMETRIC_REPRESENTATION_CONTEXT(2) 
PARAMETRIC_REPRESENTATION_CONTEXT() REPRESENTATION_CONTEXT('2D SPACE',''
  ) );
#3711 = ORIENTED_EDGE('',*,*,#296,.F.);
#3712 = FACE_BOUND('',#3713,.T.);
#3713 = EDGE_LOOP('',(#3714));
#3714 = ORIENTED_EDGE('',*,*,#3715,.T.);
#3715 = EDGE_CURVE('',#3716,#3716,#3718,.T.);
#3716 = VERTEX_POINT('',#3717);
#3717 = CARTESIAN_POINT('',(2.5,1.45,1.51));
#3718 = SURFACE_CURVE('',#3719,(#3724,#3735),.PCURVE_S1.);
#3719 = CIRCLE('',#3720,1.05);
#3720 = AXIS2_PLACEMENT_3D('',#3721,#3722,#3723);
#3721 = CARTESIAN_POINT('',(2.5,2.5,1.51));
#3722 = DIRECTION('',(-0.,-0.,-1.));
#3723 = DIRECTION('',(0.,-1.,0.));
#3724 = PCURVE('',#150,#3725);
#3725 = DEFINITIONAL_REPRESENTATION('',(#3726),#3734);
#3726 = ( BOUNDED_CURVE() B_SPLINE_CURVE(2,(#3727,#3728,#3729,#3730,
#3731,#3732,#3733),.UNSPECIFIED.,.T.,.F.) B_SPLINE_CURVE_WITH_KNOTS((1,2
    ,2,2,2,1),(-2.094395102393,0.,2.094395102393,4.188790204786,
6.28318530718,8.377580409573),.UNSPECIFIED.) CURVE() 
GEOMETRIC_REPRESENTATION_ITEM() RATIONAL_B_SPLINE_CURVE((1.,0.5,1.,0.5,
1.,0.5,1.)) REPRESENTATION_ITEM('') );
#3727 = CARTESIAN_POINT('',(85.,-100.3));
#3728 = CARTESIAN_POINT('',(83.181346652053,-100.3));
#3729 = CARTESIAN_POINT('',(84.090673326026,-98.725));
#3730 = CARTESIAN_POINT('',(85.,-97.15));
#3731 = CARTESIAN_POINT('',(85.909326673974,-98.725));
#3732 = CARTESIAN_POINT('',(86.818653347947,-100.3));
#3733 = CARTESIAN_POINT('',(85.,-100.3));
#3734 = ( GEOMETRIC_REPRESENTATION_CONTEXT(2) 
PARAMETRIC_REPRESENTATION_CONTEXT() REPRESENTATION_CONTEXT('2D SPACE',''
  ) );
#3735 = PCURVE('',#413,#3736);
#3736 = DEFINITIONAL_REPRESENTATION('',(#3737),#3741);
#3737 = LINE('',#3738,#3739);
#3738 = CARTESIAN_POINT('',(0.,-1.556));
#3739 = VECTOR('',#3740,1.);
#3740 = DIRECTION('',(1.,0.));
#3741 = ( GEOMETRIC_REPRESENTATION_CONTEXT(2) 
PARAMETRIC_REPRESENTATION_CONTEXT() REPRESENTATION_CONTEXT('2D SPACE',''
  ) );
#3742 = FACE_BOUND('',#3743,.T.);
#3743 = EDGE_LOOP('',(#3744));
#3744 = ORIENTED_EDGE('',*,*,#3745,.T.);
#3745 = EDGE_CURVE('',#3746,#3746,#3748,.T.);
#3746 = VERTEX_POINT('',#3747);
#3747 = CARTESIAN_POINT('',(43.4,17.6959,1.51));
#3748 = SURFACE_CURVE('',#3749,(#3754,#3765),.PCURVE_S1.);
#3749 = CIRCLE('',#3750,0.5);
#3750 = AXIS2_PLACEMENT_3D('',#3751,#3752,#3753);
#3751 = CARTESIAN_POINT('',(43.4,18.1959,1.51));
#3752 = DIRECTION('',(-0.,-0.,-1.));
#3753 = DIRECTION('',(0.,-1.,0.));
#3754 = PCURVE('',#150,#3755);
#3755 = DEFINITIONAL_REPRESENTATION('',(#3756),#3764);
#3756 = ( BOUNDED_CURVE() B_SPLINE_CURVE(2,(#3757,#3758,#3759,#3760,
#3761,#3762,#3763),.UNSPECIFIED.,.T.,.F.) B_SPLINE_CURVE_WITH_KNOTS((1,2
    ,2,2,2,1),(-2.094395102393,0.,2.094395102393,4.188790204786,
6.28318530718,8.377580409573),.UNSPECIFIED.) CURVE() 
GEOMETRIC_REPRESENTATION_ITEM() RATIONAL_B_SPLINE_CURVE((1.,0.5,1.,0.5,
1.,0.5,1.)) REPRESENTATION_ITEM('') );
#3757 = CARTESIAN_POINT('',(125.9,-84.0541));
#3758 = CARTESIAN_POINT('',(125.03397459621,-84.0541));
#3759 = CARTESIAN_POINT('',(125.4669872981,-83.3041));
#3760 = CARTESIAN_POINT('',(125.9,-82.5541));
#3761 = CARTESIAN_POINT('',(126.33301270189,-83.3041));
#3762 = CARTESIAN_POINT('',(126.76602540378,-84.0541));
#3763 = CARTESIAN_POINT('',(125.9,-84.0541));
#3764 = ( GEOMETRIC_REPRESENTATION_CONTEXT(2) 
PARAMETRIC_REPRESENTATION_CONTEXT() REPRESENTATION_CONTEXT('2D SPACE',''
  ) );
#3765 = PCURVE('',#448,#3766);
#3766 = DEFINITIONAL_REPRESENTATION('',(#3767),#3771);
#3767 = LINE('',#3768,#3769);
#3768 = CARTESIAN_POINT('',(0.,-1.556));
#3769 = VECTOR('',#3770,1.);
#3770 = DIRECTION('',(1.,0.));
#3771 = ( GEOMETRIC_REPRESENTATION_CONTEXT(2) 
PARAMETRIC_REPRESENTATION_CONTEXT() REPRESENTATION_CONTEXT('2D SPACE',''
  ) );
#3772 = FACE_BOUND('',#3773,.T.);
#3773 = EDGE_LOOP('',(#3774));
#3774 = ORIENTED_EDGE('',*,*,#3775,.T.);
#3775 = EDGE_CURVE('',#3776,#3776,#3778,.T.);
#3776 = VERTEX_POINT('',#3777);
#3777 = CARTESIAN_POINT('',(43.4,20.2359,1.51));
#3778 = SURFACE_CURVE('',#3779,(#3784,#3795),.PCURVE_S1.);
#3779 = CIRCLE('',#3780,0.5);
#3780 = AXIS2_PLACEMENT_3D('',#3781,#3782,#3783);
#3781 = CARTESIAN_POINT('',(43.4,20.7359,1.51));
#3782 = DIRECTION('',(-0.,-0.,-1.));
#3783 = DIRECTION('',(0.,-1.,0.));
#3784 = PCURVE('',#150,#3785);
#3785 = DEFINITIONAL_REPRESENTATION('',(#3786),#3794);
#3786 = ( BOUNDED_CURVE() B_SPLINE_CURVE(2,(#3787,#3788,#3789,#3790,
#3791,#3792,#3793),.UNSPECIFIED.,.T.,.F.) B_SPLINE_CURVE_WITH_KNOTS((1,2
    ,2,2,2,1),(-2.094395102393,0.,2.094395102393,4.188790204786,
6.28318530718,8.377580409573),.UNSPECIFIED.) CURVE() 
GEOMETRIC_REPRESENTATION_ITEM() RATIONAL_B_SPLINE_CURVE((1.,0.5,1.,0.5,
1.,0.5,1.)) REPRESENTATION_ITEM('') );
#3787 = CARTESIAN_POINT('',(125.9,-81.5141));
#3788 = CARTESIAN_POINT('',(125.03397459621,-81.5141));
#3789 = CARTESIAN_POINT('',(125.4669872981,-80.7641));
#3790 = CARTESIAN_POINT('',(125.9,-80.0141));
#3791 = CARTESIAN_POINT('',(126.33301270189,-80.7641));
#3792 = CARTESIAN_POINT('',(126.76602540378,-81.5141));
#3793 = CARTESIAN_POINT('',(125.9,-81.5141));
#3794 = ( GEOMETRIC_REPRESENTATION_CONTEXT(2) 
PARAMETRIC_REPRESENTATION_CONTEXT() REPRESENTATION_CONTEXT('2D SPACE',''
  ) );
#3795 = PCURVE('',#483,#3796);
#3796 = DEFINITIONAL_REPRESENTATION('',(#3797),#3801);
#3797 = LINE('',#3798,#3799);
#3798 = CARTESIAN_POINT('',(0.,-1.556));
#3799 = VECTOR('',#3800,1.);
#3800 = DIRECTION('',(1.,0.));
#3801 = ( GEOMETRIC_REPRESENTATION_CONTEXT(2) 
PARAMETRIC_REPRESENTATION_CONTEXT() REPRESENTATION_CONTEXT('2D SPACE',''
  ) );
#3802 = FACE_BOUND('',#3803,.T.);
#3803 = EDGE_LOOP('',(#3804));
#3804 = ORIENTED_EDGE('',*,*,#3805,.T.);
#3805 = EDGE_CURVE('',#3806,#3806,#3808,.T.);
#3806 = VERTEX_POINT('',#3807);
#3807 = CARTESIAN_POINT('',(43.4,22.7759,1.51));
#3808 = SURFACE_CURVE('',#3809,(#3814,#3825),.PCURVE_S1.);
#3809 = CIRCLE('',#3810,0.5);
#3810 = AXIS2_PLACEMENT_3D('',#3811,#3812,#3813);
#3811 = CARTESIAN_POINT('',(43.4,23.2759,1.51));
#3812 = DIRECTION('',(-0.,-0.,-1.));
#3813 = DIRECTION('',(0.,-1.,0.));
#3814 = PCURVE('',#150,#3815);
#3815 = DEFINITIONAL_REPRESENTATION('',(#3816),#3824);
#3816 = ( BOUNDED_CURVE() B_SPLINE_CURVE(2,(#3817,#3818,#3819,#3820,
#3821,#3822,#3823),.UNSPECIFIED.,.T.,.F.) B_SPLINE_CURVE_WITH_KNOTS((1,2
    ,2,2,2,1),(-2.094395102393,0.,2.094395102393,4.188790204786,
6.28318530718,8.377580409573),.UNSPECIFIED.) CURVE() 
GEOMETRIC_REPRESENTATION_ITEM() RATIONAL_B_SPLINE_CURVE((1.,0.5,1.,0.5,
1.,0.5,1.)) REPRESENTATION_ITEM('') );
#3817 = CARTESIAN_POINT('',(125.9,-78.9741));
#3818 = CARTESIAN_POINT('',(125.03397459621,-78.9741));
#3819 = CARTESIAN_POINT('',(125.4669872981,-78.2241));
#3820 = CARTESIAN_POINT('',(125.9,-77.4741));
#3821 = CARTESIAN_POINT('',(126.33301270189,-78.2241));
#3822 = CARTESIAN_POINT('',(126.76602540378,-78.9741));
#3823 = CARTESIAN_POINT('',(125.9,-78.9741));
#3824 = ( GEOMETRIC_REPRESENTATION_CONTEXT(2) 
PARAMETRIC_REPRESENTATION_CONTEXT() REPRESENTATION_CONTEXT('2D SPACE',''
  ) );
#3825 = PCURVE('',#518,#3826);
#3826 = DEFINITIONAL_REPRESENTATION('',(#3827),#3831);
#3827 = LINE('',#3828,#3829);
#3828 = CARTESIAN_POINT('',(0.,-1.556));
#3829 = VECTOR('',#3830,1.);
#3830 = DIRECTION('',(1.,0.));
#3831 = ( GEOMETRIC_REPRESENTATION_CONTEXT(2) 
PARAMETRIC_REPRESENTATION_CONTEXT() REPRESENTATION_CONTEXT('2D SPACE',''
  ) );
#3832 = FACE_BOUND('',#3833,.T.);
#3833 = EDGE_LOOP('',(#3834));
#3834 = ORIENTED_EDGE('',*,*,#3835,.T.);
#3835 = EDGE_CURVE('',#3836,#3836,#3838,.T.);
#3836 = VERTEX_POINT('',#3837);
#3837 = CARTESIAN_POINT('',(70.07,20.51,1.51));
#3838 = SURFACE_CURVE('',#3839,(#3844,#3855),.PCURVE_S1.);
#3839 = CIRCLE('',#3840,0.925);
#3840 = AXIS2_PLACEMENT_3D('',#3841,#3842,#3843);
#3841 = CARTESIAN_POINT('',(70.07,21.435,1.51));
#3842 = DIRECTION('',(-0.,-0.,-1.));
#3843 = DIRECTION('',(0.,-1.,0.));
#3844 = PCURVE('',#150,#3845);
#3845 = DEFINITIONAL_REPRESENTATION('',(#3846),#3854);
#3846 = ( BOUNDED_CURVE() B_SPLINE_CURVE(2,(#3847,#3848,#3849,#3850,
#3851,#3852,#3853),.UNSPECIFIED.,.T.,.F.) B_SPLINE_CURVE_WITH_KNOTS((1,2
    ,2,2,2,1),(-2.094395102393,0.,2.094395102393,4.188790204786,
6.28318530718,8.377580409573),.UNSPECIFIED.) CURVE() 
GEOMETRIC_REPRESENTATION_ITEM() RATIONAL_B_SPLINE_CURVE((1.,0.5,1.,0.5,
1.,0.5,1.)) REPRESENTATION_ITEM('') );
#3847 = CARTESIAN_POINT('',(152.57,-81.24));
#3848 = CARTESIAN_POINT('',(150.96785300299,-81.24));
#3849 = CARTESIAN_POINT('',(151.76892650149,-79.8525));
#3850 = CARTESIAN_POINT('',(152.57,-78.465));
#3851 = CARTESIAN_POINT('',(153.3710734985,-79.8525));
#3852 = CARTESIAN_POINT('',(154.172146997,-81.24));
#3853 = CARTESIAN_POINT('',(152.57,-81.24));
#3854 = ( GEOMETRIC_REPRESENTATION_CONTEXT(2) 
PARAMETRIC_REPRESENTATION_CONTEXT() REPRESENTATION_CONTEXT('2D SPACE',''
  ) );
#3855 = PCURVE('',#553,#3856);
#3856 = DEFINITIONAL_REPRESENTATION('',(#3857),#3861);
#3857 = LINE('',#3858,#3859);
#3858 = CARTESIAN_POINT('',(0.,-1.556));
#3859 = VECTOR('',#3860,1.);
#3860 = DIRECTION('',(1.,0.));
#3861 = ( GEOMETRIC_REPRESENTATION_CONTEXT(2) 
PARAMETRIC_REPRESENTATION_CONTEXT() REPRESENTATION_CONTEXT('2D SPACE',''
  ) );
#3862 = FACE_BOUND('',#3863,.T.);
#3863 = EDGE_LOOP('',(#3864));
#3864 = ORIENTED_EDGE('',*,*,#3865,.T.);
#3865 = EDGE_CURVE('',#3866,#3866,#3868,.T.);
#3866 = VERTEX_POINT('',#3867);
#3867 = CARTESIAN_POINT('',(74.,4.125,1.51));
#3868 = SURFACE_CURVE('',#3869,(#3874,#3885),.PCURVE_S1.);
#3869 = CIRCLE('',#3870,0.425);
#3870 = AXIS2_PLACEMENT_3D('',#3871,#3872,#3873);
#3871 = CARTESIAN_POINT('',(74.,4.55,1.51));
#3872 = DIRECTION('',(-0.,-0.,-1.));
#3873 = DIRECTION('',(0.,-1.,0.));
#3874 = PCURVE('',#150,#3875);
#3875 = DEFINITIONAL_REPRESENTATION('',(#3876),#3884);
#3876 = ( BOUNDED_CURVE() B_SPLINE_CURVE(2,(#3877,#3878,#3879,#3880,
#3881,#3882,#3883),.UNSPECIFIED.,.T.,.F.) B_SPLINE_CURVE_WITH_KNOTS((1,2
    ,2,2,2,1),(-2.094395102393,0.,2.094395102393,4.188790204786,
6.28318530718,8.377580409573),.UNSPECIFIED.) CURVE() 
GEOMETRIC_REPRESENTATION_ITEM() RATIONAL_B_SPLINE_CURVE((1.,0.5,1.,0.5,
1.,0.5,1.)) REPRESENTATION_ITEM('') );
#3877 = CARTESIAN_POINT('',(156.5,-97.625));
#3878 = CARTESIAN_POINT('',(155.76387840678,-97.625));
#3879 = CARTESIAN_POINT('',(156.13193920339,-96.9875));
#3880 = CARTESIAN_POINT('',(156.5,-96.35));
#3881 = CARTESIAN_POINT('',(156.8680607966,-96.9875));
#3882 = CARTESIAN_POINT('',(157.23612159321,-97.625));
#3883 = CARTESIAN_POINT('',(156.5,-97.625));
#3884 = ( GEOMETRIC_REPRESENTATION_CONTEXT(2) 
PARAMETRIC_REPRESENTATION_CONTEXT() REPRESENTATION_CONTEXT('2D SPACE',''
  ) );
#3885 = PCURVE('',#588,#3886);
#3886 = DEFINITIONAL_REPRESENTATION('',(#3887),#3891);
#3887 = LINE('',#3888,#3889);
#3888 = CARTESIAN_POINT('',(0.,-1.556));
#3889 = VECTOR('',#3890,1.);
#3890 = DIRECTION('',(1.,0.));
#3891 = ( GEOMETRIC_REPRESENTATION_CONTEXT(2) 
PARAMETRIC_REPRESENTATION_CONTEXT() REPRESENTATION_CONTEXT('2D SPACE',''
  ) );
#3892 = FACE_BOUND('',#3893,.T.);
#3893 = EDGE_LOOP('',(#3894));
#3894 = ORIENTED_EDGE('',*,*,#3895,.T.);
#3895 = EDGE_CURVE('',#3896,#3896,#3898,.T.);
#3896 = VERTEX_POINT('',#3897);
#3897 = CARTESIAN_POINT('',(79.,4.125,1.51));
#3898 = SURFACE_CURVE('',#3899,(#3904,#3915),.PCURVE_S1.);
#3899 = CIRCLE('',#3900,0.425);
#3900 = AXIS2_PLACEMENT_3D('',#3901,#3902,#3903);
#3901 = CARTESIAN_POINT('',(79.,4.55,1.51));
#3902 = DIRECTION('',(-0.,-0.,-1.));
#3903 = DIRECTION('',(0.,-1.,0.));
#3904 = PCURVE('',#150,#3905);
#3905 = DEFINITIONAL_REPRESENTATION('',(#3906),#3914);
#3906 = ( BOUNDED_CURVE() B_SPLINE_CURVE(2,(#3907,#3908,#3909,#3910,
#3911,#3912,#3913),.UNSPECIFIED.,.T.,.F.) B_SPLINE_CURVE_WITH_KNOTS((1,2
    ,2,2,2,1),(-2.094395102393,0.,2.094395102393,4.188790204786,
6.28318530718,8.377580409573),.UNSPECIFIED.) CURVE() 
GEOMETRIC_REPRESENTATION_ITEM() RATIONAL_B_SPLINE_CURVE((1.,0.5,1.,0.5,
1.,0.5,1.)) REPRESENTATION_ITEM('') );
#3907 = CARTESIAN_POINT('',(161.5,-97.625));
#3908 = CARTESIAN_POINT('',(160.76387840678,-97.625));
#3909 = CARTESIAN_POINT('',(161.13193920339,-96.9875));
#3910 = CARTESIAN_POINT('',(161.5,-96.35));
#3911 = CARTESIAN_POINT('',(161.8680607966,-96.9875));
#3912 = CARTESIAN_POINT('',(162.23612159321,-97.625));
#3913 = CARTESIAN_POINT('',(161.5,-97.625));
#3914 = ( GEOMETRIC_REPRESENTATION_CONTEXT(2) 
PARAMETRIC_REPRESENTATION_CONTEXT() REPRESENTATION_CONTEXT('2D SPACE',''
  ) );
#3915 = PCURVE('',#623,#3916);
#3916 = DEFINITIONAL_REPRESENTATION('',(#3917),#3921);
#3917 = LINE('',#3918,#3919);
#3918 = CARTESIAN_POINT('',(0.,-1.556));
#3919 = VECTOR('',#3920,1.);
#3920 = DIRECTION('',(1.,0.));
#3921 = ( GEOMETRIC_REPRESENTATION_CONTEXT(2) 
PARAMETRIC_REPRESENTATION_CONTEXT() REPRESENTATION_CONTEXT('2D SPACE',''
  ) );
#3922 = FACE_BOUND('',#3923,.T.);
#3923 = EDGE_LOOP('',(#3924,#3954,#3977,#4005));
#3924 = ORIENTED_EDGE('',*,*,#3925,.T.);
#3925 = EDGE_CURVE('',#3926,#3928,#3930,.T.);
#3926 = VERTEX_POINT('',#3927);
#3927 = CARTESIAN_POINT('',(72.7,7.6,1.51));
#3928 = VERTEX_POINT('',#3929);
#3929 = CARTESIAN_POINT('',(73.3,7.6,1.51));
#3930 = SURFACE_CURVE('',#3931,(#3936,#3947),.PCURVE_S1.);
#3931 = CIRCLE('',#3932,0.3);
#3932 = AXIS2_PLACEMENT_3D('',#3933,#3934,#3935);
#3933 = CARTESIAN_POINT('',(73.,7.6,1.51));
#3934 = DIRECTION('',(0.,0.,-1.));
#3935 = DIRECTION('',(1.,0.,0.));
#3936 = PCURVE('',#150,#3937);
#3937 = DEFINITIONAL_REPRESENTATION('',(#3938),#3946);
#3938 = ( BOUNDED_CURVE() B_SPLINE_CURVE(2,(#3939,#3940,#3941,#3942,
#3943,#3944,#3945),.UNSPECIFIED.,.T.,.F.) B_SPLINE_CURVE_WITH_KNOTS((1,2
    ,2,2,2,1),(-2.094395102393,0.,2.094395102393,4.188790204786,
6.28318530718,8.377580409573),.UNSPECIFIED.) CURVE() 
GEOMETRIC_REPRESENTATION_ITEM() RATIONAL_B_SPLINE_CURVE((1.,0.5,1.,0.5,
1.,0.5,1.)) REPRESENTATION_ITEM('') );
#3939 = CARTESIAN_POINT('',(155.8,-94.15));
#3940 = CARTESIAN_POINT('',(155.8,-94.66961524227));
#3941 = CARTESIAN_POINT('',(155.35,-94.40980762113));
#3942 = CARTESIAN_POINT('',(154.9,-94.15));
#3943 = CARTESIAN_POINT('',(155.35,-93.89019237886));
#3944 = CARTESIAN_POINT('',(155.8,-93.63038475772));
#3945 = CARTESIAN_POINT('',(155.8,-94.15));
#3946 = ( GEOMETRIC_REPRESENTATION_CONTEXT(2) 
PARAMETRIC_REPRESENTATION_CONTEXT() REPRESENTATION_CONTEXT('2D SPACE',''
  ) );
#3947 = PCURVE('',#660,#3948);
#3948 = DEFINITIONAL_REPRESENTATION('',(#3949),#3953);
#3949 = LINE('',#3950,#3951);
#3950 = CARTESIAN_POINT('',(0.,-1.556));
#3951 = VECTOR('',#3952,1.);
#3952 = DIRECTION('',(1.,0.));
#3953 = ( GEOMETRIC_REPRESENTATION_CONTEXT(2) 
PARAMETRIC_REPRESENTATION_CONTEXT() REPRESENTATION_CONTEXT('2D SPACE',''
  ) );
#3954 = ORIENTED_EDGE('',*,*,#3955,.T.);
#3955 = EDGE_CURVE('',#3928,#3956,#3958,.T.);
#3956 = VERTEX_POINT('',#3957);
#3957 = CARTESIAN_POINT('',(73.3,6.9,1.51));
#3958 = SURFACE_CURVE('',#3959,(#3963,#3970),.PCURVE_S1.);
#3959 = LINE('',#3960,#3961);
#3960 = CARTESIAN_POINT('',(73.3,54.325,1.51));
#3961 = VECTOR('',#3962,1.);
#3962 = DIRECTION('',(0.,-1.,0.));
#3963 = PCURVE('',#150,#3964);
#3964 = DEFINITIONAL_REPRESENTATION('',(#3965),#3969);
#3965 = LINE('',#3966,#3967);
#3966 = CARTESIAN_POINT('',(155.8,-47.425));
#3967 = VECTOR('',#3968,1.);
#3968 = DIRECTION('',(0.,-1.));
#3969 = ( GEOMETRIC_REPRESENTATION_CONTEXT(2) 
PARAMETRIC_REPRESENTATION_CONTEXT() REPRESENTATION_CONTEXT('2D SPACE',''
  ) );
#3970 = PCURVE('',#688,#3971);
#3971 = DEFINITIONAL_REPRESENTATION('',(#3972),#3976);
#3972 = LINE('',#3973,#3974);
#3973 = CARTESIAN_POINT('',(47.425,-1.556));
#3974 = VECTOR('',#3975,1.);
#3975 = DIRECTION('',(-1.,0.));
#3976 = ( GEOMETRIC_REPRESENTATION_CONTEXT(2) 
PARAMETRIC_REPRESENTATION_CONTEXT() REPRESENTATION_CONTEXT('2D SPACE',''
  ) );
#3977 = ORIENTED_EDGE('',*,*,#3978,.T.);
#3978 = EDGE_CURVE('',#3956,#3979,#3981,.T.);
#3979 = VERTEX_POINT('',#3980);
#3980 = CARTESIAN_POINT('',(72.7,6.9,1.51));
#3981 = SURFACE_CURVE('',#3982,(#3987,#3998),.PCURVE_S1.);
#3982 = CIRCLE('',#3983,0.3);
#3983 = AXIS2_PLACEMENT_3D('',#3984,#3985,#3986);
#3984 = CARTESIAN_POINT('',(73.,6.9,1.51));
#3985 = DIRECTION('',(0.,0.,-1.));
#3986 = DIRECTION('',(-1.,0.,0.));
#3987 = PCURVE('',#150,#3988);
#3988 = DEFINITIONAL_REPRESENTATION('',(#3989),#3997);
#3989 = ( BOUNDED_CURVE() B_SPLINE_CURVE(2,(#3990,#3991,#3992,#3993,
#3994,#3995,#3996),.UNSPECIFIED.,.T.,.F.) B_SPLINE_CURVE_WITH_KNOTS((1,2
    ,2,2,2,1),(-2.094395102393,0.,2.094395102393,4.188790204786,
6.28318530718,8.377580409573),.UNSPECIFIED.) CURVE() 
GEOMETRIC_REPRESENTATION_ITEM() RATIONAL_B_SPLINE_CURVE((1.,0.5,1.,0.5,
1.,0.5,1.)) REPRESENTATION_ITEM('') );
#3990 = CARTESIAN_POINT('',(155.2,-94.85));
#3991 = CARTESIAN_POINT('',(155.2,-94.33038475772));
#3992 = CARTESIAN_POINT('',(155.65,-94.59019237886));
#3993 = CARTESIAN_POINT('',(156.1,-94.85));
#3994 = CARTESIAN_POINT('',(155.65,-95.10980762113));
#3995 = CARTESIAN_POINT('',(155.2,-95.36961524227));
#3996 = CARTESIAN_POINT('',(155.2,-94.85));
#3997 = ( GEOMETRIC_REPRESENTATION_CONTEXT(2) 
PARAMETRIC_REPRESENTATION_CONTEXT() REPRESENTATION_CONTEXT('2D SPACE',''
  ) );
#3998 = PCURVE('',#721,#3999);
#3999 = DEFINITIONAL_REPRESENTATION('',(#4000),#4004);
#4000 = LINE('',#4001,#4002);
#4001 = CARTESIAN_POINT('',(0.,-1.556));
#4002 = VECTOR('',#4003,1.);
#4003 = DIRECTION('',(1.,0.));
#4004 = ( GEOMETRIC_REPRESENTATION_CONTEXT(2) 
PARAMETRIC_REPRESENTATION_CONTEXT() REPRESENTATION_CONTEXT('2D SPACE',''
  ) );
#4005 = ORIENTED_EDGE('',*,*,#4006,.T.);
#4006 = EDGE_CURVE('',#3979,#3926,#4007,.T.);
#4007 = SURFACE_CURVE('',#4008,(#4012,#4019),.PCURVE_S1.);
#4008 = LINE('',#4009,#4010);
#4009 = CARTESIAN_POINT('',(72.7,54.675,1.51));
#4010 = VECTOR('',#4011,1.);
#4011 = DIRECTION('',(0.,1.,0.));
#4012 = PCURVE('',#150,#4013);
#4013 = DEFINITIONAL_REPRESENTATION('',(#4014),#4018);
#4014 = LINE('',#4015,#4016);
#4015 = CARTESIAN_POINT('',(155.2,-47.075));
#4016 = VECTOR('',#4017,1.);
#4017 = DIRECTION('',(0.,1.));
#4018 = ( GEOMETRIC_REPRESENTATION_CONTEXT(2) 
PARAMETRIC_REPRESENTATION_CONTEXT() REPRESENTATION_CONTEXT('2D SPACE',''
  ) );
#4019 = PCURVE('',#747,#4020);
#4020 = DEFINITIONAL_REPRESENTATION('',(#4021),#4025);
#4021 = LINE('',#4022,#4023);
#4022 = CARTESIAN_POINT('',(-47.075,-1.556));
#4023 = VECTOR('',#4024,1.);
#4024 = DIRECTION('',(-1.,0.));
#4025 = ( GEOMETRIC_REPRESENTATION_CONTEXT(2) 
PARAMETRIC_REPRESENTATION_CONTEXT() REPRESENTATION_CONTEXT('2D SPACE',''
  ) );
#4026 = FACE_BOUND('',#4027,.T.);
#4027 = EDGE_LOOP('',(#4028,#4058,#4081,#4109));
#4028 = ORIENTED_EDGE('',*,*,#4029,.T.);
#4029 = EDGE_CURVE('',#4030,#4032,#4034,.T.);
#4030 = VERTEX_POINT('',#4031);
#4031 = CARTESIAN_POINT('',(80.3,6.9,1.51));
#4032 = VERTEX_POINT('',#4033);
#4033 = CARTESIAN_POINT('',(79.7,6.9,1.51));
#4034 = SURFACE_CURVE('',#4035,(#4040,#4051),.PCURVE_S1.);
#4035 = CIRCLE('',#4036,0.3);
#4036 = AXIS2_PLACEMENT_3D('',#4037,#4038,#4039);
#4037 = CARTESIAN_POINT('',(80.,6.9,1.51));
#4038 = DIRECTION('',(0.,0.,-1.));
#4039 = DIRECTION('',(-1.,0.,0.));
#4040 = PCURVE('',#150,#4041);
#4041 = DEFINITIONAL_REPRESENTATION('',(#4042),#4050);
#4042 = ( BOUNDED_CURVE() B_SPLINE_CURVE(2,(#4043,#4044,#4045,#4046,
#4047,#4048,#4049),.UNSPECIFIED.,.T.,.F.) B_SPLINE_CURVE_WITH_KNOTS((1,2
    ,2,2,2,1),(-2.094395102393,0.,2.094395102393,4.188790204786,
6.28318530718,8.377580409573),.UNSPECIFIED.) CURVE() 
GEOMETRIC_REPRESENTATION_ITEM() RATIONAL_B_SPLINE_CURVE((1.,0.5,1.,0.5,
1.,0.5,1.)) REPRESENTATION_ITEM('') );
#4043 = CARTESIAN_POINT('',(162.2,-94.85));
#4044 = CARTESIAN_POINT('',(162.2,-94.33038475772));
#4045 = CARTESIAN_POINT('',(162.65,-94.59019237886));
#4046 = CARTESIAN_POINT('',(163.1,-94.85));
#4047 = CARTESIAN_POINT('',(162.65,-95.10980762113));
#4048 = CARTESIAN_POINT('',(162.2,-95.36961524227));
#4049 = CARTESIAN_POINT('',(162.2,-94.85));
#4050 = ( GEOMETRIC_REPRESENTATION_CONTEXT(2) 
PARAMETRIC_REPRESENTATION_CONTEXT() REPRESENTATION_CONTEXT('2D SPACE',''
  ) );
#4051 = PCURVE('',#784,#4052);
#4052 = DEFINITIONAL_REPRESENTATION('',(#4053),#4057);
#4053 = LINE('',#4054,#4055);
#4054 = CARTESIAN_POINT('',(0.,-1.556));
#4055 = VECTOR('',#4056,1.);
#4056 = DIRECTION('',(1.,0.));
#4057 = ( GEOMETRIC_REPRESENTATION_CONTEXT(2) 
PARAMETRIC_REPRESENTATION_CONTEXT() REPRESENTATION_CONTEXT('2D SPACE',''
  ) );
#4058 = ORIENTED_EDGE('',*,*,#4059,.T.);
#4059 = EDGE_CURVE('',#4032,#4060,#4062,.T.);
#4060 = VERTEX_POINT('',#4061);
#4061 = CARTESIAN_POINT('',(79.7,7.6,1.51));
#4062 = SURFACE_CURVE('',#4063,(#4067,#4074),.PCURVE_S1.);
#4063 = LINE('',#4064,#4065);
#4064 = CARTESIAN_POINT('',(79.7,54.675,1.51));
#4065 = VECTOR('',#4066,1.);
#4066 = DIRECTION('',(0.,1.,0.));
#4067 = PCURVE('',#150,#4068);
#4068 = DEFINITIONAL_REPRESENTATION('',(#4069),#4073);
#4069 = LINE('',#4070,#4071);
#4070 = CARTESIAN_POINT('',(162.2,-47.075));
#4071 = VECTOR('',#4072,1.);
#4072 = DIRECTION('',(0.,1.));
#4073 = ( GEOMETRIC_REPRESENTATION_CONTEXT(2) 
PARAMETRIC_REPRESENTATION_CONTEXT() REPRESENTATION_CONTEXT('2D SPACE',''
  ) );
#4074 = PCURVE('',#812,#4075);
#4075 = DEFINITIONAL_REPRESENTATION('',(#4076),#4080);
#4076 = LINE('',#4077,#4078);
#4077 = CARTESIAN_POINT('',(-47.075,-1.556));
#4078 = VECTOR('',#4079,1.);
#4079 = DIRECTION('',(-1.,0.));
#4080 = ( GEOMETRIC_REPRESENTATION_CONTEXT(2) 
PARAMETRIC_REPRESENTATION_CONTEXT() REPRESENTATION_CONTEXT('2D SPACE',''
  ) );
#4081 = ORIENTED_EDGE('',*,*,#4082,.T.);
#4082 = EDGE_CURVE('',#4060,#4083,#4085,.T.);
#4083 = VERTEX_POINT('',#4084);
#4084 = CARTESIAN_POINT('',(80.3,7.6,1.51));
#4085 = SURFACE_CURVE('',#4086,(#4091,#4102),.PCURVE_S1.);
#4086 = CIRCLE('',#4087,0.3);
#4087 = AXIS2_PLACEMENT_3D('',#4088,#4089,#4090);
#4088 = CARTESIAN_POINT('',(80.,7.6,1.51));
#4089 = DIRECTION('',(0.,0.,-1.));
#4090 = DIRECTION('',(1.,0.,0.));
#4091 = PCURVE('',#150,#4092);
#4092 = DEFINITIONAL_REPRESENTATION('',(#4093),#4101);
#4093 = ( BOUNDED_CURVE() B_SPLINE_CURVE(2,(#4094,#4095,#4096,#4097,
#4098,#4099,#4100),.UNSPECIFIED.,.T.,.F.) B_SPLINE_CURVE_WITH_KNOTS((1,2
    ,2,2,2,1),(-2.094395102393,0.,2.094395102393,4.188790204786,
6.28318530718,8.377580409573),.UNSPECIFIED.) CURVE() 
GEOMETRIC_REPRESENTATION_ITEM() RATIONAL_B_SPLINE_CURVE((1.,0.5,1.,0.5,
1.,0.5,1.)) REPRESENTATION_ITEM('') );
#4094 = CARTESIAN_POINT('',(162.8,-94.15));
#4095 = CARTESIAN_POINT('',(162.8,-94.66961524227));
#4096 = CARTESIAN_POINT('',(162.35,-94.40980762113));
#4097 = CARTESIAN_POINT('',(161.9,-94.15));
#4098 = CARTESIAN_POINT('',(162.35,-93.89019237886));
#4099 = CARTESIAN_POINT('',(162.8,-93.63038475772));
#4100 = CARTESIAN_POINT('',(162.8,-94.15));
#4101 = ( GEOMETRIC_REPRESENTATION_CONTEXT(2) 
PARAMETRIC_REPRESENTATION_CONTEXT() REPRESENTATION_CONTEXT('2D SPACE',''
  ) );
#4102 = PCURVE('',#845,#4103);
#4103 = DEFINITIONAL_REPRESENTATION('',(#4104),#4108);
#4104 = LINE('',#4105,#4106);
#4105 = CARTESIAN_POINT('',(0.,-1.556));
#4106 = VECTOR('',#4107,1.);
#4107 = DIRECTION('',(1.,0.));
#4108 = ( GEOMETRIC_REPRESENTATION_CONTEXT(2) 
PARAMETRIC_REPRESENTATION_CONTEXT() REPRESENTATION_CONTEXT('2D SPACE',''
  ) );
#4109 = ORIENTED_EDGE('',*,*,#4110,.T.);
#4110 = EDGE_CURVE('',#4083,#4030,#4111,.T.);
#4111 = SURFACE_CURVE('',#4112,(#4116,#4123),.PCURVE_S1.);
#4112 = LINE('',#4113,#4114);
#4113 = CARTESIAN_POINT('',(80.3,54.325,1.51));
#4114 = VECTOR('',#4115,1.);
#4115 = DIRECTION('',(0.,-1.,0.));
#4116 = PCURVE('',#150,#4117);
#4117 = DEFINITIONAL_REPRESENTATION('',(#4118),#4122);
#4118 = LINE('',#4119,#4120);
#4119 = CARTESIAN_POINT('',(162.8,-47.425));
#4120 = VECTOR('',#4121,1.);
#4121 = DIRECTION('',(0.,-1.));
#4122 = ( GEOMETRIC_REPRESENTATION_CONTEXT(2) 
PARAMETRIC_REPRESENTATION_CONTEXT() REPRESENTATION_CONTEXT('2D SPACE',''
  ) );
#4123 = PCURVE('',#871,#4124);
#4124 = DEFINITIONAL_REPRESENTATION('',(#4125),#4129);
#4125 = LINE('',#4126,#4127);
#4126 = CARTESIAN_POINT('',(47.425,-1.556));
#4127 = VECTOR('',#4128,1.);
#4128 = DIRECTION('',(-1.,0.));
#4129 = ( GEOMETRIC_REPRESENTATION_CONTEXT(2) 
PARAMETRIC_REPRESENTATION_CONTEXT() REPRESENTATION_CONTEXT('2D SPACE',''
  ) );
#4130 = FACE_BOUND('',#4131,.T.);
#4131 = EDGE_LOOP('',(#4132));
#4132 = ORIENTED_EDGE('',*,*,#4133,.T.);
#4133 = EDGE_CURVE('',#4134,#4134,#4136,.T.);
#4134 = VERTEX_POINT('',#4135);
#4135 = CARTESIAN_POINT('',(92.75,1.7,1.51));
#4136 = SURFACE_CURVE('',#4137,(#4142,#4153),.PCURVE_S1.);
#4137 = CIRCLE('',#4138,1.05);
#4138 = AXIS2_PLACEMENT_3D('',#4139,#4140,#4141);
#4139 = CARTESIAN_POINT('',(92.75,2.75,1.51));
#4140 = DIRECTION('',(-0.,-0.,-1.));
#4141 = DIRECTION('',(0.,-1.,0.));
#4142 = PCURVE('',#150,#4143);
#4143 = DEFINITIONAL_REPRESENTATION('',(#4144),#4152);
#4144 = ( BOUNDED_CURVE() B_SPLINE_CURVE(2,(#4145,#4146,#4147,#4148,
#4149,#4150,#4151),.UNSPECIFIED.,.T.,.F.) B_SPLINE_CURVE_WITH_KNOTS((1,2
    ,2,2,2,1),(-2.094395102393,0.,2.094395102393,4.188790204786,
6.28318530718,8.377580409573),.UNSPECIFIED.) CURVE() 
GEOMETRIC_REPRESENTATION_ITEM() RATIONAL_B_SPLINE_CURVE((1.,0.5,1.,0.5,
1.,0.5,1.)) REPRESENTATION_ITEM('') );
#4145 = CARTESIAN_POINT('',(175.25,-100.05));
#4146 = CARTESIAN_POINT('',(173.43134665205,-100.05));
#4147 = CARTESIAN_POINT('',(174.34067332602,-98.475));
#4148 = CARTESIAN_POINT('',(175.25,-96.9));
#4149 = CARTESIAN_POINT('',(176.15932667397,-98.475));
#4150 = CARTESIAN_POINT('',(177.06865334794,-100.05));
#4151 = CARTESIAN_POINT('',(175.25,-100.05));
#4152 = ( GEOMETRIC_REPRESENTATION_CONTEXT(2) 
PARAMETRIC_REPRESENTATION_CONTEXT() REPRESENTATION_CONTEXT('2D SPACE',''
  ) );
#4153 = PCURVE('',#906,#4154);
#4154 = DEFINITIONAL_REPRESENTATION('',(#4155),#4159);
#4155 = LINE('',#4156,#4157);
#4156 = CARTESIAN_POINT('',(0.,-1.556));
#4157 = VECTOR('',#4158,1.);
#4158 = DIRECTION('',(1.,0.));
#4159 = ( GEOMETRIC_REPRESENTATION_CONTEXT(2) 
PARAMETRIC_REPRESENTATION_CONTEXT() REPRESENTATION_CONTEXT('2D SPACE',''
  ) );
#4160 = FACE_BOUND('',#4161,.T.);
#4161 = EDGE_LOOP('',(#4162));
#4162 = ORIENTED_EDGE('',*,*,#4163,.T.);
#4163 = EDGE_CURVE('',#4164,#4164,#4166,.T.);
#4164 = VERTEX_POINT('',#4165);
#4165 = CARTESIAN_POINT('',(73.1,20.035,1.51));
#4166 = SURFACE_CURVE('',#4167,(#4172,#4183),.PCURVE_S1.);
#4167 = CIRCLE('',#4168,1.1);
#4168 = AXIS2_PLACEMENT_3D('',#4169,#4170,#4171);
#4169 = CARTESIAN_POINT('',(73.1,21.135,1.51));
#4170 = DIRECTION('',(-0.,-0.,-1.));
#4171 = DIRECTION('',(0.,-1.,0.));
#4172 = PCURVE('',#150,#4173);
#4173 = DEFINITIONAL_REPRESENTATION('',(#4174),#4182);
#4174 = ( BOUNDED_CURVE() B_SPLINE_CURVE(2,(#4175,#4176,#4177,#4178,
#4179,#4180,#4181),.UNSPECIFIED.,.T.,.F.) B_SPLINE_CURVE_WITH_KNOTS((1,2
    ,2,2,2,1),(-2.094395102393,0.,2.094395102393,4.188790204786,
6.28318530718,8.377580409573),.UNSPECIFIED.) CURVE() 
GEOMETRIC_REPRESENTATION_ITEM() RATIONAL_B_SPLINE_CURVE((1.,0.5,1.,0.5,
1.,0.5,1.)) REPRESENTATION_ITEM('') );
#4175 = CARTESIAN_POINT('',(155.6,-81.715));
#4176 = CARTESIAN_POINT('',(153.69474411167,-81.715));
#4177 = CARTESIAN_POINT('',(154.64737205583,-80.065));
#4178 = CARTESIAN_POINT('',(155.6,-78.415));
#4179 = CARTESIAN_POINT('',(156.55262794416,-80.065));
#4180 = CARTESIAN_POINT('',(157.50525588832,-81.715));
#4181 = CARTESIAN_POINT('',(155.6,-81.715));
#4182 = ( GEOMETRIC_REPRESENTATION_CONTEXT(2) 
PARAMETRIC_REPRESENTATION_CONTEXT() REPRESENTATION_CONTEXT('2D SPACE',''
  ) );
#4183 = PCURVE('',#941,#4184);
#4184 = DEFINITIONAL_REPRESENTATION('',(#4185),#4189);
#4185 = LINE('',#4186,#4187);
#4186 = CARTESIAN_POINT('',(0.,-1.556));
#4187 = VECTOR('',#4188,1.);
#4188 = DIRECTION('',(1.,0.));
#4189 = ( GEOMETRIC_REPRESENTATION_CONTEXT(2) 
PARAMETRIC_REPRESENTATION_CONTEXT() REPRESENTATION_CONTEXT('2D SPACE',''
  ) );
#4190 = FACE_BOUND('',#4191,.T.);
#4191 = EDGE_LOOP('',(#4192));
#4192 = ORIENTED_EDGE('',*,*,#4193,.T.);
#4193 = EDGE_CURVE('',#4194,#4194,#4196,.T.);
#4194 = VERTEX_POINT('',#4195);
#4195 = CARTESIAN_POINT('',(70.07,25.36,1.51));
#4196 = SURFACE_CURVE('',#4197,(#4202,#4213),.PCURVE_S1.);
#4197 = CIRCLE('',#4198,0.925);
#4198 = AXIS2_PLACEMENT_3D('',#4199,#4200,#4201);
#4199 = CARTESIAN_POINT('',(70.07,26.285,1.51));
#4200 = DIRECTION('',(-0.,-0.,-1.));
#4201 = DIRECTION('',(0.,-1.,0.));
#4202 = PCURVE('',#150,#4203);
#4203 = DEFINITIONAL_REPRESENTATION('',(#4204),#4212);
#4204 = ( BOUNDED_CURVE() B_SPLINE_CURVE(2,(#4205,#4206,#4207,#4208,
#4209,#4210,#4211),.UNSPECIFIED.,.T.,.F.) B_SPLINE_CURVE_WITH_KNOTS((1,2
    ,2,2,2,1),(-2.094395102393,0.,2.094395102393,4.188790204786,
6.28318530718,8.377580409573),.UNSPECIFIED.) CURVE() 
GEOMETRIC_REPRESENTATION_ITEM() RATIONAL_B_SPLINE_CURVE((1.,0.5,1.,0.5,
1.,0.5,1.)) REPRESENTATION_ITEM('') );
#4205 = CARTESIAN_POINT('',(152.57,-76.39));
#4206 = CARTESIAN_POINT('',(150.96785300299,-76.39));
#4207 = CARTESIAN_POINT('',(151.76892650149,-75.0025));
#4208 = CARTESIAN_POINT('',(152.57,-73.615));
#4209 = CARTESIAN_POINT('',(153.3710734985,-75.0025));
#4210 = CARTESIAN_POINT('',(154.172146997,-76.39));
#4211 = CARTESIAN_POINT('',(152.57,-76.39));
#4212 = ( GEOMETRIC_REPRESENTATION_CONTEXT(2) 
PARAMETRIC_REPRESENTATION_CONTEXT() REPRESENTATION_CONTEXT('2D SPACE',''
  ) );
#4213 = PCURVE('',#976,#4214);
#4214 = DEFINITIONAL_REPRESENTATION('',(#4215),#4219);
#4215 = LINE('',#4216,#4217);
#4216 = CARTESIAN_POINT('',(0.,-1.556));
#4217 = VECTOR('',#4218,1.);
#4218 = DIRECTION('',(1.,0.));
#4219 = ( GEOMETRIC_REPRESENTATION_CONTEXT(2) 
PARAMETRIC_REPRESENTATION_CONTEXT() REPRESENTATION_CONTEXT('2D SPACE',''
  ) );
#4220 = FACE_BOUND('',#4221,.T.);
#4221 = EDGE_LOOP('',(#4222));
#4222 = ORIENTED_EDGE('',*,*,#4223,.T.);
#4223 = EDGE_CURVE('',#4224,#4224,#4226,.T.);
#4224 = VERTEX_POINT('',#4225);
#4225 = CARTESIAN_POINT('',(73.1,25.485,1.51));
#4226 = SURFACE_CURVE('',#4227,(#4232,#4243),.PCURVE_S1.);
#4227 = CIRCLE('',#4228,1.1);
#4228 = AXIS2_PLACEMENT_3D('',#4229,#4230,#4231);
#4229 = CARTESIAN_POINT('',(73.1,26.585,1.51));
#4230 = DIRECTION('',(-0.,-0.,-1.));
#4231 = DIRECTION('',(0.,-1.,0.));
#4232 = PCURVE('',#150,#4233);
#4233 = DEFINITIONAL_REPRESENTATION('',(#4234),#4242);
#4234 = ( BOUNDED_CURVE() B_SPLINE_CURVE(2,(#4235,#4236,#4237,#4238,
#4239,#4240,#4241),.UNSPECIFIED.,.T.,.F.) B_SPLINE_CURVE_WITH_KNOTS((1,2
    ,2,2,2,1),(-2.094395102393,0.,2.094395102393,4.188790204786,
6.28318530718,8.377580409573),.UNSPECIFIED.) CURVE() 
GEOMETRIC_REPRESENTATION_ITEM() RATIONAL_B_SPLINE_CURVE((1.,0.5,1.,0.5,
1.,0.5,1.)) REPRESENTATION_ITEM('') );
#4235 = CARTESIAN_POINT('',(155.6,-76.265));
#4236 = CARTESIAN_POINT('',(153.69474411167,-76.265));
#4237 = CARTESIAN_POINT('',(154.64737205583,-74.615));
#4238 = CARTESIAN_POINT('',(155.6,-72.965));
#4239 = CARTESIAN_POINT('',(156.55262794416,-74.615));
#4240 = CARTESIAN_POINT('',(157.50525588832,-76.265));
#4241 = CARTESIAN_POINT('',(155.6,-76.265));
#4242 = ( GEOMETRIC_REPRESENTATION_CONTEXT(2) 
PARAMETRIC_REPRESENTATION_CONTEXT() REPRESENTATION_CONTEXT('2D SPACE',''
  ) );
#4243 = PCURVE('',#1011,#4244);
#4244 = DEFINITIONAL_REPRESENTATION('',(#4245),#4249);
#4245 = LINE('',#4246,#4247);
#4246 = CARTESIAN_POINT('',(0.,-1.556));
#4247 = VECTOR('',#4248,1.);
#4248 = DIRECTION('',(1.,0.));
#4249 = ( GEOMETRIC_REPRESENTATION_CONTEXT(2) 
PARAMETRIC_REPRESENTATION_CONTEXT() REPRESENTATION_CONTEXT('2D SPACE',''
  ) );
#4250 = FACE_BOUND('',#4251,.T.);
#4251 = EDGE_LOOP('',(#4252));
#4252 = ORIENTED_EDGE('',*,*,#4253,.T.);
#4253 = EDGE_CURVE('',#4254,#4254,#4256,.T.);
#4254 = VERTEX_POINT('',#4255);
#4255 = CARTESIAN_POINT('',(82.325,39.245,1.51));
#4256 = SURFACE_CURVE('',#4257,(#4262,#4273),.PCURVE_S1.);
#4257 = CIRCLE('',#4258,0.15);
#4258 = AXIS2_PLACEMENT_3D('',#4259,#4260,#4261);
#4259 = CARTESIAN_POINT('',(82.325,39.395,1.51));
#4260 = DIRECTION('',(-0.,-0.,-1.));
#4261 = DIRECTION('',(0.,-1.,0.));
#4262 = PCURVE('',#150,#4263);
#4263 = DEFINITIONAL_REPRESENTATION('',(#4264),#4272);
#4264 = ( BOUNDED_CURVE() B_SPLINE_CURVE(2,(#4265,#4266,#4267,#4268,
#4269,#4270,#4271),.UNSPECIFIED.,.T.,.F.) B_SPLINE_CURVE_WITH_KNOTS((1,2
    ,2,2,2,1),(-2.094395102393,0.,2.094395102393,4.188790204786,
6.28318530718,8.377580409573),.UNSPECIFIED.) CURVE() 
GEOMETRIC_REPRESENTATION_ITEM() RATIONAL_B_SPLINE_CURVE((1.,0.5,1.,0.5,
1.,0.5,1.)) REPRESENTATION_ITEM('') );
#4265 = CARTESIAN_POINT('',(164.825,-62.505));
#4266 = CARTESIAN_POINT('',(164.56519237886,-62.505));
#4267 = CARTESIAN_POINT('',(164.69509618943,-62.28));
#4268 = CARTESIAN_POINT('',(164.825,-62.055));
#4269 = CARTESIAN_POINT('',(164.95490381056,-62.28));
#4270 = CARTESIAN_POINT('',(165.08480762113,-62.505));
#4271 = CARTESIAN_POINT('',(164.825,-62.505));
#4272 = ( GEOMETRIC_REPRESENTATION_CONTEXT(2) 
PARAMETRIC_REPRESENTATION_CONTEXT() REPRESENTATION_CONTEXT('2D SPACE',''
  ) );
#4273 = PCURVE('',#1046,#4274);
#4274 = DEFINITIONAL_REPRESENTATION('',(#4275),#4279);
#4275 = LINE('',#4276,#4277);
#4276 = CARTESIAN_POINT('',(0.,-1.556));
#4277 = VECTOR('',#4278,1.);
#4278 = DIRECTION('',(1.,0.));
#4279 = ( GEOMETRIC_REPRESENTATION_CONTEXT(2) 
PARAMETRIC_REPRESENTATION_CONTEXT() REPRESENTATION_CONTEXT('2D SPACE',''
  ) );
#4280 = FACE_BOUND('',#4281,.T.);
#4281 = EDGE_LOOP('',(#4282));
#4282 = ORIENTED_EDGE('',*,*,#4283,.T.);
#4283 = EDGE_CURVE('',#4284,#4284,#4286,.T.);
#4284 = VERTEX_POINT('',#4285);
#4285 = CARTESIAN_POINT('',(82.325,40.445,1.51));
#4286 = SURFACE_CURVE('',#4287,(#4292,#4303),.PCURVE_S1.);
#4287 = CIRCLE('',#4288,0.15);
#4288 = AXIS2_PLACEMENT_3D('',#4289,#4290,#4291);
#4289 = CARTESIAN_POINT('',(82.325,40.595,1.51));
#4290 = DIRECTION('',(-0.,-0.,-1.));
#4291 = DIRECTION('',(0.,-1.,0.));
#4292 = PCURVE('',#150,#4293);
#4293 = DEFINITIONAL_REPRESENTATION('',(#4294),#4302);
#4294 = ( BOUNDED_CURVE() B_SPLINE_CURVE(2,(#4295,#4296,#4297,#4298,
#4299,#4300,#4301),.UNSPECIFIED.,.T.,.F.) B_SPLINE_CURVE_WITH_KNOTS((1,2
    ,2,2,2,1),(-2.094395102393,0.,2.094395102393,4.188790204786,
6.28318530718,8.377580409573),.UNSPECIFIED.) CURVE() 
GEOMETRIC_REPRESENTATION_ITEM() RATIONAL_B_SPLINE_CURVE((1.,0.5,1.,0.5,
1.,0.5,1.)) REPRESENTATION_ITEM('') );
#4295 = CARTESIAN_POINT('',(164.825,-61.305));
#4296 = CARTESIAN_POINT('',(164.56519237886,-61.305));
#4297 = CARTESIAN_POINT('',(164.69509618943,-61.08));
#4298 = CARTESIAN_POINT('',(164.825,-60.855));
#4299 = CARTESIAN_POINT('',(164.95490381056,-61.08));
#4300 = CARTESIAN_POINT('',(165.08480762113,-61.305));
#4301 = CARTESIAN_POINT('',(164.825,-61.305));
#4302 = ( GEOMETRIC_REPRESENTATION_CONTEXT(2) 
PARAMETRIC_REPRESENTATION_CONTEXT() REPRESENTATION_CONTEXT('2D SPACE',''
  ) );
#4303 = PCURVE('',#1081,#4304);
#4304 = DEFINITIONAL_REPRESENTATION('',(#4305),#4309);
#4305 = LINE('',#4306,#4307);
#4306 = CARTESIAN_POINT('',(0.,-1.556));
#4307 = VECTOR('',#4308,1.);
#4308 = DIRECTION('',(1.,0.));
#4309 = ( GEOMETRIC_REPRESENTATION_CONTEXT(2) 
PARAMETRIC_REPRESENTATION_CONTEXT() REPRESENTATION_CONTEXT('2D SPACE',''
  ) );
#4310 = FACE_BOUND('',#4311,.T.);
#4311 = EDGE_LOOP('',(#4312));
#4312 = ORIENTED_EDGE('',*,*,#4313,.T.);
#4313 = EDGE_CURVE('',#4314,#4314,#4316,.T.);
#4314 = VERTEX_POINT('',#4315);
#4315 = CARTESIAN_POINT('',(82.325,41.645,1.51));
#4316 = SURFACE_CURVE('',#4317,(#4322,#4333),.PCURVE_S1.);
#4317 = CIRCLE('',#4318,0.15);
#4318 = AXIS2_PLACEMENT_3D('',#4319,#4320,#4321);
#4319 = CARTESIAN_POINT('',(82.325,41.795,1.51));
#4320 = DIRECTION('',(-0.,-0.,-1.));
#4321 = DIRECTION('',(0.,-1.,0.));
#4322 = PCURVE('',#150,#4323);
#4323 = DEFINITIONAL_REPRESENTATION('',(#4324),#4332);
#4324 = ( BOUNDED_CURVE() B_SPLINE_CURVE(2,(#4325,#4326,#4327,#4328,
#4329,#4330,#4331),.UNSPECIFIED.,.T.,.F.) B_SPLINE_CURVE_WITH_KNOTS((1,2
    ,2,2,2,1),(-2.094395102393,0.,2.094395102393,4.188790204786,
6.28318530718,8.377580409573),.UNSPECIFIED.) CURVE() 
GEOMETRIC_REPRESENTATION_ITEM() RATIONAL_B_SPLINE_CURVE((1.,0.5,1.,0.5,
1.,0.5,1.)) REPRESENTATION_ITEM('') );
#4325 = CARTESIAN_POINT('',(164.825,-60.105));
#4326 = CARTESIAN_POINT('',(164.56519237886,-60.105));
#4327 = CARTESIAN_POINT('',(164.69509618943,-59.88));
#4328 = CARTESIAN_POINT('',(164.825,-59.655));
#4329 = CARTESIAN_POINT('',(164.95490381056,-59.88));
#4330 = CARTESIAN_POINT('',(165.08480762113,-60.105));
#4331 = CARTESIAN_POINT('',(164.825,-60.105));
#4332 = ( GEOMETRIC_REPRESENTATION_CONTEXT(2) 
PARAMETRIC_REPRESENTATION_CONTEXT() REPRESENTATION_CONTEXT('2D SPACE',''
  ) );
#4333 = PCURVE('',#1116,#4334);
#4334 = DEFINITIONAL_REPRESENTATION('',(#4335),#4339);
#4335 = LINE('',#4336,#4337);
#4336 = CARTESIAN_POINT('',(0.,-1.556));
#4337 = VECTOR('',#4338,1.);
#4338 = DIRECTION('',(1.,0.));
#4339 = ( GEOMETRIC_REPRESENTATION_CONTEXT(2) 
PARAMETRIC_REPRESENTATION_CONTEXT() REPRESENTATION_CONTEXT('2D SPACE',''
  ) );
#4340 = FACE_BOUND('',#4341,.T.);
#4341 = EDGE_LOOP('',(#4342));
#4342 = ORIENTED_EDGE('',*,*,#4343,.T.);
#4343 = EDGE_CURVE('',#4344,#4344,#4346,.T.);
#4344 = VERTEX_POINT('',#4345);
#4345 = CARTESIAN_POINT('',(83.725,39.245,1.51));
#4346 = SURFACE_CURVE('',#4347,(#4352,#4363),.PCURVE_S1.);
#4347 = CIRCLE('',#4348,0.15);
#4348 = AXIS2_PLACEMENT_3D('',#4349,#4350,#4351);
#4349 = CARTESIAN_POINT('',(83.725,39.395,1.51));
#4350 = DIRECTION('',(-0.,-0.,-1.));
#4351 = DIRECTION('',(0.,-1.,0.));
#4352 = PCURVE('',#150,#4353);
#4353 = DEFINITIONAL_REPRESENTATION('',(#4354),#4362);
#4354 = ( BOUNDED_CURVE() B_SPLINE_CURVE(2,(#4355,#4356,#4357,#4358,
#4359,#4360,#4361),.UNSPECIFIED.,.T.,.F.) B_SPLINE_CURVE_WITH_KNOTS((1,2
    ,2,2,2,1),(-2.094395102393,0.,2.094395102393,4.188790204786,
6.28318530718,8.377580409573),.UNSPECIFIED.) CURVE() 
GEOMETRIC_REPRESENTATION_ITEM() RATIONAL_B_SPLINE_CURVE((1.,0.5,1.,0.5,
1.,0.5,1.)) REPRESENTATION_ITEM('') );
#4355 = CARTESIAN_POINT('',(166.225,-62.505));
#4356 = CARTESIAN_POINT('',(165.96519237886,-62.505));
#4357 = CARTESIAN_POINT('',(166.09509618943,-62.28));
#4358 = CARTESIAN_POINT('',(166.225,-62.055));
#4359 = CARTESIAN_POINT('',(166.35490381056,-62.28));
#4360 = CARTESIAN_POINT('',(166.48480762113,-62.505));
#4361 = CARTESIAN_POINT('',(166.225,-62.505));
#4362 = ( GEOMETRIC_REPRESENTATION_CONTEXT(2) 
PARAMETRIC_REPRESENTATION_CONTEXT() REPRESENTATION_CONTEXT('2D SPACE',''
  ) );
#4363 = PCURVE('',#1151,#4364);
#4364 = DEFINITIONAL_REPRESENTATION('',(#4365),#4369);
#4365 = LINE('',#4366,#4367);
#4366 = CARTESIAN_POINT('',(0.,-1.556));
#4367 = VECTOR('',#4368,1.);
#4368 = DIRECTION('',(1.,0.));
#4369 = ( GEOMETRIC_REPRESENTATION_CONTEXT(2) 
PARAMETRIC_REPRESENTATION_CONTEXT() REPRESENTATION_CONTEXT('2D SPACE',''
  ) );
#4370 = FACE_BOUND('',#4371,.T.);
#4371 = EDGE_LOOP('',(#4372));
#4372 = ORIENTED_EDGE('',*,*,#4373,.T.);
#4373 = EDGE_CURVE('',#4374,#4374,#4376,.T.);
#4374 = VERTEX_POINT('',#4375);
#4375 = CARTESIAN_POINT('',(83.725,40.445,1.51));
#4376 = SURFACE_CURVE('',#4377,(#4382,#4393),.PCURVE_S1.);
#4377 = CIRCLE('',#4378,0.15);
#4378 = AXIS2_PLACEMENT_3D('',#4379,#4380,#4381);
#4379 = CARTESIAN_POINT('',(83.725,40.595,1.51));
#4380 = DIRECTION('',(-0.,-0.,-1.));
#4381 = DIRECTION('',(0.,-1.,0.));
#4382 = PCURVE('',#150,#4383);
#4383 = DEFINITIONAL_REPRESENTATION('',(#4384),#4392);
#4384 = ( BOUNDED_CURVE() B_SPLINE_CURVE(2,(#4385,#4386,#4387,#4388,
#4389,#4390,#4391),.UNSPECIFIED.,.T.,.F.) B_SPLINE_CURVE_WITH_KNOTS((1,2
    ,2,2,2,1),(-2.094395102393,0.,2.094395102393,4.188790204786,
6.28318530718,8.377580409573),.UNSPECIFIED.) CURVE() 
GEOMETRIC_REPRESENTATION_ITEM() RATIONAL_B_SPLINE_CURVE((1.,0.5,1.,0.5,
1.,0.5,1.)) REPRESENTATION_ITEM('') );
#4385 = CARTESIAN_POINT('',(166.225,-61.305));
#4386 = CARTESIAN_POINT('',(165.96519237886,-61.305));
#4387 = CARTESIAN_POINT('',(166.09509618943,-61.08));
#4388 = CARTESIAN_POINT('',(166.225,-60.855));
#4389 = CARTESIAN_POINT('',(166.35490381056,-61.08));
#4390 = CARTESIAN_POINT('',(166.48480762113,-61.305));
#4391 = CARTESIAN_POINT('',(166.225,-61.305));
#4392 = ( GEOMETRIC_REPRESENTATION_CONTEXT(2) 
PARAMETRIC_REPRESENTATION_CONTEXT() REPRESENTATION_CONTEXT('2D SPACE',''
  ) );
#4393 = PCURVE('',#1186,#4394);
#4394 = DEFINITIONAL_REPRESENTATION('',(#4395),#4399);
#4395 = LINE('',#4396,#4397);
#4396 = CARTESIAN_POINT('',(0.,-1.556));
#4397 = VECTOR('',#4398,1.);
#4398 = DIRECTION('',(1.,0.));
#4399 = ( GEOMETRIC_REPRESENTATION_CONTEXT(2) 
PARAMETRIC_REPRESENTATION_CONTEXT() REPRESENTATION_CONTEXT('2D SPACE',''
  ) );
#4400 = FACE_BOUND('',#4401,.T.);
#4401 = EDGE_LOOP('',(#4402));
#4402 = ORIENTED_EDGE('',*,*,#4403,.T.);
#4403 = EDGE_CURVE('',#4404,#4404,#4406,.T.);
#4404 = VERTEX_POINT('',#4405);
#4405 = CARTESIAN_POINT('',(83.725,41.645,1.51));
#4406 = SURFACE_CURVE('',#4407,(#4412,#4423),.PCURVE_S1.);
#4407 = CIRCLE('',#4408,0.15);
#4408 = AXIS2_PLACEMENT_3D('',#4409,#4410,#4411);
#4409 = CARTESIAN_POINT('',(83.725,41.795,1.51));
#4410 = DIRECTION('',(-0.,-0.,-1.));
#4411 = DIRECTION('',(0.,-1.,0.));
#4412 = PCURVE('',#150,#4413);
#4413 = DEFINITIONAL_REPRESENTATION('',(#4414),#4422);
#4414 = ( BOUNDED_CURVE() B_SPLINE_CURVE(2,(#4415,#4416,#4417,#4418,
#4419,#4420,#4421),.UNSPECIFIED.,.T.,.F.) B_SPLINE_CURVE_WITH_KNOTS((1,2
    ,2,2,2,1),(-2.094395102393,0.,2.094395102393,4.188790204786,
6.28318530718,8.377580409573),.UNSPECIFIED.) CURVE() 
GEOMETRIC_REPRESENTATION_ITEM() RATIONAL_B_SPLINE_CURVE((1.,0.5,1.,0.5,
1.,0.5,1.)) REPRESENTATION_ITEM('') );
#4415 = CARTESIAN_POINT('',(166.225,-60.105));
#4416 = CARTESIAN_POINT('',(165.96519237886,-60.105));
#4417 = CARTESIAN_POINT('',(166.09509618943,-59.88));
#4418 = CARTESIAN_POINT('',(166.225,-59.655));
#4419 = CARTESIAN_POINT('',(166.35490381056,-59.88));
#4420 = CARTESIAN_POINT('',(166.48480762113,-60.105));
#4421 = CARTESIAN_POINT('',(166.225,-60.105));
#4422 = ( GEOMETRIC_REPRESENTATION_CONTEXT(2) 
PARAMETRIC_REPRESENTATION_CONTEXT() REPRESENTATION_CONTEXT('2D SPACE',''
  ) );
#4423 = PCURVE('',#1221,#4424);
#4424 = DEFINITIONAL_REPRESENTATION('',(#4425),#4429);
#4425 = LINE('',#4426,#4427);
#4426 = CARTESIAN_POINT('',(0.,-1.556));
#4427 = VECTOR('',#4428,1.);
#4428 = DIRECTION('',(1.,0.));
#4429 = ( GEOMETRIC_REPRESENTATION_CONTEXT(2) 
PARAMETRIC_REPRESENTATION_CONTEXT() REPRESENTATION_CONTEXT('2D SPACE',''
  ) );
#4430 = FACE_BOUND('',#4431,.T.);
#4431 = EDGE_LOOP('',(#4432));
#4432 = ORIENTED_EDGE('',*,*,#4433,.T.);
#4433 = EDGE_CURVE('',#4434,#4434,#4436,.T.);
#4434 = VERTEX_POINT('',#4435);
#4435 = CARTESIAN_POINT('',(6.38,55.11,1.51));
#4436 = SURFACE_CURVE('',#4437,(#4442,#4453),.PCURVE_S1.);
#4437 = CIRCLE('',#4438,0.85);
#4438 = AXIS2_PLACEMENT_3D('',#4439,#4440,#4441);
#4439 = CARTESIAN_POINT('',(6.38,55.96,1.51));
#4440 = DIRECTION('',(-0.,-0.,-1.));
#4441 = DIRECTION('',(0.,-1.,0.));
#4442 = PCURVE('',#150,#4443);
#4443 = DEFINITIONAL_REPRESENTATION('',(#4444),#4452);
#4444 = ( BOUNDED_CURVE() B_SPLINE_CURVE(2,(#4445,#4446,#4447,#4448,
#4449,#4450,#4451),.UNSPECIFIED.,.T.,.F.) B_SPLINE_CURVE_WITH_KNOTS((1,2
    ,2,2,2,1),(-2.094395102393,0.,2.094395102393,4.188790204786,
6.28318530718,8.377580409573),.UNSPECIFIED.) CURVE() 
GEOMETRIC_REPRESENTATION_ITEM() RATIONAL_B_SPLINE_CURVE((1.,0.5,1.,0.5,
1.,0.5,1.)) REPRESENTATION_ITEM('') );
#4445 = CARTESIAN_POINT('',(88.88,-46.64));
#4446 = CARTESIAN_POINT('',(87.407756813566,-46.64));
#4447 = CARTESIAN_POINT('',(88.143878406783,-45.365));
#4448 = CARTESIAN_POINT('',(88.88,-44.09));
#4449 = CARTESIAN_POINT('',(89.616121593217,-45.365));
#4450 = CARTESIAN_POINT('',(90.352243186434,-46.64));
#4451 = CARTESIAN_POINT('',(88.88,-46.64));
#4452 = ( GEOMETRIC_REPRESENTATION_CONTEXT(2) 
PARAMETRIC_REPRESENTATION_CONTEXT() REPRESENTATION_CONTEXT('2D SPACE',''
  ) );
#4453 = PCURVE('',#1256,#4454);
#4454 = DEFINITIONAL_REPRESENTATION('',(#4455),#4459);
#4455 = LINE('',#4456,#4457);
#4456 = CARTESIAN_POINT('',(0.,-1.556));
#4457 = VECTOR('',#4458,1.);
#4458 = DIRECTION('',(1.,0.));
#4459 = ( GEOMETRIC_REPRESENTATION_CONTEXT(2) 
PARAMETRIC_REPRESENTATION_CONTEXT() REPRESENTATION_CONTEXT('2D SPACE',''
  ) );
#4460 = FACE_BOUND('',#4461,.T.);
#4461 = EDGE_LOOP('',(#4462));
#4462 = ORIENTED_EDGE('',*,*,#4463,.T.);
#4463 = EDGE_CURVE('',#4464,#4464,#4466,.T.);
#4464 = VERTEX_POINT('',#4465);
#4465 = CARTESIAN_POINT('',(11.46,53.96,1.51));
#4466 = SURFACE_CURVE('',#4467,(#4472,#4483),.PCURVE_S1.);
#4467 = CIRCLE('',#4468,2.);
#4468 = AXIS2_PLACEMENT_3D('',#4469,#4470,#4471);
#4469 = CARTESIAN_POINT('',(11.46,55.96,1.51));
#4470 = DIRECTION('',(-0.,-0.,-1.));
#4471 = DIRECTION('',(0.,-1.,0.));
#4472 = PCURVE('',#150,#4473);
#4473 = DEFINITIONAL_REPRESENTATION('',(#4474),#4482);
#4474 = ( BOUNDED_CURVE() B_SPLINE_CURVE(2,(#4475,#4476,#4477,#4478,
#4479,#4480,#4481),.UNSPECIFIED.,.T.,.F.) B_SPLINE_CURVE_WITH_KNOTS((1,2
    ,2,2,2,1),(-2.094395102393,0.,2.094395102393,4.188790204786,
6.28318530718,8.377580409573),.UNSPECIFIED.) CURVE() 
GEOMETRIC_REPRESENTATION_ITEM() RATIONAL_B_SPLINE_CURVE((1.,0.5,1.,0.5,
1.,0.5,1.)) REPRESENTATION_ITEM('') );
#4475 = CARTESIAN_POINT('',(93.96,-47.79));
#4476 = CARTESIAN_POINT('',(90.495898384862,-47.79));
#4477 = CARTESIAN_POINT('',(92.227949192431,-44.79));
#4478 = CARTESIAN_POINT('',(93.96,-41.79));
#4479 = CARTESIAN_POINT('',(95.692050807569,-44.79));
#4480 = CARTESIAN_POINT('',(97.424101615138,-47.79));
#4481 = CARTESIAN_POINT('',(93.96,-47.79));
#4482 = ( GEOMETRIC_REPRESENTATION_CONTEXT(2) 
PARAMETRIC_REPRESENTATION_CONTEXT() REPRESENTATION_CONTEXT('2D SPACE',''
  ) );
#4483 = PCURVE('',#1291,#4484);
#4484 = DEFINITIONAL_REPRESENTATION('',(#4485),#4489);
#4485 = LINE('',#4486,#4487);
#4486 = CARTESIAN_POINT('',(0.,-1.556));
#4487 = VECTOR('',#4488,1.);
#4488 = DIRECTION('',(1.,0.));
#4489 = ( GEOMETRIC_REPRESENTATION_CONTEXT(2) 
PARAMETRIC_REPRESENTATION_CONTEXT() REPRESENTATION_CONTEXT('2D SPACE',''
  ) );
#4490 = FACE_BOUND('',#4491,.T.);
#4491 = EDGE_LOOP('',(#4492));
#4492 = ORIENTED_EDGE('',*,*,#4493,.T.);
#4493 = EDGE_CURVE('',#4494,#4494,#4496,.T.);
#4494 = VERTEX_POINT('',#4495);
#4495 = CARTESIAN_POINT('',(16.54,55.11,1.51));
#4496 = SURFACE_CURVE('',#4497,(#4502,#4513),.PCURVE_S1.);
#4497 = CIRCLE('',#4498,0.85);
#4498 = AXIS2_PLACEMENT_3D('',#4499,#4500,#4501);
#4499 = CARTESIAN_POINT('',(16.54,55.96,1.51));
#4500 = DIRECTION('',(0.,-0.,-1.));
#4501 = DIRECTION('',(1.671865260612E-14,-1.,0.));
#4502 = PCURVE('',#150,#4503);
#4503 = DEFINITIONAL_REPRESENTATION('',(#4504),#4512);
#4504 = ( BOUNDED_CURVE() B_SPLINE_CURVE(2,(#4505,#4506,#4507,#4508,
#4509,#4510,#4511),.UNSPECIFIED.,.T.,.F.) B_SPLINE_CURVE_WITH_KNOTS((1,2
    ,2,2,2,1),(-2.094395102393,0.,2.094395102393,4.188790204786,
6.28318530718,8.377580409573),.UNSPECIFIED.) CURVE() 
GEOMETRIC_REPRESENTATION_ITEM() RATIONAL_B_SPLINE_CURVE((1.,0.5,1.,0.5,
1.,0.5,1.)) REPRESENTATION_ITEM('') );
#4505 = CARTESIAN_POINT('',(99.04,-46.64));
#4506 = CARTESIAN_POINT('',(97.567756813566,-46.64));
#4507 = CARTESIAN_POINT('',(98.303878406783,-45.365));
#4508 = CARTESIAN_POINT('',(99.04,-44.09));
#4509 = CARTESIAN_POINT('',(99.776121593217,-45.365));
#4510 = CARTESIAN_POINT('',(100.51224318643,-46.64));
#4511 = CARTESIAN_POINT('',(99.04,-46.64));
#4512 = ( GEOMETRIC_REPRESENTATION_CONTEXT(2) 
PARAMETRIC_REPRESENTATION_CONTEXT() REPRESENTATION_CONTEXT('2D SPACE',''
  ) );
#4513 = PCURVE('',#1326,#4514);
#4514 = DEFINITIONAL_REPRESENTATION('',(#4515),#4519);
#4515 = LINE('',#4516,#4517);
#4516 = CARTESIAN_POINT('',(0.,-1.556));
#4517 = VECTOR('',#4518,1.);
#4518 = DIRECTION('',(1.,0.));
#4519 = ( GEOMETRIC_REPRESENTATION_CONTEXT(2) 
PARAMETRIC_REPRESENTATION_CONTEXT() REPRESENTATION_CONTEXT('2D SPACE',''
  ) );
#4520 = FACE_BOUND('',#4521,.T.);
#4521 = EDGE_LOOP('',(#4522));
#4522 = ORIENTED_EDGE('',*,*,#4523,.T.);
#4523 = EDGE_CURVE('',#4524,#4524,#4526,.T.);
#4524 = VERTEX_POINT('',#4525);
#4525 = CARTESIAN_POINT('',(7.65,57.75,1.51));
#4526 = SURFACE_CURVE('',#4527,(#4532,#4543),.PCURVE_S1.);
#4527 = CIRCLE('',#4528,0.75);
#4528 = AXIS2_PLACEMENT_3D('',#4529,#4530,#4531);
#4529 = CARTESIAN_POINT('',(7.65,58.5,1.51));
#4530 = DIRECTION('',(-0.,-0.,-1.));
#4531 = DIRECTION('',(0.,-1.,0.));
#4532 = PCURVE('',#150,#4533);
#4533 = DEFINITIONAL_REPRESENTATION('',(#4534),#4542);
#4534 = ( BOUNDED_CURVE() B_SPLINE_CURVE(2,(#4535,#4536,#4537,#4538,
#4539,#4540,#4541),.UNSPECIFIED.,.T.,.F.) B_SPLINE_CURVE_WITH_KNOTS((1,2
    ,2,2,2,1),(-2.094395102393,0.,2.094395102393,4.188790204786,
6.28318530718,8.377580409573),.UNSPECIFIED.) CURVE() 
GEOMETRIC_REPRESENTATION_ITEM() RATIONAL_B_SPLINE_CURVE((1.,0.5,1.,0.5,
1.,0.5,1.)) REPRESENTATION_ITEM('') );
#4535 = CARTESIAN_POINT('',(90.15,-44.));
#4536 = CARTESIAN_POINT('',(88.850961894323,-44.));
#4537 = CARTESIAN_POINT('',(89.500480947162,-42.875));
#4538 = CARTESIAN_POINT('',(90.15,-41.75));
#4539 = CARTESIAN_POINT('',(90.799519052838,-42.875));
#4540 = CARTESIAN_POINT('',(91.449038105677,-44.));
#4541 = CARTESIAN_POINT('',(90.15,-44.));
#4542 = ( GEOMETRIC_REPRESENTATION_CONTEXT(2) 
PARAMETRIC_REPRESENTATION_CONTEXT() REPRESENTATION_CONTEXT('2D SPACE',''
  ) );
#4543 = PCURVE('',#1361,#4544);
#4544 = DEFINITIONAL_REPRESENTATION('',(#4545),#4549);
#4545 = LINE('',#4546,#4547);
#4546 = CARTESIAN_POINT('',(0.,-1.556));
#4547 = VECTOR('',#4548,1.);
#4548 = DIRECTION('',(1.,0.));
#4549 = ( GEOMETRIC_REPRESENTATION_CONTEXT(2) 
PARAMETRIC_REPRESENTATION_CONTEXT() REPRESENTATION_CONTEXT('2D SPACE',''
  ) );
#4550 = FACE_BOUND('',#4551,.T.);
#4551 = EDGE_LOOP('',(#4552));
#4552 = ORIENTED_EDGE('',*,*,#4553,.T.);
#4553 = EDGE_CURVE('',#4554,#4554,#4556,.T.);
#4554 = VERTEX_POINT('',#4555);
#4555 = CARTESIAN_POINT('',(14.,60.29,1.51));
#4556 = SURFACE_CURVE('',#4557,(#4562,#4573),.PCURVE_S1.);
#4557 = CIRCLE('',#4558,0.75);
#4558 = AXIS2_PLACEMENT_3D('',#4559,#4560,#4561);
#4559 = CARTESIAN_POINT('',(14.,61.04,1.51));
#4560 = DIRECTION('',(-0.,-0.,-1.));
#4561 = DIRECTION('',(0.,-1.,0.));
#4562 = PCURVE('',#150,#4563);
#4563 = DEFINITIONAL_REPRESENTATION('',(#4564),#4572);
#4564 = ( BOUNDED_CURVE() B_SPLINE_CURVE(2,(#4565,#4566,#4567,#4568,
#4569,#4570,#4571),.UNSPECIFIED.,.T.,.F.) B_SPLINE_CURVE_WITH_KNOTS((1,2
    ,2,2,2,1),(-2.094395102393,0.,2.094395102393,4.188790204786,
6.28318530718,8.377580409573),.UNSPECIFIED.) CURVE() 
GEOMETRIC_REPRESENTATION_ITEM() RATIONAL_B_SPLINE_CURVE((1.,0.5,1.,0.5,
1.,0.5,1.)) REPRESENTATION_ITEM('') );
#4565 = CARTESIAN_POINT('',(96.5,-41.46));
#4566 = CARTESIAN_POINT('',(95.200961894323,-41.46));
#4567 = CARTESIAN_POINT('',(95.850480947162,-40.335));
#4568 = CARTESIAN_POINT('',(96.5,-39.21));
#4569 = CARTESIAN_POINT('',(97.149519052838,-40.335));
#4570 = CARTESIAN_POINT('',(97.799038105677,-41.46));
#4571 = CARTESIAN_POINT('',(96.5,-41.46));
#4572 = ( GEOMETRIC_REPRESENTATION_CONTEXT(2) 
PARAMETRIC_REPRESENTATION_CONTEXT() REPRESENTATION_CONTEXT('2D SPACE',''
  ) );
#4573 = PCURVE('',#1396,#4574);
#4574 = DEFINITIONAL_REPRESENTATION('',(#4575),#4579);
#4575 = LINE('',#4576,#4577);
#4576 = CARTESIAN_POINT('',(0.,-1.556));
#4577 = VECTOR('',#4578,1.);
#4578 = DIRECTION('',(1.,0.));
#4579 = ( GEOMETRIC_REPRESENTATION_CONTEXT(2) 
PARAMETRIC_REPRESENTATION_CONTEXT() REPRESENTATION_CONTEXT('2D SPACE',''
  ) );
#4580 = FACE_BOUND('',#4581,.T.);
#4581 = EDGE_LOOP('',(#4582));
#4582 = ORIENTED_EDGE('',*,*,#4583,.T.);
#4583 = EDGE_CURVE('',#4584,#4584,#4586,.T.);
#4584 = VERTEX_POINT('',#4585);
#4585 = CARTESIAN_POINT('',(25.6633,55.11,1.51));
#4586 = SURFACE_CURVE('',#4587,(#4592,#4603),.PCURVE_S1.);
#4587 = CIRCLE('',#4588,0.85);
#4588 = AXIS2_PLACEMENT_3D('',#4589,#4590,#4591);
#4589 = CARTESIAN_POINT('',(25.6633,55.96,1.51));
#4590 = DIRECTION('',(0.,-0.,-1.));
#4591 = DIRECTION('',(1.671865260612E-14,-1.,0.));
#4592 = PCURVE('',#150,#4593);
#4593 = DEFINITIONAL_REPRESENTATION('',(#4594),#4602);
#4594 = ( BOUNDED_CURVE() B_SPLINE_CURVE(2,(#4595,#4596,#4597,#4598,
#4599,#4600,#4601),.UNSPECIFIED.,.T.,.F.) B_SPLINE_CURVE_WITH_KNOTS((1,2
    ,2,2,2,1),(-2.094395102393,0.,2.094395102393,4.188790204786,
6.28318530718,8.377580409573),.UNSPECIFIED.) CURVE() 
GEOMETRIC_REPRESENTATION_ITEM() RATIONAL_B_SPLINE_CURVE((1.,0.5,1.,0.5,
1.,0.5,1.)) REPRESENTATION_ITEM('') );
#4595 = CARTESIAN_POINT('',(108.1633,-46.64));
#4596 = CARTESIAN_POINT('',(106.69105681356,-46.64));
#4597 = CARTESIAN_POINT('',(107.42717840678,-45.365));
#4598 = CARTESIAN_POINT('',(108.1633,-44.09));
#4599 = CARTESIAN_POINT('',(108.89942159321,-45.365));
#4600 = CARTESIAN_POINT('',(109.63554318643,-46.64));
#4601 = CARTESIAN_POINT('',(108.1633,-46.64));
#4602 = ( GEOMETRIC_REPRESENTATION_CONTEXT(2) 
PARAMETRIC_REPRESENTATION_CONTEXT() REPRESENTATION_CONTEXT('2D SPACE',''
  ) );
#4603 = PCURVE('',#1431,#4604);
#4604 = DEFINITIONAL_REPRESENTATION('',(#4605),#4609);
#4605 = LINE('',#4606,#4607);
#4606 = CARTESIAN_POINT('',(0.,-1.556));
#4607 = VECTOR('',#4608,1.);
#4608 = DIRECTION('',(1.,0.));
#4609 = ( GEOMETRIC_REPRESENTATION_CONTEXT(2) 
PARAMETRIC_REPRESENTATION_CONTEXT() REPRESENTATION_CONTEXT('2D SPACE',''
  ) );
#4610 = FACE_BOUND('',#4611,.T.);
#4611 = EDGE_LOOP('',(#4612));
#4612 = ORIENTED_EDGE('',*,*,#4613,.T.);
#4613 = EDGE_CURVE('',#4614,#4614,#4616,.T.);
#4614 = VERTEX_POINT('',#4615);
#4615 = CARTESIAN_POINT('',(30.7433,53.96,1.51));
#4616 = SURFACE_CURVE('',#4617,(#4622,#4633),.PCURVE_S1.);
#4617 = CIRCLE('',#4618,2.);
#4618 = AXIS2_PLACEMENT_3D('',#4619,#4620,#4621);
#4619 = CARTESIAN_POINT('',(30.7433,55.96,1.51));
#4620 = DIRECTION('',(-0.,-0.,-1.));
#4621 = DIRECTION('',(0.,-1.,0.));
#4622 = PCURVE('',#150,#4623);
#4623 = DEFINITIONAL_REPRESENTATION('',(#4624),#4632);
#4624 = ( BOUNDED_CURVE() B_SPLINE_CURVE(2,(#4625,#4626,#4627,#4628,
#4629,#4630,#4631),.UNSPECIFIED.,.T.,.F.) B_SPLINE_CURVE_WITH_KNOTS((1,2
    ,2,2,2,1),(-2.094395102393,0.,2.094395102393,4.188790204786,
6.28318530718,8.377580409573),.UNSPECIFIED.) CURVE() 
GEOMETRIC_REPRESENTATION_ITEM() RATIONAL_B_SPLINE_CURVE((1.,0.5,1.,0.5,
1.,0.5,1.)) REPRESENTATION_ITEM('') );
#4625 = CARTESIAN_POINT('',(113.2433,-47.79));
#4626 = CARTESIAN_POINT('',(109.77919838486,-47.79));
#4627 = CARTESIAN_POINT('',(111.51124919243,-44.79));
#4628 = CARTESIAN_POINT('',(113.2433,-41.79));
#4629 = CARTESIAN_POINT('',(114.97535080756,-44.79));
#4630 = CARTESIAN_POINT('',(116.70740161513,-47.79));
#4631 = CARTESIAN_POINT('',(113.2433,-47.79));
#4632 = ( GEOMETRIC_REPRESENTATION_CONTEXT(2) 
PARAMETRIC_REPRESENTATION_CONTEXT() REPRESENTATION_CONTEXT('2D SPACE',''
  ) );
#4633 = PCURVE('',#1466,#4634);
#4634 = DEFINITIONAL_REPRESENTATION('',(#4635),#4639);
#4635 = LINE('',#4636,#4637);
#4636 = CARTESIAN_POINT('',(0.,-1.556));
#4637 = VECTOR('',#4638,1.);
#4638 = DIRECTION('',(1.,0.));
#4639 = ( GEOMETRIC_REPRESENTATION_CONTEXT(2) 
PARAMETRIC_REPRESENTATION_CONTEXT() REPRESENTATION_CONTEXT('2D SPACE',''
  ) );
#4640 = FACE_BOUND('',#4641,.T.);
#4641 = EDGE_LOOP('',(#4642));
#4642 = ORIENTED_EDGE('',*,*,#4643,.T.);
#4643 = EDGE_CURVE('',#4644,#4644,#4646,.T.);
#4644 = VERTEX_POINT('',#4645);
#4645 = CARTESIAN_POINT('',(35.8233,55.11,1.51));
#4646 = SURFACE_CURVE('',#4647,(#4652,#4663),.PCURVE_S1.);
#4647 = CIRCLE('',#4648,0.85);
#4648 = AXIS2_PLACEMENT_3D('',#4649,#4650,#4651);
#4649 = CARTESIAN_POINT('',(35.8233,55.96,1.51));
#4650 = DIRECTION('',(0.,-0.,-1.));
#4651 = DIRECTION('',(1.671865260612E-14,-1.,0.));
#4652 = PCURVE('',#150,#4653);
#4653 = DEFINITIONAL_REPRESENTATION('',(#4654),#4662);
#4654 = ( BOUNDED_CURVE() B_SPLINE_CURVE(2,(#4655,#4656,#4657,#4658,
#4659,#4660,#4661),.UNSPECIFIED.,.T.,.F.) B_SPLINE_CURVE_WITH_KNOTS((1,2
    ,2,2,2,1),(-2.094395102393,0.,2.094395102393,4.188790204786,
6.28318530718,8.377580409573),.UNSPECIFIED.) CURVE() 
GEOMETRIC_REPRESENTATION_ITEM() RATIONAL_B_SPLINE_CURVE((1.,0.5,1.,0.5,
1.,0.5,1.)) REPRESENTATION_ITEM('') );
#4655 = CARTESIAN_POINT('',(118.3233,-46.64));
#4656 = CARTESIAN_POINT('',(116.85105681356,-46.64));
#4657 = CARTESIAN_POINT('',(117.58717840678,-45.365));
#4658 = CARTESIAN_POINT('',(118.3233,-44.09));
#4659 = CARTESIAN_POINT('',(119.05942159321,-45.365));
#4660 = CARTESIAN_POINT('',(119.79554318643,-46.64));
#4661 = CARTESIAN_POINT('',(118.3233,-46.64));
#4662 = ( GEOMETRIC_REPRESENTATION_CONTEXT(2) 
PARAMETRIC_REPRESENTATION_CONTEXT() REPRESENTATION_CONTEXT('2D SPACE',''
  ) );
#4663 = PCURVE('',#1501,#4664);
#4664 = DEFINITIONAL_REPRESENTATION('',(#4665),#4669);
#4665 = LINE('',#4666,#4667);
#4666 = CARTESIAN_POINT('',(0.,-1.556));
#4667 = VECTOR('',#4668,1.);
#4668 = DIRECTION('',(1.,0.));
#4669 = ( GEOMETRIC_REPRESENTATION_CONTEXT(2) 
PARAMETRIC_REPRESENTATION_CONTEXT() REPRESENTATION_CONTEXT('2D SPACE',''
  ) );
#4670 = FACE_BOUND('',#4671,.T.);
#4671 = EDGE_LOOP('',(#4672));
#4672 = ORIENTED_EDGE('',*,*,#4673,.T.);
#4673 = EDGE_CURVE('',#4674,#4674,#4676,.T.);
#4674 = VERTEX_POINT('',#4675);
#4675 = CARTESIAN_POINT('',(44.9467,55.11,1.51));
#4676 = SURFACE_CURVE('',#4677,(#4682,#4693),.PCURVE_S1.);
#4677 = CIRCLE('',#4678,0.85);
#4678 = AXIS2_PLACEMENT_3D('',#4679,#4680,#4681);
#4679 = CARTESIAN_POINT('',(44.9467,55.96,1.51));
#4680 = DIRECTION('',(0.,-0.,-1.));
#4681 = DIRECTION('',(1.671865260612E-14,-1.,0.));
#4682 = PCURVE('',#150,#4683);
#4683 = DEFINITIONAL_REPRESENTATION('',(#4684),#4692);
#4684 = ( BOUNDED_CURVE() B_SPLINE_CURVE(2,(#4685,#4686,#4687,#4688,
#4689,#4690,#4691),.UNSPECIFIED.,.T.,.F.) B_SPLINE_CURVE_WITH_KNOTS((1,2
    ,2,2,2,1),(-2.094395102393,0.,2.094395102393,4.188790204786,
6.28318530718,8.377580409573),.UNSPECIFIED.) CURVE() 
GEOMETRIC_REPRESENTATION_ITEM() RATIONAL_B_SPLINE_CURVE((1.,0.5,1.,0.5,
1.,0.5,1.)) REPRESENTATION_ITEM('') );
#4685 = CARTESIAN_POINT('',(127.4467,-46.64));
#4686 = CARTESIAN_POINT('',(125.97445681356,-46.64));
#4687 = CARTESIAN_POINT('',(126.71057840678,-45.365));
#4688 = CARTESIAN_POINT('',(127.4467,-44.09));
#4689 = CARTESIAN_POINT('',(128.18282159321,-45.365));
#4690 = CARTESIAN_POINT('',(128.91894318643,-46.64));
#4691 = CARTESIAN_POINT('',(127.4467,-46.64));
#4692 = ( GEOMETRIC_REPRESENTATION_CONTEXT(2) 
PARAMETRIC_REPRESENTATION_CONTEXT() REPRESENTATION_CONTEXT('2D SPACE',''
  ) );
#4693 = PCURVE('',#1536,#4694);
#4694 = DEFINITIONAL_REPRESENTATION('',(#4695),#4699);
#4695 = LINE('',#4696,#4697);
#4696 = CARTESIAN_POINT('',(0.,-1.556));
#4697 = VECTOR('',#4698,1.);
#4698 = DIRECTION('',(1.,0.));
#4699 = ( GEOMETRIC_REPRESENTATION_CONTEXT(2) 
PARAMETRIC_REPRESENTATION_CONTEXT() REPRESENTATION_CONTEXT('2D SPACE',''
  ) );
#4700 = FACE_BOUND('',#4701,.T.);
#4701 = EDGE_LOOP('',(#4702));
#4702 = ORIENTED_EDGE('',*,*,#4703,.T.);
#4703 = EDGE_CURVE('',#4704,#4704,#4706,.T.);
#4704 = VERTEX_POINT('',#4705);
#4705 = CARTESIAN_POINT('',(26.9333,57.75,1.51));
#4706 = SURFACE_CURVE('',#4707,(#4712,#4723),.PCURVE_S1.);
#4707 = CIRCLE('',#4708,0.75);
#4708 = AXIS2_PLACEMENT_3D('',#4709,#4710,#4711);
#4709 = CARTESIAN_POINT('',(26.9333,58.5,1.51));
#4710 = DIRECTION('',(-0.,-0.,-1.));
#4711 = DIRECTION('',(0.,-1.,0.));
#4712 = PCURVE('',#150,#4713);
#4713 = DEFINITIONAL_REPRESENTATION('',(#4714),#4722);
#4714 = ( BOUNDED_CURVE() B_SPLINE_CURVE(2,(#4715,#4716,#4717,#4718,
#4719,#4720,#4721),.UNSPECIFIED.,.T.,.F.) B_SPLINE_CURVE_WITH_KNOTS((1,2
    ,2,2,2,1),(-2.094395102393,0.,2.094395102393,4.188790204786,
6.28318530718,8.377580409573),.UNSPECIFIED.) CURVE() 
GEOMETRIC_REPRESENTATION_ITEM() RATIONAL_B_SPLINE_CURVE((1.,0.5,1.,0.5,
1.,0.5,1.)) REPRESENTATION_ITEM('') );
#4715 = CARTESIAN_POINT('',(109.4333,-44.));
#4716 = CARTESIAN_POINT('',(108.13426189432,-44.));
#4717 = CARTESIAN_POINT('',(108.78378094716,-42.875));
#4718 = CARTESIAN_POINT('',(109.4333,-41.75));
#4719 = CARTESIAN_POINT('',(110.08281905283,-42.875));
#4720 = CARTESIAN_POINT('',(110.73233810567,-44.));
#4721 = CARTESIAN_POINT('',(109.4333,-44.));
#4722 = ( GEOMETRIC_REPRESENTATION_CONTEXT(2) 
PARAMETRIC_REPRESENTATION_CONTEXT() REPRESENTATION_CONTEXT('2D SPACE',''
  ) );
#4723 = PCURVE('',#1571,#4724);
#4724 = DEFINITIONAL_REPRESENTATION('',(#4725),#4729);
#4725 = LINE('',#4726,#4727);
#4726 = CARTESIAN_POINT('',(0.,-1.556));
#4727 = VECTOR('',#4728,1.);
#4728 = DIRECTION('',(1.,0.));
#4729 = ( GEOMETRIC_REPRESENTATION_CONTEXT(2) 
PARAMETRIC_REPRESENTATION_CONTEXT() REPRESENTATION_CONTEXT('2D SPACE',''
  ) );
#4730 = FACE_BOUND('',#4731,.T.);
#4731 = EDGE_LOOP('',(#4732));
#4732 = ORIENTED_EDGE('',*,*,#4733,.T.);
#4733 = EDGE_CURVE('',#4734,#4734,#4736,.T.);
#4734 = VERTEX_POINT('',#4735);
#4735 = CARTESIAN_POINT('',(33.2833,60.29,1.51));
#4736 = SURFACE_CURVE('',#4737,(#4742,#4753),.PCURVE_S1.);
#4737 = CIRCLE('',#4738,0.75);
#4738 = AXIS2_PLACEMENT_3D('',#4739,#4740,#4741);
#4739 = CARTESIAN_POINT('',(33.2833,61.04,1.51));
#4740 = DIRECTION('',(-0.,-0.,-1.));
#4741 = DIRECTION('',(0.,-1.,0.));
#4742 = PCURVE('',#150,#4743);
#4743 = DEFINITIONAL_REPRESENTATION('',(#4744),#4752);
#4744 = ( BOUNDED_CURVE() B_SPLINE_CURVE(2,(#4745,#4746,#4747,#4748,
#4749,#4750,#4751),.UNSPECIFIED.,.T.,.F.) B_SPLINE_CURVE_WITH_KNOTS((1,2
    ,2,2,2,1),(-2.094395102393,0.,2.094395102393,4.188790204786,
6.28318530718,8.377580409573),.UNSPECIFIED.) CURVE() 
GEOMETRIC_REPRESENTATION_ITEM() RATIONAL_B_SPLINE_CURVE((1.,0.5,1.,0.5,
1.,0.5,1.)) REPRESENTATION_ITEM('') );
#4745 = CARTESIAN_POINT('',(115.7833,-41.46));
#4746 = CARTESIAN_POINT('',(114.48426189432,-41.46));
#4747 = CARTESIAN_POINT('',(115.13378094716,-40.335));
#4748 = CARTESIAN_POINT('',(115.7833,-39.21));
#4749 = CARTESIAN_POINT('',(116.43281905283,-40.335));
#4750 = CARTESIAN_POINT('',(117.08233810567,-41.46));
#4751 = CARTESIAN_POINT('',(115.7833,-41.46));
#4752 = ( GEOMETRIC_REPRESENTATION_CONTEXT(2) 
PARAMETRIC_REPRESENTATION_CONTEXT() REPRESENTATION_CONTEXT('2D SPACE',''
  ) );
#4753 = PCURVE('',#1606,#4754);
#4754 = DEFINITIONAL_REPRESENTATION('',(#4755),#4759);
#4755 = LINE('',#4756,#4757);
#4756 = CARTESIAN_POINT('',(0.,-1.556));
#4757 = VECTOR('',#4758,1.);
#4758 = DIRECTION('',(1.,0.));
#4759 = ( GEOMETRIC_REPRESENTATION_CONTEXT(2) 
PARAMETRIC_REPRESENTATION_CONTEXT() REPRESENTATION_CONTEXT('2D SPACE',''
  ) );
#4760 = FACE_BOUND('',#4761,.T.);
#4761 = EDGE_LOOP('',(#4762));
#4762 = ORIENTED_EDGE('',*,*,#4763,.T.);
#4763 = EDGE_CURVE('',#4764,#4764,#4766,.T.);
#4764 = VERTEX_POINT('',#4765);
#4765 = CARTESIAN_POINT('',(46.2167,57.75,1.51));
#4766 = SURFACE_CURVE('',#4767,(#4772,#4783),.PCURVE_S1.);
#4767 = CIRCLE('',#4768,0.75);
#4768 = AXIS2_PLACEMENT_3D('',#4769,#4770,#4771);
#4769 = CARTESIAN_POINT('',(46.2167,58.5,1.51));
#4770 = DIRECTION('',(-0.,-0.,-1.));
#4771 = DIRECTION('',(0.,-1.,0.));
#4772 = PCURVE('',#150,#4773);
#4773 = DEFINITIONAL_REPRESENTATION('',(#4774),#4782);
#4774 = ( BOUNDED_CURVE() B_SPLINE_CURVE(2,(#4775,#4776,#4777,#4778,
#4779,#4780,#4781),.UNSPECIFIED.,.T.,.F.) B_SPLINE_CURVE_WITH_KNOTS((1,2
    ,2,2,2,1),(-2.094395102393,0.,2.094395102393,4.188790204786,
6.28318530718,8.377580409573),.UNSPECIFIED.) CURVE() 
GEOMETRIC_REPRESENTATION_ITEM() RATIONAL_B_SPLINE_CURVE((1.,0.5,1.,0.5,
1.,0.5,1.)) REPRESENTATION_ITEM('') );
#4775 = CARTESIAN_POINT('',(128.7167,-44.));
#4776 = CARTESIAN_POINT('',(127.41766189432,-44.));
#4777 = CARTESIAN_POINT('',(128.06718094716,-42.875));
#4778 = CARTESIAN_POINT('',(128.7167,-41.75));
#4779 = CARTESIAN_POINT('',(129.36621905283,-42.875));
#4780 = CARTESIAN_POINT('',(130.01573810567,-44.));
#4781 = CARTESIAN_POINT('',(128.7167,-44.));
#4782 = ( GEOMETRIC_REPRESENTATION_CONTEXT(2) 
PARAMETRIC_REPRESENTATION_CONTEXT() REPRESENTATION_CONTEXT('2D SPACE',''
  ) );
#4783 = PCURVE('',#1641,#4784);
#4784 = DEFINITIONAL_REPRESENTATION('',(#4785),#4789);
#4785 = LINE('',#4786,#4787);
#4786 = CARTESIAN_POINT('',(0.,-1.556));
#4787 = VECTOR('',#4788,1.);
#4788 = DIRECTION('',(1.,0.));
#4789 = ( GEOMETRIC_REPRESENTATION_CONTEXT(2) 
PARAMETRIC_REPRESENTATION_CONTEXT() REPRESENTATION_CONTEXT('2D SPACE',''
  ) );
#4790 = FACE_BOUND('',#4791,.T.);
#4791 = EDGE_LOOP('',(#4792));
#4792 = ORIENTED_EDGE('',*,*,#4793,.T.);
#4793 = EDGE_CURVE('',#4794,#4794,#4796,.T.);
#4794 = VERTEX_POINT('',#4795);
#4795 = CARTESIAN_POINT('',(6.38,74.4,1.51));
#4796 = SURFACE_CURVE('',#4797,(#4802,#4813),.PCURVE_S1.);
#4797 = CIRCLE('',#4798,0.85);
#4798 = AXIS2_PLACEMENT_3D('',#4799,#4800,#4801);
#4799 = CARTESIAN_POINT('',(6.38,75.25,1.51));
#4800 = DIRECTION('',(-0.,-0.,-1.));
#4801 = DIRECTION('',(0.,-1.,0.));
#4802 = PCURVE('',#150,#4803);
#4803 = DEFINITIONAL_REPRESENTATION('',(#4804),#4812);
#4804 = ( BOUNDED_CURVE() B_SPLINE_CURVE(2,(#4805,#4806,#4807,#4808,
#4809,#4810,#4811),.UNSPECIFIED.,.T.,.F.) B_SPLINE_CURVE_WITH_KNOTS((1,2
    ,2,2,2,1),(-2.094395102393,0.,2.094395102393,4.188790204786,
6.28318530718,8.377580409573),.UNSPECIFIED.) CURVE() 
GEOMETRIC_REPRESENTATION_ITEM() RATIONAL_B_SPLINE_CURVE((1.,0.5,1.,0.5,
1.,0.5,1.)) REPRESENTATION_ITEM('') );
#4805 = CARTESIAN_POINT('',(88.88,-27.35));
#4806 = CARTESIAN_POINT('',(87.407756813566,-27.35));
#4807 = CARTESIAN_POINT('',(88.143878406783,-26.075));
#4808 = CARTESIAN_POINT('',(88.88,-24.8));
#4809 = CARTESIAN_POINT('',(89.616121593217,-26.075));
#4810 = CARTESIAN_POINT('',(90.352243186434,-27.35));
#4811 = CARTESIAN_POINT('',(88.88,-27.35));
#4812 = ( GEOMETRIC_REPRESENTATION_CONTEXT(2) 
PARAMETRIC_REPRESENTATION_CONTEXT() REPRESENTATION_CONTEXT('2D SPACE',''
  ) );
#4813 = PCURVE('',#1676,#4814);
#4814 = DEFINITIONAL_REPRESENTATION('',(#4815),#4819);
#4815 = LINE('',#4816,#4817);
#4816 = CARTESIAN_POINT('',(0.,-1.556));
#4817 = VECTOR('',#4818,1.);
#4818 = DIRECTION('',(1.,0.));
#4819 = ( GEOMETRIC_REPRESENTATION_CONTEXT(2) 
PARAMETRIC_REPRESENTATION_CONTEXT() REPRESENTATION_CONTEXT('2D SPACE',''
  ) );
#4820 = FACE_BOUND('',#4821,.T.);
#4821 = EDGE_LOOP('',(#4822));
#4822 = ORIENTED_EDGE('',*,*,#4823,.T.);
#4823 = EDGE_CURVE('',#4824,#4824,#4826,.T.);
#4824 = VERTEX_POINT('',#4825);
#4825 = CARTESIAN_POINT('',(11.46,73.25,1.51));
#4826 = SURFACE_CURVE('',#4827,(#4832,#4843),.PCURVE_S1.);
#4827 = CIRCLE('',#4828,2.);
#4828 = AXIS2_PLACEMENT_3D('',#4829,#4830,#4831);
#4829 = CARTESIAN_POINT('',(11.46,75.25,1.51));
#4830 = DIRECTION('',(-0.,-0.,-1.));
#4831 = DIRECTION('',(0.,-1.,0.));
#4832 = PCURVE('',#150,#4833);
#4833 = DEFINITIONAL_REPRESENTATION('',(#4834),#4842);
#4834 = ( BOUNDED_CURVE() B_SPLINE_CURVE(2,(#4835,#4836,#4837,#4838,
#4839,#4840,#4841),.UNSPECIFIED.,.T.,.F.) B_SPLINE_CURVE_WITH_KNOTS((1,2
    ,2,2,2,1),(-2.094395102393,0.,2.094395102393,4.188790204786,
6.28318530718,8.377580409573),.UNSPECIFIED.) CURVE() 
GEOMETRIC_REPRESENTATION_ITEM() RATIONAL_B_SPLINE_CURVE((1.,0.5,1.,0.5,
1.,0.5,1.)) REPRESENTATION_ITEM('') );
#4835 = CARTESIAN_POINT('',(93.96,-28.5));
#4836 = CARTESIAN_POINT('',(90.495898384862,-28.5));
#4837 = CARTESIAN_POINT('',(92.227949192431,-25.5));
#4838 = CARTESIAN_POINT('',(93.96,-22.5));
#4839 = CARTESIAN_POINT('',(95.692050807569,-25.5));
#4840 = CARTESIAN_POINT('',(97.424101615138,-28.5));
#4841 = CARTESIAN_POINT('',(93.96,-28.5));
#4842 = ( GEOMETRIC_REPRESENTATION_CONTEXT(2) 
PARAMETRIC_REPRESENTATION_CONTEXT() REPRESENTATION_CONTEXT('2D SPACE',''
  ) );
#4843 = PCURVE('',#1711,#4844);
#4844 = DEFINITIONAL_REPRESENTATION('',(#4845),#4849);
#4845 = LINE('',#4846,#4847);
#4846 = CARTESIAN_POINT('',(0.,-1.556));
#4847 = VECTOR('',#4848,1.);
#4848 = DIRECTION('',(1.,0.));
#4849 = ( GEOMETRIC_REPRESENTATION_CONTEXT(2) 
PARAMETRIC_REPRESENTATION_CONTEXT() REPRESENTATION_CONTEXT('2D SPACE',''
  ) );
#4850 = FACE_BOUND('',#4851,.T.);
#4851 = EDGE_LOOP('',(#4852));
#4852 = ORIENTED_EDGE('',*,*,#4853,.T.);
#4853 = EDGE_CURVE('',#4854,#4854,#4856,.T.);
#4854 = VERTEX_POINT('',#4855);
#4855 = CARTESIAN_POINT('',(7.65,77.04,1.51));
#4856 = SURFACE_CURVE('',#4857,(#4862,#4873),.PCURVE_S1.);
#4857 = CIRCLE('',#4858,0.75);
#4858 = AXIS2_PLACEMENT_3D('',#4859,#4860,#4861);
#4859 = CARTESIAN_POINT('',(7.65,77.79,1.51));
#4860 = DIRECTION('',(-0.,-0.,-1.));
#4861 = DIRECTION('',(0.,-1.,0.));
#4862 = PCURVE('',#150,#4863);
#4863 = DEFINITIONAL_REPRESENTATION('',(#4864),#4872);
#4864 = ( BOUNDED_CURVE() B_SPLINE_CURVE(2,(#4865,#4866,#4867,#4868,
#4869,#4870,#4871),.UNSPECIFIED.,.T.,.F.) B_SPLINE_CURVE_WITH_KNOTS((1,2
    ,2,2,2,1),(-2.094395102393,0.,2.094395102393,4.188790204786,
6.28318530718,8.377580409573),.UNSPECIFIED.) CURVE() 
GEOMETRIC_REPRESENTATION_ITEM() RATIONAL_B_SPLINE_CURVE((1.,0.5,1.,0.5,
1.,0.5,1.)) REPRESENTATION_ITEM('') );
#4865 = CARTESIAN_POINT('',(90.15,-24.71));
#4866 = CARTESIAN_POINT('',(88.850961894323,-24.71));
#4867 = CARTESIAN_POINT('',(89.500480947162,-23.585));
#4868 = CARTESIAN_POINT('',(90.15,-22.46));
#4869 = CARTESIAN_POINT('',(90.799519052838,-23.585));
#4870 = CARTESIAN_POINT('',(91.449038105677,-24.71));
#4871 = CARTESIAN_POINT('',(90.15,-24.71));
#4872 = ( GEOMETRIC_REPRESENTATION_CONTEXT(2) 
PARAMETRIC_REPRESENTATION_CONTEXT() REPRESENTATION_CONTEXT('2D SPACE',''
  ) );
#4873 = PCURVE('',#1746,#4874);
#4874 = DEFINITIONAL_REPRESENTATION('',(#4875),#4879);
#4875 = LINE('',#4876,#4877);
#4876 = CARTESIAN_POINT('',(0.,-1.556));
#4877 = VECTOR('',#4878,1.);
#4878 = DIRECTION('',(1.,0.));
#4879 = ( GEOMETRIC_REPRESENTATION_CONTEXT(2) 
PARAMETRIC_REPRESENTATION_CONTEXT() REPRESENTATION_CONTEXT('2D SPACE',''
  ) );
#4880 = FACE_BOUND('',#4881,.T.);
#4881 = EDGE_LOOP('',(#4882));
#4882 = ORIENTED_EDGE('',*,*,#4883,.T.);
#4883 = EDGE_CURVE('',#4884,#4884,#4886,.T.);
#4884 = VERTEX_POINT('',#4885);
#4885 = CARTESIAN_POINT('',(16.54,74.4,1.51));
#4886 = SURFACE_CURVE('',#4887,(#4892,#4903),.PCURVE_S1.);
#4887 = CIRCLE('',#4888,0.85);
#4888 = AXIS2_PLACEMENT_3D('',#4889,#4890,#4891);
#4889 = CARTESIAN_POINT('',(16.54,75.25,1.51));
#4890 = DIRECTION('',(0.,-0.,-1.));
#4891 = DIRECTION('',(1.671865260612E-14,-1.,0.));
#4892 = PCURVE('',#150,#4893);
#4893 = DEFINITIONAL_REPRESENTATION('',(#4894),#4902);
#4894 = ( BOUNDED_CURVE() B_SPLINE_CURVE(2,(#4895,#4896,#4897,#4898,
#4899,#4900,#4901),.UNSPECIFIED.,.T.,.F.) B_SPLINE_CURVE_WITH_KNOTS((1,2
    ,2,2,2,1),(-2.094395102393,0.,2.094395102393,4.188790204786,
6.28318530718,8.377580409573),.UNSPECIFIED.) CURVE() 
GEOMETRIC_REPRESENTATION_ITEM() RATIONAL_B_SPLINE_CURVE((1.,0.5,1.,0.5,
1.,0.5,1.)) REPRESENTATION_ITEM('') );
#4895 = CARTESIAN_POINT('',(99.04,-27.35));
#4896 = CARTESIAN_POINT('',(97.567756813566,-27.35));
#4897 = CARTESIAN_POINT('',(98.303878406783,-26.075));
#4898 = CARTESIAN_POINT('',(99.04,-24.8));
#4899 = CARTESIAN_POINT('',(99.776121593217,-26.075));
#4900 = CARTESIAN_POINT('',(100.51224318643,-27.35));
#4901 = CARTESIAN_POINT('',(99.04,-27.35));
#4902 = ( GEOMETRIC_REPRESENTATION_CONTEXT(2) 
PARAMETRIC_REPRESENTATION_CONTEXT() REPRESENTATION_CONTEXT('2D SPACE',''
  ) );
#4903 = PCURVE('',#1781,#4904);
#4904 = DEFINITIONAL_REPRESENTATION('',(#4905),#4909);
#4905 = LINE('',#4906,#4907);
#4906 = CARTESIAN_POINT('',(0.,-1.556));
#4907 = VECTOR('',#4908,1.);
#4908 = DIRECTION('',(1.,0.));
#4909 = ( GEOMETRIC_REPRESENTATION_CONTEXT(2) 
PARAMETRIC_REPRESENTATION_CONTEXT() REPRESENTATION_CONTEXT('2D SPACE',''
  ) );
#4910 = FACE_BOUND('',#4911,.T.);
#4911 = EDGE_LOOP('',(#4912));
#4912 = ORIENTED_EDGE('',*,*,#4913,.T.);
#4913 = EDGE_CURVE('',#4914,#4914,#4916,.T.);
#4914 = VERTEX_POINT('',#4915);
#4915 = CARTESIAN_POINT('',(2.75,87.7,1.51));
#4916 = SURFACE_CURVE('',#4917,(#4922,#4933),.PCURVE_S1.);
#4917 = CIRCLE('',#4918,1.05);
#4918 = AXIS2_PLACEMENT_3D('',#4919,#4920,#4921);
#4919 = CARTESIAN_POINT('',(2.75,88.75,1.51));
#4920 = DIRECTION('',(-0.,-0.,-1.));
#4921 = DIRECTION('',(0.,-1.,0.));
#4922 = PCURVE('',#150,#4923);
#4923 = DEFINITIONAL_REPRESENTATION('',(#4924),#4932);
#4924 = ( BOUNDED_CURVE() B_SPLINE_CURVE(2,(#4925,#4926,#4927,#4928,
#4929,#4930,#4931),.UNSPECIFIED.,.T.,.F.) B_SPLINE_CURVE_WITH_KNOTS((1,2
    ,2,2,2,1),(-2.094395102393,0.,2.094395102393,4.188790204786,
6.28318530718,8.377580409573),.UNSPECIFIED.) CURVE() 
GEOMETRIC_REPRESENTATION_ITEM() RATIONAL_B_SPLINE_CURVE((1.,0.5,1.,0.5,
1.,0.5,1.)) REPRESENTATION_ITEM('') );
#4925 = CARTESIAN_POINT('',(85.25,-14.05));
#4926 = CARTESIAN_POINT('',(83.431346652053,-14.05));
#4927 = CARTESIAN_POINT('',(84.340673326026,-12.475));
#4928 = CARTESIAN_POINT('',(85.25,-10.9));
#4929 = CARTESIAN_POINT('',(86.159326673974,-12.475));
#4930 = CARTESIAN_POINT('',(87.068653347947,-14.05));
#4931 = CARTESIAN_POINT('',(85.25,-14.05));
#4932 = ( GEOMETRIC_REPRESENTATION_CONTEXT(2) 
PARAMETRIC_REPRESENTATION_CONTEXT() REPRESENTATION_CONTEXT('2D SPACE',''
  ) );
#4933 = PCURVE('',#1816,#4934);
#4934 = DEFINITIONAL_REPRESENTATION('',(#4935),#4939);
#4935 = LINE('',#4936,#4937);
#4936 = CARTESIAN_POINT('',(0.,-1.556));
#4937 = VECTOR('',#4938,1.);
#4938 = DIRECTION('',(1.,0.));
#4939 = ( GEOMETRIC_REPRESENTATION_CONTEXT(2) 
PARAMETRIC_REPRESENTATION_CONTEXT() REPRESENTATION_CONTEXT('2D SPACE',''
  ) );
#4940 = FACE_BOUND('',#4941,.T.);
#4941 = EDGE_LOOP('',(#4942));
#4942 = ORIENTED_EDGE('',*,*,#4943,.T.);
#4943 = EDGE_CURVE('',#4944,#4944,#4946,.T.);
#4944 = VERTEX_POINT('',#4945);
#4945 = CARTESIAN_POINT('',(9.,88.25,1.51));
#4946 = SURFACE_CURVE('',#4947,(#4952,#4963),.PCURVE_S1.);
#4947 = CIRCLE('',#4948,0.5);
#4948 = AXIS2_PLACEMENT_3D('',#4949,#4950,#4951);
#4949 = CARTESIAN_POINT('',(9.,88.75,1.51));
#4950 = DIRECTION('',(-0.,-0.,-1.));
#4951 = DIRECTION('',(0.,-1.,0.));
#4952 = PCURVE('',#150,#4953);
#4953 = DEFINITIONAL_REPRESENTATION('',(#4954),#4962);
#4954 = ( BOUNDED_CURVE() B_SPLINE_CURVE(2,(#4955,#4956,#4957,#4958,
#4959,#4960,#4961),.UNSPECIFIED.,.T.,.F.) B_SPLINE_CURVE_WITH_KNOTS((1,2
    ,2,2,2,1),(-2.094395102393,0.,2.094395102393,4.188790204786,
6.28318530718,8.377580409573),.UNSPECIFIED.) CURVE() 
GEOMETRIC_REPRESENTATION_ITEM() RATIONAL_B_SPLINE_CURVE((1.,0.5,1.,0.5,
1.,0.5,1.)) REPRESENTATION_ITEM('') );
#4955 = CARTESIAN_POINT('',(91.5,-13.5));
#4956 = CARTESIAN_POINT('',(90.633974596216,-13.5));
#4957 = CARTESIAN_POINT('',(91.066987298108,-12.75));
#4958 = CARTESIAN_POINT('',(91.5,-12.));
#4959 = CARTESIAN_POINT('',(91.933012701892,-12.75));
#4960 = CARTESIAN_POINT('',(92.366025403784,-13.5));
#4961 = CARTESIAN_POINT('',(91.5,-13.5));
#4962 = ( GEOMETRIC_REPRESENTATION_CONTEXT(2) 
PARAMETRIC_REPRESENTATION_CONTEXT() REPRESENTATION_CONTEXT('2D SPACE',''
  ) );
#4963 = PCURVE('',#1851,#4964);
#4964 = DEFINITIONAL_REPRESENTATION('',(#4965),#4969);
#4965 = LINE('',#4966,#4967);
#4966 = CARTESIAN_POINT('',(0.,-1.556));
#4967 = VECTOR('',#4968,1.);
#4968 = DIRECTION('',(1.,0.));
#4969 = ( GEOMETRIC_REPRESENTATION_CONTEXT(2) 
PARAMETRIC_REPRESENTATION_CONTEXT() REPRESENTATION_CONTEXT('2D SPACE',''
  ) );
#4970 = FACE_BOUND('',#4971,.T.);
#4971 = EDGE_LOOP('',(#4972));
#4972 = ORIENTED_EDGE('',*,*,#4973,.T.);
#4973 = EDGE_CURVE('',#4974,#4974,#4976,.T.);
#4974 = VERTEX_POINT('',#4975);
#4975 = CARTESIAN_POINT('',(11.54,88.25,1.51));
#4976 = SURFACE_CURVE('',#4977,(#4982,#4993),.PCURVE_S1.);
#4977 = CIRCLE('',#4978,0.5);
#4978 = AXIS2_PLACEMENT_3D('',#4979,#4980,#4981);
#4979 = CARTESIAN_POINT('',(11.54,88.75,1.51));
#4980 = DIRECTION('',(-0.,-0.,-1.));
#4981 = DIRECTION('',(0.,-1.,0.));
#4982 = PCURVE('',#150,#4983);
#4983 = DEFINITIONAL_REPRESENTATION('',(#4984),#4992);
#4984 = ( BOUNDED_CURVE() B_SPLINE_CURVE(2,(#4985,#4986,#4987,#4988,
#4989,#4990,#4991),.UNSPECIFIED.,.T.,.F.) B_SPLINE_CURVE_WITH_KNOTS((1,2
    ,2,2,2,1),(-2.094395102393,0.,2.094395102393,4.188790204786,
6.28318530718,8.377580409573),.UNSPECIFIED.) CURVE() 
GEOMETRIC_REPRESENTATION_ITEM() RATIONAL_B_SPLINE_CURVE((1.,0.5,1.,0.5,
1.,0.5,1.)) REPRESENTATION_ITEM('') );
#4985 = CARTESIAN_POINT('',(94.04,-13.5));
#4986 = CARTESIAN_POINT('',(93.173974596216,-13.5));
#4987 = CARTESIAN_POINT('',(93.606987298108,-12.75));
#4988 = CARTESIAN_POINT('',(94.04,-12.));
#4989 = CARTESIAN_POINT('',(94.473012701892,-12.75));
#4990 = CARTESIAN_POINT('',(94.906025403784,-13.5));
#4991 = CARTESIAN_POINT('',(94.04,-13.5));
#4992 = ( GEOMETRIC_REPRESENTATION_CONTEXT(2) 
PARAMETRIC_REPRESENTATION_CONTEXT() REPRESENTATION_CONTEXT('2D SPACE',''
  ) );
#4993 = PCURVE('',#1886,#4994);
#4994 = DEFINITIONAL_REPRESENTATION('',(#4995),#4999);
#4995 = LINE('',#4996,#4997);
#4996 = CARTESIAN_POINT('',(0.,-1.556));
#4997 = VECTOR('',#4998,1.);
#4998 = DIRECTION('',(1.,0.));
#4999 = ( GEOMETRIC_REPRESENTATION_CONTEXT(2) 
PARAMETRIC_REPRESENTATION_CONTEXT() REPRESENTATION_CONTEXT('2D SPACE',''
  ) );
#5000 = FACE_BOUND('',#5001,.T.);
#5001 = EDGE_LOOP('',(#5002));
#5002 = ORIENTED_EDGE('',*,*,#5003,.T.);
#5003 = EDGE_CURVE('',#5004,#5004,#5006,.T.);
#5004 = VERTEX_POINT('',#5005);
#5005 = CARTESIAN_POINT('',(14.,79.58,1.51));
#5006 = SURFACE_CURVE('',#5007,(#5012,#5023),.PCURVE_S1.);
#5007 = CIRCLE('',#5008,0.75);
#5008 = AXIS2_PLACEMENT_3D('',#5009,#5010,#5011);
#5009 = CARTESIAN_POINT('',(14.,80.33,1.51));
#5010 = DIRECTION('',(-0.,-0.,-1.));
#5011 = DIRECTION('',(0.,-1.,0.));
#5012 = PCURVE('',#150,#5013);
#5013 = DEFINITIONAL_REPRESENTATION('',(#5014),#5022);
#5014 = ( BOUNDED_CURVE() B_SPLINE_CURVE(2,(#5015,#5016,#5017,#5018,
#5019,#5020,#5021),.UNSPECIFIED.,.T.,.F.) B_SPLINE_CURVE_WITH_KNOTS((1,2
    ,2,2,2,1),(-2.094395102393,0.,2.094395102393,4.188790204786,
6.28318530718,8.377580409573),.UNSPECIFIED.) CURVE() 
GEOMETRIC_REPRESENTATION_ITEM() RATIONAL_B_SPLINE_CURVE((1.,0.5,1.,0.5,
1.,0.5,1.)) REPRESENTATION_ITEM('') );
#5015 = CARTESIAN_POINT('',(96.5,-22.17));
#5016 = CARTESIAN_POINT('',(95.200961894323,-22.17));
#5017 = CARTESIAN_POINT('',(95.850480947162,-21.045));
#5018 = CARTESIAN_POINT('',(96.5,-19.92));
#5019 = CARTESIAN_POINT('',(97.149519052838,-21.045));
#5020 = CARTESIAN_POINT('',(97.799038105677,-22.17));
#5021 = CARTESIAN_POINT('',(96.5,-22.17));
#5022 = ( GEOMETRIC_REPRESENTATION_CONTEXT(2) 
PARAMETRIC_REPRESENTATION_CONTEXT() REPRESENTATION_CONTEXT('2D SPACE',''
  ) );
#5023 = PCURVE('',#1921,#5024);
#5024 = DEFINITIONAL_REPRESENTATION('',(#5025),#5029);
#5025 = LINE('',#5026,#5027);
#5026 = CARTESIAN_POINT('',(0.,-1.556));
#5027 = VECTOR('',#5028,1.);
#5028 = DIRECTION('',(1.,0.));
#5029 = ( GEOMETRIC_REPRESENTATION_CONTEXT(2) 
PARAMETRIC_REPRESENTATION_CONTEXT() REPRESENTATION_CONTEXT('2D SPACE',''
  ) );
#5030 = FACE_BOUND('',#5031,.T.);
#5031 = EDGE_LOOP('',(#5032));
#5032 = ORIENTED_EDGE('',*,*,#5033,.T.);
#5033 = EDGE_CURVE('',#5034,#5034,#5036,.T.);
#5034 = VERTEX_POINT('',#5035);
#5035 = CARTESIAN_POINT('',(14.08,88.25,1.51));
#5036 = SURFACE_CURVE('',#5037,(#5042,#5053),.PCURVE_S1.);
#5037 = CIRCLE('',#5038,0.5);
#5038 = AXIS2_PLACEMENT_3D('',#5039,#5040,#5041);
#5039 = CARTESIAN_POINT('',(14.08,88.75,1.51));
#5040 = DIRECTION('',(-0.,-0.,-1.));
#5041 = DIRECTION('',(0.,-1.,0.));
#5042 = PCURVE('',#150,#5043);
#5043 = DEFINITIONAL_REPRESENTATION('',(#5044),#5052);
#5044 = ( BOUNDED_CURVE() B_SPLINE_CURVE(2,(#5045,#5046,#5047,#5048,
#5049,#5050,#5051),.UNSPECIFIED.,.T.,.F.) B_SPLINE_CURVE_WITH_KNOTS((1,2
    ,2,2,2,1),(-2.094395102393,0.,2.094395102393,4.188790204786,
6.28318530718,8.377580409573),.UNSPECIFIED.) CURVE() 
GEOMETRIC_REPRESENTATION_ITEM() RATIONAL_B_SPLINE_CURVE((1.,0.5,1.,0.5,
1.,0.5,1.)) REPRESENTATION_ITEM('') );
#5045 = CARTESIAN_POINT('',(96.58,-13.5));
#5046 = CARTESIAN_POINT('',(95.713974596216,-13.5));
#5047 = CARTESIAN_POINT('',(96.146987298108,-12.75));
#5048 = CARTESIAN_POINT('',(96.58,-12.));
#5049 = CARTESIAN_POINT('',(97.013012701892,-12.75));
#5050 = CARTESIAN_POINT('',(97.446025403784,-13.5));
#5051 = CARTESIAN_POINT('',(96.58,-13.5));
#5052 = ( GEOMETRIC_REPRESENTATION_CONTEXT(2) 
PARAMETRIC_REPRESENTATION_CONTEXT() REPRESENTATION_CONTEXT('2D SPACE',''
  ) );
#5053 = PCURVE('',#1956,#5054);
#5054 = DEFINITIONAL_REPRESENTATION('',(#5055),#5059);
#5055 = LINE('',#5056,#5057);
#5056 = CARTESIAN_POINT('',(0.,-1.556));
#5057 = VECTOR('',#5058,1.);
#5058 = DIRECTION('',(1.,0.));
#5059 = ( GEOMETRIC_REPRESENTATION_CONTEXT(2) 
PARAMETRIC_REPRESENTATION_CONTEXT() REPRESENTATION_CONTEXT('2D SPACE',''
  ) );
#5060 = FACE_BOUND('',#5061,.T.);
#5061 = EDGE_LOOP('',(#5062));
#5062 = ORIENTED_EDGE('',*,*,#5063,.T.);
#5063 = EDGE_CURVE('',#5064,#5064,#5066,.T.);
#5064 = VERTEX_POINT('',#5065);
#5065 = CARTESIAN_POINT('',(16.62,88.25,1.51));
#5066 = SURFACE_CURVE('',#5067,(#5072,#5083),.PCURVE_S1.);
#5067 = CIRCLE('',#5068,0.5);
#5068 = AXIS2_PLACEMENT_3D('',#5069,#5070,#5071);
#5069 = CARTESIAN_POINT('',(16.62,88.75,1.51));
#5070 = DIRECTION('',(-0.,-0.,-1.));
#5071 = DIRECTION('',(0.,-1.,0.));
#5072 = PCURVE('',#150,#5073);
#5073 = DEFINITIONAL_REPRESENTATION('',(#5074),#5082);
#5074 = ( BOUNDED_CURVE() B_SPLINE_CURVE(2,(#5075,#5076,#5077,#5078,
#5079,#5080,#5081),.UNSPECIFIED.,.T.,.F.) B_SPLINE_CURVE_WITH_KNOTS((1,2
    ,2,2,2,1),(-2.094395102393,0.,2.094395102393,4.188790204786,
6.28318530718,8.377580409573),.UNSPECIFIED.) CURVE() 
GEOMETRIC_REPRESENTATION_ITEM() RATIONAL_B_SPLINE_CURVE((1.,0.5,1.,0.5,
1.,0.5,1.)) REPRESENTATION_ITEM('') );
#5075 = CARTESIAN_POINT('',(99.12,-13.5));
#5076 = CARTESIAN_POINT('',(98.253974596216,-13.5));
#5077 = CARTESIAN_POINT('',(98.686987298108,-12.75));
#5078 = CARTESIAN_POINT('',(99.12,-12.));
#5079 = CARTESIAN_POINT('',(99.553012701892,-12.75));
#5080 = CARTESIAN_POINT('',(99.986025403784,-13.5));
#5081 = CARTESIAN_POINT('',(99.12,-13.5));
#5082 = ( GEOMETRIC_REPRESENTATION_CONTEXT(2) 
PARAMETRIC_REPRESENTATION_CONTEXT() REPRESENTATION_CONTEXT('2D SPACE',''
  ) );
#5083 = PCURVE('',#1991,#5084);
#5084 = DEFINITIONAL_REPRESENTATION('',(#5085),#5089);
#5085 = LINE('',#5086,#5087);
#5086 = CARTESIAN_POINT('',(0.,-1.556));
#5087 = VECTOR('',#5088,1.);
#5088 = DIRECTION('',(1.,0.));
#5089 = ( GEOMETRIC_REPRESENTATION_CONTEXT(2) 
PARAMETRIC_REPRESENTATION_CONTEXT() REPRESENTATION_CONTEXT('2D SPACE',''
  ) );
#5090 = FACE_BOUND('',#5091,.T.);
#5091 = EDGE_LOOP('',(#5092));
#5092 = ORIENTED_EDGE('',*,*,#5093,.T.);
#5093 = EDGE_CURVE('',#5094,#5094,#5096,.T.);
#5094 = VERTEX_POINT('',#5095);
#5095 = CARTESIAN_POINT('',(19.16,88.25,1.51));
#5096 = SURFACE_CURVE('',#5097,(#5102,#5113),.PCURVE_S1.);
#5097 = CIRCLE('',#5098,0.5);
#5098 = AXIS2_PLACEMENT_3D('',#5099,#5100,#5101);
#5099 = CARTESIAN_POINT('',(19.16,88.75,1.51));
#5100 = DIRECTION('',(-0.,-0.,-1.));
#5101 = DIRECTION('',(0.,-1.,0.));
#5102 = PCURVE('',#150,#5103);
#5103 = DEFINITIONAL_REPRESENTATION('',(#5104),#5112);
#5104 = ( BOUNDED_CURVE() B_SPLINE_CURVE(2,(#5105,#5106,#5107,#5108,
#5109,#5110,#5111),.UNSPECIFIED.,.T.,.F.) B_SPLINE_CURVE_WITH_KNOTS((1,2
    ,2,2,2,1),(-2.094395102393,0.,2.094395102393,4.188790204786,
6.28318530718,8.377580409573),.UNSPECIFIED.) CURVE() 
GEOMETRIC_REPRESENTATION_ITEM() RATIONAL_B_SPLINE_CURVE((1.,0.5,1.,0.5,
1.,0.5,1.)) REPRESENTATION_ITEM('') );
#5105 = CARTESIAN_POINT('',(101.66,-13.5));
#5106 = CARTESIAN_POINT('',(100.79397459621,-13.5));
#5107 = CARTESIAN_POINT('',(101.2269872981,-12.75));
#5108 = CARTESIAN_POINT('',(101.66,-12.));
#5109 = CARTESIAN_POINT('',(102.09301270189,-12.75));
#5110 = CARTESIAN_POINT('',(102.52602540378,-13.5));
#5111 = CARTESIAN_POINT('',(101.66,-13.5));
#5112 = ( GEOMETRIC_REPRESENTATION_CONTEXT(2) 
PARAMETRIC_REPRESENTATION_CONTEXT() REPRESENTATION_CONTEXT('2D SPACE',''
  ) );
#5113 = PCURVE('',#2026,#5114);
#5114 = DEFINITIONAL_REPRESENTATION('',(#5115),#5119);
#5115 = LINE('',#5116,#5117);
#5116 = CARTESIAN_POINT('',(0.,-1.556));
#5117 = VECTOR('',#5118,1.);
#5118 = DIRECTION('',(1.,0.));
#5119 = ( GEOMETRIC_REPRESENTATION_CONTEXT(2) 
PARAMETRIC_REPRESENTATION_CONTEXT() REPRESENTATION_CONTEXT('2D SPACE',''
  ) );
#5120 = FACE_BOUND('',#5121,.T.);
#5121 = EDGE_LOOP('',(#5122));
#5122 = ORIENTED_EDGE('',*,*,#5123,.T.);
#5123 = EDGE_CURVE('',#5124,#5124,#5126,.T.);
#5124 = VERTEX_POINT('',#5125);
#5125 = CARTESIAN_POINT('',(21.7,88.25,1.51));
#5126 = SURFACE_CURVE('',#5127,(#5132,#5143),.PCURVE_S1.);
#5127 = CIRCLE('',#5128,0.5);
#5128 = AXIS2_PLACEMENT_3D('',#5129,#5130,#5131);
#5129 = CARTESIAN_POINT('',(21.7,88.75,1.51));
#5130 = DIRECTION('',(-0.,-0.,-1.));
#5131 = DIRECTION('',(0.,-1.,0.));
#5132 = PCURVE('',#150,#5133);
#5133 = DEFINITIONAL_REPRESENTATION('',(#5134),#5142);
#5134 = ( BOUNDED_CURVE() B_SPLINE_CURVE(2,(#5135,#5136,#5137,#5138,
#5139,#5140,#5141),.UNSPECIFIED.,.T.,.F.) B_SPLINE_CURVE_WITH_KNOTS((1,2
    ,2,2,2,1),(-2.094395102393,0.,2.094395102393,4.188790204786,
6.28318530718,8.377580409573),.UNSPECIFIED.) CURVE() 
GEOMETRIC_REPRESENTATION_ITEM() RATIONAL_B_SPLINE_CURVE((1.,0.5,1.,0.5,
1.,0.5,1.)) REPRESENTATION_ITEM('') );
#5135 = CARTESIAN_POINT('',(104.2,-13.5));
#5136 = CARTESIAN_POINT('',(103.33397459621,-13.5));
#5137 = CARTESIAN_POINT('',(103.7669872981,-12.75));
#5138 = CARTESIAN_POINT('',(104.2,-12.));
#5139 = CARTESIAN_POINT('',(104.63301270189,-12.75));
#5140 = CARTESIAN_POINT('',(105.06602540378,-13.5));
#5141 = CARTESIAN_POINT('',(104.2,-13.5));
#5142 = ( GEOMETRIC_REPRESENTATION_CONTEXT(2) 
PARAMETRIC_REPRESENTATION_CONTEXT() REPRESENTATION_CONTEXT('2D SPACE',''
  ) );
#5143 = PCURVE('',#2061,#5144);
#5144 = DEFINITIONAL_REPRESENTATION('',(#5145),#5149);
#5145 = LINE('',#5146,#5147);
#5146 = CARTESIAN_POINT('',(0.,-1.556));
#5147 = VECTOR('',#5148,1.);
#5148 = DIRECTION('',(1.,0.));
#5149 = ( GEOMETRIC_REPRESENTATION_CONTEXT(2) 
PARAMETRIC_REPRESENTATION_CONTEXT() REPRESENTATION_CONTEXT('2D SPACE',''
  ) );
#5150 = FACE_BOUND('',#5151,.T.);
#5151 = EDGE_LOOP('',(#5152));
#5152 = ORIENTED_EDGE('',*,*,#5153,.T.);
#5153 = EDGE_CURVE('',#5154,#5154,#5156,.T.);
#5154 = VERTEX_POINT('',#5155);
#5155 = CARTESIAN_POINT('',(24.24,88.25,1.51));
#5156 = SURFACE_CURVE('',#5157,(#5162,#5173),.PCURVE_S1.);
#5157 = CIRCLE('',#5158,0.5);
#5158 = AXIS2_PLACEMENT_3D('',#5159,#5160,#5161);
#5159 = CARTESIAN_POINT('',(24.24,88.75,1.51));
#5160 = DIRECTION('',(-0.,-0.,-1.));
#5161 = DIRECTION('',(0.,-1.,0.));
#5162 = PCURVE('',#150,#5163);
#5163 = DEFINITIONAL_REPRESENTATION('',(#5164),#5172);
#5164 = ( BOUNDED_CURVE() B_SPLINE_CURVE(2,(#5165,#5166,#5167,#5168,
#5169,#5170,#5171),.UNSPECIFIED.,.T.,.F.) B_SPLINE_CURVE_WITH_KNOTS((1,2
    ,2,2,2,1),(-2.094395102393,0.,2.094395102393,4.188790204786,
6.28318530718,8.377580409573),.UNSPECIFIED.) CURVE() 
GEOMETRIC_REPRESENTATION_ITEM() RATIONAL_B_SPLINE_CURVE((1.,0.5,1.,0.5,
1.,0.5,1.)) REPRESENTATION_ITEM('') );
#5165 = CARTESIAN_POINT('',(106.74,-13.5));
#5166 = CARTESIAN_POINT('',(105.87397459621,-13.5));
#5167 = CARTESIAN_POINT('',(106.3069872981,-12.75));
#5168 = CARTESIAN_POINT('',(106.74,-12.));
#5169 = CARTESIAN_POINT('',(107.17301270189,-12.75));
#5170 = CARTESIAN_POINT('',(107.60602540378,-13.5));
#5171 = CARTESIAN_POINT('',(106.74,-13.5));
#5172 = ( GEOMETRIC_REPRESENTATION_CONTEXT(2) 
PARAMETRIC_REPRESENTATION_CONTEXT() REPRESENTATION_CONTEXT('2D SPACE',''
  ) );
#5173 = PCURVE('',#2096,#5174);
#5174 = DEFINITIONAL_REPRESENTATION('',(#5175),#5179);
#5175 = LINE('',#5176,#5177);
#5176 = CARTESIAN_POINT('',(0.,-1.556));
#5177 = VECTOR('',#5178,1.);
#5178 = DIRECTION('',(1.,0.));
#5179 = ( GEOMETRIC_REPRESENTATION_CONTEXT(2) 
PARAMETRIC_REPRESENTATION_CONTEXT() REPRESENTATION_CONTEXT('2D SPACE',''
  ) );
#5180 = FACE_BOUND('',#5181,.T.);
#5181 = EDGE_LOOP('',(#5182));
#5182 = ORIENTED_EDGE('',*,*,#5183,.T.);
#5183 = EDGE_CURVE('',#5184,#5184,#5186,.T.);
#5184 = VERTEX_POINT('',#5185);
#5185 = CARTESIAN_POINT('',(25.67,74.4,1.51));
#5186 = SURFACE_CURVE('',#5187,(#5192,#5203),.PCURVE_S1.);
#5187 = CIRCLE('',#5188,0.85);
#5188 = AXIS2_PLACEMENT_3D('',#5189,#5190,#5191);
#5189 = CARTESIAN_POINT('',(25.67,75.25,1.51));
#5190 = DIRECTION('',(0.,-0.,-1.));
#5191 = DIRECTION('',(1.671865260612E-14,-1.,0.));
#5192 = PCURVE('',#150,#5193);
#5193 = DEFINITIONAL_REPRESENTATION('',(#5194),#5202);
#5194 = ( BOUNDED_CURVE() B_SPLINE_CURVE(2,(#5195,#5196,#5197,#5198,
#5199,#5200,#5201),.UNSPECIFIED.,.T.,.F.) B_SPLINE_CURVE_WITH_KNOTS((1,2
    ,2,2,2,1),(-2.094395102393,0.,2.094395102393,4.188790204786,
6.28318530718,8.377580409573),.UNSPECIFIED.) CURVE() 
GEOMETRIC_REPRESENTATION_ITEM() RATIONAL_B_SPLINE_CURVE((1.,0.5,1.,0.5,
1.,0.5,1.)) REPRESENTATION_ITEM('') );
#5195 = CARTESIAN_POINT('',(108.17,-27.35));
#5196 = CARTESIAN_POINT('',(106.69775681356,-27.35));
#5197 = CARTESIAN_POINT('',(107.43387840678,-26.075));
#5198 = CARTESIAN_POINT('',(108.17,-24.8));
#5199 = CARTESIAN_POINT('',(108.90612159321,-26.075));
#5200 = CARTESIAN_POINT('',(109.64224318643,-27.35));
#5201 = CARTESIAN_POINT('',(108.17,-27.35));
#5202 = ( GEOMETRIC_REPRESENTATION_CONTEXT(2) 
PARAMETRIC_REPRESENTATION_CONTEXT() REPRESENTATION_CONTEXT('2D SPACE',''
  ) );
#5203 = PCURVE('',#2131,#5204);
#5204 = DEFINITIONAL_REPRESENTATION('',(#5205),#5209);
#5205 = LINE('',#5206,#5207);
#5206 = CARTESIAN_POINT('',(0.,-1.556));
#5207 = VECTOR('',#5208,1.);
#5208 = DIRECTION('',(1.,0.));
#5209 = ( GEOMETRIC_REPRESENTATION_CONTEXT(2) 
PARAMETRIC_REPRESENTATION_CONTEXT() REPRESENTATION_CONTEXT('2D SPACE',''
  ) );
#5210 = FACE_BOUND('',#5211,.T.);
#5211 = EDGE_LOOP('',(#5212));
#5212 = ORIENTED_EDGE('',*,*,#5213,.T.);
#5213 = EDGE_CURVE('',#5214,#5214,#5216,.T.);
#5214 = VERTEX_POINT('',#5215);
#5215 = CARTESIAN_POINT('',(26.94,77.04,1.51));
#5216 = SURFACE_CURVE('',#5217,(#5222,#5233),.PCURVE_S1.);
#5217 = CIRCLE('',#5218,0.75);
#5218 = AXIS2_PLACEMENT_3D('',#5219,#5220,#5221);
#5219 = CARTESIAN_POINT('',(26.94,77.79,1.51));
#5220 = DIRECTION('',(-0.,-0.,-1.));
#5221 = DIRECTION('',(0.,-1.,0.));
#5222 = PCURVE('',#150,#5223);
#5223 = DEFINITIONAL_REPRESENTATION('',(#5224),#5232);
#5224 = ( BOUNDED_CURVE() B_SPLINE_CURVE(2,(#5225,#5226,#5227,#5228,
#5229,#5230,#5231),.UNSPECIFIED.,.T.,.F.) B_SPLINE_CURVE_WITH_KNOTS((1,2
    ,2,2,2,1),(-2.094395102393,0.,2.094395102393,4.188790204786,
6.28318530718,8.377580409573),.UNSPECIFIED.) CURVE() 
GEOMETRIC_REPRESENTATION_ITEM() RATIONAL_B_SPLINE_CURVE((1.,0.5,1.,0.5,
1.,0.5,1.)) REPRESENTATION_ITEM('') );
#5225 = CARTESIAN_POINT('',(109.44,-24.71));
#5226 = CARTESIAN_POINT('',(108.14096189432,-24.71));
#5227 = CARTESIAN_POINT('',(108.79048094716,-23.585));
#5228 = CARTESIAN_POINT('',(109.44,-22.46));
#5229 = CARTESIAN_POINT('',(110.08951905283,-23.585));
#5230 = CARTESIAN_POINT('',(110.73903810567,-24.71));
#5231 = CARTESIAN_POINT('',(109.44,-24.71));
#5232 = ( GEOMETRIC_REPRESENTATION_CONTEXT(2) 
PARAMETRIC_REPRESENTATION_CONTEXT() REPRESENTATION_CONTEXT('2D SPACE',''
  ) );
#5233 = PCURVE('',#2166,#5234);
#5234 = DEFINITIONAL_REPRESENTATION('',(#5235),#5239);
#5235 = LINE('',#5236,#5237);
#5236 = CARTESIAN_POINT('',(0.,-1.556));
#5237 = VECTOR('',#5238,1.);
#5238 = DIRECTION('',(1.,0.));
#5239 = ( GEOMETRIC_REPRESENTATION_CONTEXT(2) 
PARAMETRIC_REPRESENTATION_CONTEXT() REPRESENTATION_CONTEXT('2D SPACE',''
  ) );
#5240 = FACE_BOUND('',#5241,.T.);
#5241 = EDGE_LOOP('',(#5242));
#5242 = ORIENTED_EDGE('',*,*,#5243,.T.);
#5243 = EDGE_CURVE('',#5244,#5244,#5246,.T.);
#5244 = VERTEX_POINT('',#5245);
#5245 = CARTESIAN_POINT('',(30.75,73.25,1.51));
#5246 = SURFACE_CURVE('',#5247,(#5252,#5263),.PCURVE_S1.);
#5247 = CIRCLE('',#5248,2.);
#5248 = AXIS2_PLACEMENT_3D('',#5249,#5250,#5251);
#5249 = CARTESIAN_POINT('',(30.75,75.25,1.51));
#5250 = DIRECTION('',(-0.,-0.,-1.));
#5251 = DIRECTION('',(0.,-1.,0.));
#5252 = PCURVE('',#150,#5253);
#5253 = DEFINITIONAL_REPRESENTATION('',(#5254),#5262);
#5254 = ( BOUNDED_CURVE() B_SPLINE_CURVE(2,(#5255,#5256,#5257,#5258,
#5259,#5260,#5261),.UNSPECIFIED.,.T.,.F.) B_SPLINE_CURVE_WITH_KNOTS((1,2
    ,2,2,2,1),(-2.094395102393,0.,2.094395102393,4.188790204786,
6.28318530718,8.377580409573),.UNSPECIFIED.) CURVE() 
GEOMETRIC_REPRESENTATION_ITEM() RATIONAL_B_SPLINE_CURVE((1.,0.5,1.,0.5,
1.,0.5,1.)) REPRESENTATION_ITEM('') );
#5255 = CARTESIAN_POINT('',(113.25,-28.5));
#5256 = CARTESIAN_POINT('',(109.78589838486,-28.5));
#5257 = CARTESIAN_POINT('',(111.51794919243,-25.5));
#5258 = CARTESIAN_POINT('',(113.25,-22.5));
#5259 = CARTESIAN_POINT('',(114.98205080756,-25.5));
#5260 = CARTESIAN_POINT('',(116.71410161513,-28.5));
#5261 = CARTESIAN_POINT('',(113.25,-28.5));
#5262 = ( GEOMETRIC_REPRESENTATION_CONTEXT(2) 
PARAMETRIC_REPRESENTATION_CONTEXT() REPRESENTATION_CONTEXT('2D SPACE',''
  ) );
#5263 = PCURVE('',#2201,#5264);
#5264 = DEFINITIONAL_REPRESENTATION('',(#5265),#5269);
#5265 = LINE('',#5266,#5267);
#5266 = CARTESIAN_POINT('',(0.,-1.556));
#5267 = VECTOR('',#5268,1.);
#5268 = DIRECTION('',(1.,0.));
#5269 = ( GEOMETRIC_REPRESENTATION_CONTEXT(2) 
PARAMETRIC_REPRESENTATION_CONTEXT() REPRESENTATION_CONTEXT('2D SPACE',''
  ) );
#5270 = FACE_BOUND('',#5271,.T.);
#5271 = EDGE_LOOP('',(#5272));
#5272 = ORIENTED_EDGE('',*,*,#5273,.T.);
#5273 = EDGE_CURVE('',#5274,#5274,#5276,.T.);
#5274 = VERTEX_POINT('',#5275);
#5275 = CARTESIAN_POINT('',(35.83,74.4,1.51));
#5276 = SURFACE_CURVE('',#5277,(#5282,#5293),.PCURVE_S1.);
#5277 = CIRCLE('',#5278,0.85);
#5278 = AXIS2_PLACEMENT_3D('',#5279,#5280,#5281);
#5279 = CARTESIAN_POINT('',(35.83,75.25,1.51));
#5280 = DIRECTION('',(-0.,0.,-1.));
#5281 = DIRECTION('',(-1.671865260612E-14,-1.,0.));
#5282 = PCURVE('',#150,#5283);
#5283 = DEFINITIONAL_REPRESENTATION('',(#5284),#5292);
#5284 = ( BOUNDED_CURVE() B_SPLINE_CURVE(2,(#5285,#5286,#5287,#5288,
#5289,#5290,#5291),.UNSPECIFIED.,.T.,.F.) B_SPLINE_CURVE_WITH_KNOTS((1,2
    ,2,2,2,1),(-2.094395102393,0.,2.094395102393,4.188790204786,
6.28318530718,8.377580409573),.UNSPECIFIED.) CURVE() 
GEOMETRIC_REPRESENTATION_ITEM() RATIONAL_B_SPLINE_CURVE((1.,0.5,1.,0.5,
1.,0.5,1.)) REPRESENTATION_ITEM('') );
#5285 = CARTESIAN_POINT('',(118.33,-27.35));
#5286 = CARTESIAN_POINT('',(116.85775681356,-27.35));
#5287 = CARTESIAN_POINT('',(117.59387840678,-26.075));
#5288 = CARTESIAN_POINT('',(118.33,-24.8));
#5289 = CARTESIAN_POINT('',(119.06612159321,-26.075));
#5290 = CARTESIAN_POINT('',(119.80224318643,-27.35));
#5291 = CARTESIAN_POINT('',(118.33,-27.35));
#5292 = ( GEOMETRIC_REPRESENTATION_CONTEXT(2) 
PARAMETRIC_REPRESENTATION_CONTEXT() REPRESENTATION_CONTEXT('2D SPACE',''
  ) );
#5293 = PCURVE('',#2236,#5294);
#5294 = DEFINITIONAL_REPRESENTATION('',(#5295),#5299);
#5295 = LINE('',#5296,#5297);
#5296 = CARTESIAN_POINT('',(0.,-1.556));
#5297 = VECTOR('',#5298,1.);
#5298 = DIRECTION('',(1.,0.));
#5299 = ( GEOMETRIC_REPRESENTATION_CONTEXT(2) 
PARAMETRIC_REPRESENTATION_CONTEXT() REPRESENTATION_CONTEXT('2D SPACE',''
  ) );
#5300 = FACE_BOUND('',#5301,.T.);
#5301 = EDGE_LOOP('',(#5302));
#5302 = ORIENTED_EDGE('',*,*,#5303,.T.);
#5303 = EDGE_CURVE('',#5304,#5304,#5306,.T.);
#5304 = VERTEX_POINT('',#5305);
#5305 = CARTESIAN_POINT('',(44.96,74.4,1.51));
#5306 = SURFACE_CURVE('',#5307,(#5312,#5323),.PCURVE_S1.);
#5307 = CIRCLE('',#5308,0.85);
#5308 = AXIS2_PLACEMENT_3D('',#5309,#5310,#5311);
#5309 = CARTESIAN_POINT('',(44.96,75.25,1.51));
#5310 = DIRECTION('',(-0.,0.,-1.));
#5311 = DIRECTION('',(-1.671865260612E-14,-1.,0.));
#5312 = PCURVE('',#150,#5313);
#5313 = DEFINITIONAL_REPRESENTATION('',(#5314),#5322);
#5314 = ( BOUNDED_CURVE() B_SPLINE_CURVE(2,(#5315,#5316,#5317,#5318,
#5319,#5320,#5321),.UNSPECIFIED.,.T.,.F.) B_SPLINE_CURVE_WITH_KNOTS((1,2
    ,2,2,2,1),(-2.094395102393,0.,2.094395102393,4.188790204786,
6.28318530718,8.377580409573),.UNSPECIFIED.) CURVE() 
GEOMETRIC_REPRESENTATION_ITEM() RATIONAL_B_SPLINE_CURVE((1.,0.5,1.,0.5,
1.,0.5,1.)) REPRESENTATION_ITEM('') );
#5315 = CARTESIAN_POINT('',(127.46,-27.35));
#5316 = CARTESIAN_POINT('',(125.98775681356,-27.35));
#5317 = CARTESIAN_POINT('',(126.72387840678,-26.075));
#5318 = CARTESIAN_POINT('',(127.46,-24.8));
#5319 = CARTESIAN_POINT('',(128.19612159321,-26.075));
#5320 = CARTESIAN_POINT('',(128.93224318643,-27.35));
#5321 = CARTESIAN_POINT('',(127.46,-27.35));
#5322 = ( GEOMETRIC_REPRESENTATION_CONTEXT(2) 
PARAMETRIC_REPRESENTATION_CONTEXT() REPRESENTATION_CONTEXT('2D SPACE',''
  ) );
#5323 = PCURVE('',#2271,#5324);
#5324 = DEFINITIONAL_REPRESENTATION('',(#5325),#5329);
#5325 = LINE('',#5326,#5327);
#5326 = CARTESIAN_POINT('',(0.,-1.556));
#5327 = VECTOR('',#5328,1.);
#5328 = DIRECTION('',(1.,0.));
#5329 = ( GEOMETRIC_REPRESENTATION_CONTEXT(2) 
PARAMETRIC_REPRESENTATION_CONTEXT() REPRESENTATION_CONTEXT('2D SPACE',''
  ) );
#5330 = FACE_BOUND('',#5331,.T.);
#5331 = EDGE_LOOP('',(#5332));
#5332 = ORIENTED_EDGE('',*,*,#5333,.T.);
#5333 = EDGE_CURVE('',#5334,#5334,#5336,.T.);
#5334 = VERTEX_POINT('',#5335);
#5335 = CARTESIAN_POINT('',(46.23,77.04,1.51));
#5336 = SURFACE_CURVE('',#5337,(#5342,#5353),.PCURVE_S1.);
#5337 = CIRCLE('',#5338,0.75);
#5338 = AXIS2_PLACEMENT_3D('',#5339,#5340,#5341);
#5339 = CARTESIAN_POINT('',(46.23,77.79,1.51));
#5340 = DIRECTION('',(-0.,-0.,-1.));
#5341 = DIRECTION('',(0.,-1.,0.));
#5342 = PCURVE('',#150,#5343);
#5343 = DEFINITIONAL_REPRESENTATION('',(#5344),#5352);
#5344 = ( BOUNDED_CURVE() B_SPLINE_CURVE(2,(#5345,#5346,#5347,#5348,
#5349,#5350,#5351),.UNSPECIFIED.,.T.,.F.) B_SPLINE_CURVE_WITH_KNOTS((1,2
    ,2,2,2,1),(-2.094395102393,0.,2.094395102393,4.188790204786,
6.28318530718,8.377580409573),.UNSPECIFIED.) CURVE() 
GEOMETRIC_REPRESENTATION_ITEM() RATIONAL_B_SPLINE_CURVE((1.,0.5,1.,0.5,
1.,0.5,1.)) REPRESENTATION_ITEM('') );
#5345 = CARTESIAN_POINT('',(128.73,-24.71));
#5346 = CARTESIAN_POINT('',(127.43096189432,-24.71));
#5347 = CARTESIAN_POINT('',(128.08048094716,-23.585));
#5348 = CARTESIAN_POINT('',(128.73,-22.46));
#5349 = CARTESIAN_POINT('',(129.37951905283,-23.585));
#5350 = CARTESIAN_POINT('',(130.02903810567,-24.71));
#5351 = CARTESIAN_POINT('',(128.73,-24.71));
#5352 = ( GEOMETRIC_REPRESENTATION_CONTEXT(2) 
PARAMETRIC_REPRESENTATION_CONTEXT() REPRESENTATION_CONTEXT('2D SPACE',''
  ) );
#5353 = PCURVE('',#2306,#5354);
#5354 = DEFINITIONAL_REPRESENTATION('',(#5355),#5359);
#5355 = LINE('',#5356,#5357);
#5356 = CARTESIAN_POINT('',(0.,-1.556));
#5357 = VECTOR('',#5358,1.);
#5358 = DIRECTION('',(1.,0.));
#5359 = ( GEOMETRIC_REPRESENTATION_CONTEXT(2) 
PARAMETRIC_REPRESENTATION_CONTEXT() REPRESENTATION_CONTEXT('2D SPACE',''
  ) );
#5360 = FACE_BOUND('',#5361,.T.);
#5361 = EDGE_LOOP('',(#5362));
#5362 = ORIENTED_EDGE('',*,*,#5363,.T.);
#5363 = EDGE_CURVE('',#5364,#5364,#5366,.T.);
#5364 = VERTEX_POINT('',#5365);
#5365 = CARTESIAN_POINT('',(33.29,79.58,1.51));
#5366 = SURFACE_CURVE('',#5367,(#5372,#5383),.PCURVE_S1.);
#5367 = CIRCLE('',#5368,0.75);
#5368 = AXIS2_PLACEMENT_3D('',#5369,#5370,#5371);
#5369 = CARTESIAN_POINT('',(33.29,80.33,1.51));
#5370 = DIRECTION('',(-0.,-0.,-1.));
#5371 = DIRECTION('',(0.,-1.,0.));
#5372 = PCURVE('',#150,#5373);
#5373 = DEFINITIONAL_REPRESENTATION('',(#5374),#5382);
#5374 = ( BOUNDED_CURVE() B_SPLINE_CURVE(2,(#5375,#5376,#5377,#5378,
#5379,#5380,#5381),.UNSPECIFIED.,.T.,.F.) B_SPLINE_CURVE_WITH_KNOTS((1,2
    ,2,2,2,1),(-2.094395102393,0.,2.094395102393,4.188790204786,
6.28318530718,8.377580409573),.UNSPECIFIED.) CURVE() 
GEOMETRIC_REPRESENTATION_ITEM() RATIONAL_B_SPLINE_CURVE((1.,0.5,1.,0.5,
1.,0.5,1.)) REPRESENTATION_ITEM('') );
#5375 = CARTESIAN_POINT('',(115.79,-22.17));
#5376 = CARTESIAN_POINT('',(114.49096189432,-22.17));
#5377 = CARTESIAN_POINT('',(115.14048094716,-21.045));
#5378 = CARTESIAN_POINT('',(115.79,-19.92));
#5379 = CARTESIAN_POINT('',(116.43951905283,-21.045));
#5380 = CARTESIAN_POINT('',(117.08903810567,-22.17));
#5381 = CARTESIAN_POINT('',(115.79,-22.17));
#5382 = ( GEOMETRIC_REPRESENTATION_CONTEXT(2) 
PARAMETRIC_REPRESENTATION_CONTEXT() REPRESENTATION_CONTEXT('2D SPACE',''
  ) );
#5383 = PCURVE('',#2341,#5384);
#5384 = DEFINITIONAL_REPRESENTATION('',(#5385),#5389);
#5385 = LINE('',#5386,#5387);
#5386 = CARTESIAN_POINT('',(0.,-1.556));
#5387 = VECTOR('',#5388,1.);
#5388 = DIRECTION('',(1.,0.));
#5389 = ( GEOMETRIC_REPRESENTATION_CONTEXT(2) 
PARAMETRIC_REPRESENTATION_CONTEXT() REPRESENTATION_CONTEXT('2D SPACE',''
  ) );
#5390 = FACE_BOUND('',#5391,.T.);
#5391 = EDGE_LOOP('',(#5392));
#5392 = ORIENTED_EDGE('',*,*,#5393,.T.);
#5393 = EDGE_CURVE('',#5394,#5394,#5396,.T.);
#5394 = VERTEX_POINT('',#5395);
#5395 = CARTESIAN_POINT('',(26.78,88.25,1.51));
#5396 = SURFACE_CURVE('',#5397,(#5402,#5413),.PCURVE_S1.);
#5397 = CIRCLE('',#5398,0.5);
#5398 = AXIS2_PLACEMENT_3D('',#5399,#5400,#5401);
#5399 = CARTESIAN_POINT('',(26.78,88.75,1.51));
#5400 = DIRECTION('',(-0.,-0.,-1.));
#5401 = DIRECTION('',(0.,-1.,0.));
#5402 = PCURVE('',#150,#5403);
#5403 = DEFINITIONAL_REPRESENTATION('',(#5404),#5412);
#5404 = ( BOUNDED_CURVE() B_SPLINE_CURVE(2,(#5405,#5406,#5407,#5408,
#5409,#5410,#5411),.UNSPECIFIED.,.T.,.F.) B_SPLINE_CURVE_WITH_KNOTS((1,2
    ,2,2,2,1),(-2.094395102393,0.,2.094395102393,4.188790204786,
6.28318530718,8.377580409573),.UNSPECIFIED.) CURVE() 
GEOMETRIC_REPRESENTATION_ITEM() RATIONAL_B_SPLINE_CURVE((1.,0.5,1.,0.5,
1.,0.5,1.)) REPRESENTATION_ITEM('') );
#5405 = CARTESIAN_POINT('',(109.28,-13.5));
#5406 = CARTESIAN_POINT('',(108.41397459621,-13.5));
#5407 = CARTESIAN_POINT('',(108.8469872981,-12.75));
#5408 = CARTESIAN_POINT('',(109.28,-12.));
#5409 = CARTESIAN_POINT('',(109.71301270189,-12.75));
#5410 = CARTESIAN_POINT('',(110.14602540378,-13.5));
#5411 = CARTESIAN_POINT('',(109.28,-13.5));
#5412 = ( GEOMETRIC_REPRESENTATION_CONTEXT(2) 
PARAMETRIC_REPRESENTATION_CONTEXT() REPRESENTATION_CONTEXT('2D SPACE',''
  ) );
#5413 = PCURVE('',#2376,#5414);
#5414 = DEFINITIONAL_REPRESENTATION('',(#5415),#5419);
#5415 = LINE('',#5416,#5417);
#5416 = CARTESIAN_POINT('',(0.,-1.556));
#5417 = VECTOR('',#5418,1.);
#5418 = DIRECTION('',(1.,0.));
#5419 = ( GEOMETRIC_REPRESENTATION_CONTEXT(2) 
PARAMETRIC_REPRESENTATION_CONTEXT() REPRESENTATION_CONTEXT('2D SPACE',''
  ) );
#5420 = FACE_BOUND('',#5421,.T.);
#5421 = EDGE_LOOP('',(#5422));
#5422 = ORIENTED_EDGE('',*,*,#5423,.T.);
#5423 = EDGE_CURVE('',#5424,#5424,#5426,.T.);
#5424 = VERTEX_POINT('',#5425);
#5425 = CARTESIAN_POINT('',(29.32,88.25,1.51));
#5426 = SURFACE_CURVE('',#5427,(#5432,#5443),.PCURVE_S1.);
#5427 = CIRCLE('',#5428,0.5);
#5428 = AXIS2_PLACEMENT_3D('',#5429,#5430,#5431);
#5429 = CARTESIAN_POINT('',(29.32,88.75,1.51));
#5430 = DIRECTION('',(-0.,-0.,-1.));
#5431 = DIRECTION('',(0.,-1.,0.));
#5432 = PCURVE('',#150,#5433);
#5433 = DEFINITIONAL_REPRESENTATION('',(#5434),#5442);
#5434 = ( BOUNDED_CURVE() B_SPLINE_CURVE(2,(#5435,#5436,#5437,#5438,
#5439,#5440,#5441),.UNSPECIFIED.,.T.,.F.) B_SPLINE_CURVE_WITH_KNOTS((1,2
    ,2,2,2,1),(-2.094395102393,0.,2.094395102393,4.188790204786,
6.28318530718,8.377580409573),.UNSPECIFIED.) CURVE() 
GEOMETRIC_REPRESENTATION_ITEM() RATIONAL_B_SPLINE_CURVE((1.,0.5,1.,0.5,
1.,0.5,1.)) REPRESENTATION_ITEM('') );
#5435 = CARTESIAN_POINT('',(111.82,-13.5));
#5436 = CARTESIAN_POINT('',(110.95397459621,-13.5));
#5437 = CARTESIAN_POINT('',(111.3869872981,-12.75));
#5438 = CARTESIAN_POINT('',(111.82,-12.));
#5439 = CARTESIAN_POINT('',(112.25301270189,-12.75));
#5440 = CARTESIAN_POINT('',(112.68602540378,-13.5));
#5441 = CARTESIAN_POINT('',(111.82,-13.5));
#5442 = ( GEOMETRIC_REPRESENTATION_CONTEXT(2) 
PARAMETRIC_REPRESENTATION_CONTEXT() REPRESENTATION_CONTEXT('2D SPACE',''
  ) );
#5443 = PCURVE('',#2411,#5444);
#5444 = DEFINITIONAL_REPRESENTATION('',(#5445),#5449);
#5445 = LINE('',#5446,#5447);
#5446 = CARTESIAN_POINT('',(0.,-1.556));
#5447 = VECTOR('',#5448,1.);
#5448 = DIRECTION('',(1.,0.));
#5449 = ( GEOMETRIC_REPRESENTATION_CONTEXT(2) 
PARAMETRIC_REPRESENTATION_CONTEXT() REPRESENTATION_CONTEXT('2D SPACE',''
  ) );
#5450 = FACE_BOUND('',#5451,.T.);
#5451 = EDGE_LOOP('',(#5452));
#5452 = ORIENTED_EDGE('',*,*,#5453,.T.);
#5453 = EDGE_CURVE('',#5454,#5454,#5456,.T.);
#5454 = VERTEX_POINT('',#5455);
#5455 = CARTESIAN_POINT('',(31.86,88.25,1.51));
#5456 = SURFACE_CURVE('',#5457,(#5462,#5473),.PCURVE_S1.);
#5457 = CIRCLE('',#5458,0.5);
#5458 = AXIS2_PLACEMENT_3D('',#5459,#5460,#5461);
#5459 = CARTESIAN_POINT('',(31.86,88.75,1.51));
#5460 = DIRECTION('',(-0.,-0.,-1.));
#5461 = DIRECTION('',(0.,-1.,0.));
#5462 = PCURVE('',#150,#5463);
#5463 = DEFINITIONAL_REPRESENTATION('',(#5464),#5472);
#5464 = ( BOUNDED_CURVE() B_SPLINE_CURVE(2,(#5465,#5466,#5467,#5468,
#5469,#5470,#5471),.UNSPECIFIED.,.T.,.F.) B_SPLINE_CURVE_WITH_KNOTS((1,2
    ,2,2,2,1),(-2.094395102393,0.,2.094395102393,4.188790204786,
6.28318530718,8.377580409573),.UNSPECIFIED.) CURVE() 
GEOMETRIC_REPRESENTATION_ITEM() RATIONAL_B_SPLINE_CURVE((1.,0.5,1.,0.5,
1.,0.5,1.)) REPRESENTATION_ITEM('') );
#5465 = CARTESIAN_POINT('',(114.36,-13.5));
#5466 = CARTESIAN_POINT('',(113.49397459621,-13.5));
#5467 = CARTESIAN_POINT('',(113.9269872981,-12.75));
#5468 = CARTESIAN_POINT('',(114.36,-12.));
#5469 = CARTESIAN_POINT('',(114.79301270189,-12.75));
#5470 = CARTESIAN_POINT('',(115.22602540378,-13.5));
#5471 = CARTESIAN_POINT('',(114.36,-13.5));
#5472 = ( GEOMETRIC_REPRESENTATION_CONTEXT(2) 
PARAMETRIC_REPRESENTATION_CONTEXT() REPRESENTATION_CONTEXT('2D SPACE',''
  ) );
#5473 = PCURVE('',#2446,#5474);
#5474 = DEFINITIONAL_REPRESENTATION('',(#5475),#5479);
#5475 = LINE('',#5476,#5477);
#5476 = CARTESIAN_POINT('',(0.,-1.556));
#5477 = VECTOR('',#5478,1.);
#5478 = DIRECTION('',(1.,0.));
#5479 = ( GEOMETRIC_REPRESENTATION_CONTEXT(2) 
PARAMETRIC_REPRESENTATION_CONTEXT() REPRESENTATION_CONTEXT('2D SPACE',''
  ) );
#5480 = FACE_BOUND('',#5481,.T.);
#5481 = EDGE_LOOP('',(#5482));
#5482 = ORIENTED_EDGE('',*,*,#5483,.T.);
#5483 = EDGE_CURVE('',#5484,#5484,#5486,.T.);
#5484 = VERTEX_POINT('',#5485);
#5485 = CARTESIAN_POINT('',(34.4,88.25,1.51));
#5486 = SURFACE_CURVE('',#5487,(#5492,#5503),.PCURVE_S1.);
#5487 = CIRCLE('',#5488,0.5);
#5488 = AXIS2_PLACEMENT_3D('',#5489,#5490,#5491);
#5489 = CARTESIAN_POINT('',(34.4,88.75,1.51));
#5490 = DIRECTION('',(-0.,-0.,-1.));
#5491 = DIRECTION('',(0.,-1.,0.));
#5492 = PCURVE('',#150,#5493);
#5493 = DEFINITIONAL_REPRESENTATION('',(#5494),#5502);
#5494 = ( BOUNDED_CURVE() B_SPLINE_CURVE(2,(#5495,#5496,#5497,#5498,
#5499,#5500,#5501),.UNSPECIFIED.,.T.,.F.) B_SPLINE_CURVE_WITH_KNOTS((1,2
    ,2,2,2,1),(-2.094395102393,0.,2.094395102393,4.188790204786,
6.28318530718,8.377580409573),.UNSPECIFIED.) CURVE() 
GEOMETRIC_REPRESENTATION_ITEM() RATIONAL_B_SPLINE_CURVE((1.,0.5,1.,0.5,
1.,0.5,1.)) REPRESENTATION_ITEM('') );
#5495 = CARTESIAN_POINT('',(116.9,-13.5));
#5496 = CARTESIAN_POINT('',(116.03397459621,-13.5));
#5497 = CARTESIAN_POINT('',(116.4669872981,-12.75));
#5498 = CARTESIAN_POINT('',(116.9,-12.));
#5499 = CARTESIAN_POINT('',(117.33301270189,-12.75));
#5500 = CARTESIAN_POINT('',(117.76602540378,-13.5));
#5501 = CARTESIAN_POINT('',(116.9,-13.5));
#5502 = ( GEOMETRIC_REPRESENTATION_CONTEXT(2) 
PARAMETRIC_REPRESENTATION_CONTEXT() REPRESENTATION_CONTEXT('2D SPACE',''
  ) );
#5503 = PCURVE('',#2481,#5504);
#5504 = DEFINITIONAL_REPRESENTATION('',(#5505),#5509);
#5505 = LINE('',#5506,#5507);
#5506 = CARTESIAN_POINT('',(0.,-1.556));
#5507 = VECTOR('',#5508,1.);
#5508 = DIRECTION('',(1.,0.));
#5509 = ( GEOMETRIC_REPRESENTATION_CONTEXT(2) 
PARAMETRIC_REPRESENTATION_CONTEXT() REPRESENTATION_CONTEXT('2D SPACE',''
  ) );
#5510 = FACE_BOUND('',#5511,.T.);
#5511 = EDGE_LOOP('',(#5512));
#5512 = ORIENTED_EDGE('',*,*,#5513,.T.);
#5513 = EDGE_CURVE('',#5514,#5514,#5516,.T.);
#5514 = VERTEX_POINT('',#5515);
#5515 = CARTESIAN_POINT('',(36.94,88.25,1.51));
#5516 = SURFACE_CURVE('',#5517,(#5522,#5533),.PCURVE_S1.);
#5517 = CIRCLE('',#5518,0.5);
#5518 = AXIS2_PLACEMENT_3D('',#5519,#5520,#5521);
#5519 = CARTESIAN_POINT('',(36.94,88.75,1.51));
#5520 = DIRECTION('',(-0.,-0.,-1.));
#5521 = DIRECTION('',(0.,-1.,0.));
#5522 = PCURVE('',#150,#5523);
#5523 = DEFINITIONAL_REPRESENTATION('',(#5524),#5532);
#5524 = ( BOUNDED_CURVE() B_SPLINE_CURVE(2,(#5525,#5526,#5527,#5528,
#5529,#5530,#5531),.UNSPECIFIED.,.T.,.F.) B_SPLINE_CURVE_WITH_KNOTS((1,2
    ,2,2,2,1),(-2.094395102393,0.,2.094395102393,4.188790204786,
6.28318530718,8.377580409573),.UNSPECIFIED.) CURVE() 
GEOMETRIC_REPRESENTATION_ITEM() RATIONAL_B_SPLINE_CURVE((1.,0.5,1.,0.5,
1.,0.5,1.)) REPRESENTATION_ITEM('') );
#5525 = CARTESIAN_POINT('',(119.44,-13.5));
#5526 = CARTESIAN_POINT('',(118.57397459621,-13.5));
#5527 = CARTESIAN_POINT('',(119.0069872981,-12.75));
#5528 = CARTESIAN_POINT('',(119.44,-12.));
#5529 = CARTESIAN_POINT('',(119.87301270189,-12.75));
#5530 = CARTESIAN_POINT('',(120.30602540378,-13.5));
#5531 = CARTESIAN_POINT('',(119.44,-13.5));
#5532 = ( GEOMETRIC_REPRESENTATION_CONTEXT(2) 
PARAMETRIC_REPRESENTATION_CONTEXT() REPRESENTATION_CONTEXT('2D SPACE',''
  ) );
#5533 = PCURVE('',#2516,#5534);
#5534 = DEFINITIONAL_REPRESENTATION('',(#5535),#5539);
#5535 = LINE('',#5536,#5537);
#5536 = CARTESIAN_POINT('',(0.,-1.556));
#5537 = VECTOR('',#5538,1.);
#5538 = DIRECTION('',(1.,0.));
#5539 = ( GEOMETRIC_REPRESENTATION_CONTEXT(2) 
PARAMETRIC_REPRESENTATION_CONTEXT() REPRESENTATION_CONTEXT('2D SPACE',''
  ) );
#5540 = FACE_BOUND('',#5541,.T.);
#5541 = EDGE_LOOP('',(#5542));
#5542 = ORIENTED_EDGE('',*,*,#5543,.T.);
#5543 = EDGE_CURVE('',#5544,#5544,#5546,.T.);
#5544 = VERTEX_POINT('',#5545);
#5545 = CARTESIAN_POINT('',(39.48,88.25,1.51));
#5546 = SURFACE_CURVE('',#5547,(#5552,#5563),.PCURVE_S1.);
#5547 = CIRCLE('',#5548,0.5);
#5548 = AXIS2_PLACEMENT_3D('',#5549,#5550,#5551);
#5549 = CARTESIAN_POINT('',(39.48,88.75,1.51));
#5550 = DIRECTION('',(-0.,-0.,-1.));
#5551 = DIRECTION('',(0.,-1.,0.));
#5552 = PCURVE('',#150,#5553);
#5553 = DEFINITIONAL_REPRESENTATION('',(#5554),#5562);
#5554 = ( BOUNDED_CURVE() B_SPLINE_CURVE(2,(#5555,#5556,#5557,#5558,
#5559,#5560,#5561),.UNSPECIFIED.,.T.,.F.) B_SPLINE_CURVE_WITH_KNOTS((1,2
    ,2,2,2,1),(-2.094395102393,0.,2.094395102393,4.188790204786,
6.28318530718,8.377580409573),.UNSPECIFIED.) CURVE() 
GEOMETRIC_REPRESENTATION_ITEM() RATIONAL_B_SPLINE_CURVE((1.,0.5,1.,0.5,
1.,0.5,1.)) REPRESENTATION_ITEM('') );
#5555 = CARTESIAN_POINT('',(121.98,-13.5));
#5556 = CARTESIAN_POINT('',(121.11397459621,-13.5));
#5557 = CARTESIAN_POINT('',(121.5469872981,-12.75));
#5558 = CARTESIAN_POINT('',(121.98,-12.));
#5559 = CARTESIAN_POINT('',(122.41301270189,-12.75));
#5560 = CARTESIAN_POINT('',(122.84602540378,-13.5));
#5561 = CARTESIAN_POINT('',(121.98,-13.5));
#5562 = ( GEOMETRIC_REPRESENTATION_CONTEXT(2) 
PARAMETRIC_REPRESENTATION_CONTEXT() REPRESENTATION_CONTEXT('2D SPACE',''
  ) );
#5563 = PCURVE('',#2551,#5564);
#5564 = DEFINITIONAL_REPRESENTATION('',(#5565),#5569);
#5565 = LINE('',#5566,#5567);
#5566 = CARTESIAN_POINT('',(0.,-1.556));
#5567 = VECTOR('',#5568,1.);
#5568 = DIRECTION('',(1.,0.));
#5569 = ( GEOMETRIC_REPRESENTATION_CONTEXT(2) 
PARAMETRIC_REPRESENTATION_CONTEXT() REPRESENTATION_CONTEXT('2D SPACE',''
  ) );
#5570 = FACE_BOUND('',#5571,.T.);
#5571 = EDGE_LOOP('',(#5572));
#5572 = ORIENTED_EDGE('',*,*,#5573,.T.);
#5573 = EDGE_CURVE('',#5574,#5574,#5576,.T.);
#5574 = VERTEX_POINT('',#5575);
#5575 = CARTESIAN_POINT('',(42.02,88.25,1.51));
#5576 = SURFACE_CURVE('',#5577,(#5582,#5593),.PCURVE_S1.);
#5577 = CIRCLE('',#5578,0.5);
#5578 = AXIS2_PLACEMENT_3D('',#5579,#5580,#5581);
#5579 = CARTESIAN_POINT('',(42.02,88.75,1.51));
#5580 = DIRECTION('',(-0.,-0.,-1.));
#5581 = DIRECTION('',(0.,-1.,0.));
#5582 = PCURVE('',#150,#5583);
#5583 = DEFINITIONAL_REPRESENTATION('',(#5584),#5592);
#5584 = ( BOUNDED_CURVE() B_SPLINE_CURVE(2,(#5585,#5586,#5587,#5588,
#5589,#5590,#5591),.UNSPECIFIED.,.T.,.F.) B_SPLINE_CURVE_WITH_KNOTS((1,2
    ,2,2,2,1),(-2.094395102393,0.,2.094395102393,4.188790204786,
6.28318530718,8.377580409573),.UNSPECIFIED.) CURVE() 
GEOMETRIC_REPRESENTATION_ITEM() RATIONAL_B_SPLINE_CURVE((1.,0.5,1.,0.5,
1.,0.5,1.)) REPRESENTATION_ITEM('') );
#5585 = CARTESIAN_POINT('',(124.52,-13.5));
#5586 = CARTESIAN_POINT('',(123.65397459621,-13.5));
#5587 = CARTESIAN_POINT('',(124.0869872981,-12.75));
#5588 = CARTESIAN_POINT('',(124.52,-12.));
#5589 = CARTESIAN_POINT('',(124.95301270189,-12.75));
#5590 = CARTESIAN_POINT('',(125.38602540378,-13.5));
#5591 = CARTESIAN_POINT('',(124.52,-13.5));
#5592 = ( GEOMETRIC_REPRESENTATION_CONTEXT(2) 
PARAMETRIC_REPRESENTATION_CONTEXT() REPRESENTATION_CONTEXT('2D SPACE',''
  ) );
#5593 = PCURVE('',#2586,#5594);
#5594 = DEFINITIONAL_REPRESENTATION('',(#5595),#5599);
#5595 = LINE('',#5596,#5597);
#5596 = CARTESIAN_POINT('',(0.,-1.556));
#5597 = VECTOR('',#5598,1.);
#5598 = DIRECTION('',(1.,0.));
#5599 = ( GEOMETRIC_REPRESENTATION_CONTEXT(2) 
PARAMETRIC_REPRESENTATION_CONTEXT() REPRESENTATION_CONTEXT('2D SPACE',''
  ) );
#5600 = FACE_BOUND('',#5601,.T.);
#5601 = EDGE_LOOP('',(#5602));
#5602 = ORIENTED_EDGE('',*,*,#5603,.T.);
#5603 = EDGE_CURVE('',#5604,#5604,#5606,.T.);
#5604 = VERTEX_POINT('',#5605);
#5605 = CARTESIAN_POINT('',(50.0267,53.96,1.51));
#5606 = SURFACE_CURVE('',#5607,(#5612,#5623),.PCURVE_S1.);
#5607 = CIRCLE('',#5608,2.);
#5608 = AXIS2_PLACEMENT_3D('',#5609,#5610,#5611);
#5609 = CARTESIAN_POINT('',(50.0267,55.96,1.51));
#5610 = DIRECTION('',(-0.,-0.,-1.));
#5611 = DIRECTION('',(0.,-1.,0.));
#5612 = PCURVE('',#150,#5613);
#5613 = DEFINITIONAL_REPRESENTATION('',(#5614),#5622);
#5614 = ( BOUNDED_CURVE() B_SPLINE_CURVE(2,(#5615,#5616,#5617,#5618,
#5619,#5620,#5621),.UNSPECIFIED.,.T.,.F.) B_SPLINE_CURVE_WITH_KNOTS((1,2
    ,2,2,2,1),(-2.094395102393,0.,2.094395102393,4.188790204786,
6.28318530718,8.377580409573),.UNSPECIFIED.) CURVE() 
GEOMETRIC_REPRESENTATION_ITEM() RATIONAL_B_SPLINE_CURVE((1.,0.5,1.,0.5,
1.,0.5,1.)) REPRESENTATION_ITEM('') );
#5615 = CARTESIAN_POINT('',(132.5267,-47.79));
#5616 = CARTESIAN_POINT('',(129.06259838486,-47.79));
#5617 = CARTESIAN_POINT('',(130.79464919243,-44.79));
#5618 = CARTESIAN_POINT('',(132.5267,-41.79));
#5619 = CARTESIAN_POINT('',(134.25875080756,-44.79));
#5620 = CARTESIAN_POINT('',(135.99080161513,-47.79));
#5621 = CARTESIAN_POINT('',(132.5267,-47.79));
#5622 = ( GEOMETRIC_REPRESENTATION_CONTEXT(2) 
PARAMETRIC_REPRESENTATION_CONTEXT() REPRESENTATION_CONTEXT('2D SPACE',''
  ) );
#5623 = PCURVE('',#2621,#5624);
#5624 = DEFINITIONAL_REPRESENTATION('',(#5625),#5629);
#5625 = LINE('',#5626,#5627);
#5626 = CARTESIAN_POINT('',(0.,-1.556));
#5627 = VECTOR('',#5628,1.);
#5628 = DIRECTION('',(1.,0.));
#5629 = ( GEOMETRIC_REPRESENTATION_CONTEXT(2) 
PARAMETRIC_REPRESENTATION_CONTEXT() REPRESENTATION_CONTEXT('2D SPACE',''
  ) );
#5630 = FACE_BOUND('',#5631,.T.);
#5631 = EDGE_LOOP('',(#5632));
#5632 = ORIENTED_EDGE('',*,*,#5633,.T.);
#5633 = EDGE_CURVE('',#5634,#5634,#5636,.T.);
#5634 = VERTEX_POINT('',#5635);
#5635 = CARTESIAN_POINT('',(55.1067,55.11,1.51));
#5636 = SURFACE_CURVE('',#5637,(#5642,#5653),.PCURVE_S1.);
#5637 = CIRCLE('',#5638,0.85);
#5638 = AXIS2_PLACEMENT_3D('',#5639,#5640,#5641);
#5639 = CARTESIAN_POINT('',(55.1067,55.96,1.51));
#5640 = DIRECTION('',(-0.,-0.,-1.));
#5641 = DIRECTION('',(0.,-1.,0.));
#5642 = PCURVE('',#150,#5643);
#5643 = DEFINITIONAL_REPRESENTATION('',(#5644),#5652);
#5644 = ( BOUNDED_CURVE() B_SPLINE_CURVE(2,(#5645,#5646,#5647,#5648,
#5649,#5650,#5651),.UNSPECIFIED.,.T.,.F.) B_SPLINE_CURVE_WITH_KNOTS((1,2
    ,2,2,2,1),(-2.094395102393,0.,2.094395102393,4.188790204786,
6.28318530718,8.377580409573),.UNSPECIFIED.) CURVE() 
GEOMETRIC_REPRESENTATION_ITEM() RATIONAL_B_SPLINE_CURVE((1.,0.5,1.,0.5,
1.,0.5,1.)) REPRESENTATION_ITEM('') );
#5645 = CARTESIAN_POINT('',(137.6067,-46.64));
#5646 = CARTESIAN_POINT('',(136.13445681356,-46.64));
#5647 = CARTESIAN_POINT('',(136.87057840678,-45.365));
#5648 = CARTESIAN_POINT('',(137.6067,-44.09));
#5649 = CARTESIAN_POINT('',(138.34282159321,-45.365));
#5650 = CARTESIAN_POINT('',(139.07894318643,-46.64));
#5651 = CARTESIAN_POINT('',(137.6067,-46.64));
#5652 = ( GEOMETRIC_REPRESENTATION_CONTEXT(2) 
PARAMETRIC_REPRESENTATION_CONTEXT() REPRESENTATION_CONTEXT('2D SPACE',''
  ) );
#5653 = PCURVE('',#2656,#5654);
#5654 = DEFINITIONAL_REPRESENTATION('',(#5655),#5659);
#5655 = LINE('',#5656,#5657);
#5656 = CARTESIAN_POINT('',(0.,-1.556));
#5657 = VECTOR('',#5658,1.);
#5658 = DIRECTION('',(1.,0.));
#5659 = ( GEOMETRIC_REPRESENTATION_CONTEXT(2) 
PARAMETRIC_REPRESENTATION_CONTEXT() REPRESENTATION_CONTEXT('2D SPACE',''
  ) );
#5660 = FACE_BOUND('',#5661,.T.);
#5661 = EDGE_LOOP('',(#5662));
#5662 = ORIENTED_EDGE('',*,*,#5663,.T.);
#5663 = EDGE_CURVE('',#5664,#5664,#5666,.T.);
#5664 = VERTEX_POINT('',#5665);
#5665 = CARTESIAN_POINT('',(64.23,55.11,1.51));
#5666 = SURFACE_CURVE('',#5667,(#5672,#5683),.PCURVE_S1.);
#5667 = CIRCLE('',#5668,0.85);
#5668 = AXIS2_PLACEMENT_3D('',#5669,#5670,#5671);
#5669 = CARTESIAN_POINT('',(64.23,55.96,1.51));
#5670 = DIRECTION('',(-0.,0.,-1.));
#5671 = DIRECTION('',(-3.343730521224E-14,-1.,0.));
#5672 = PCURVE('',#150,#5673);
#5673 = DEFINITIONAL_REPRESENTATION('',(#5674),#5682);
#5674 = ( BOUNDED_CURVE() B_SPLINE_CURVE(2,(#5675,#5676,#5677,#5678,
#5679,#5680,#5681),.UNSPECIFIED.,.T.,.F.) B_SPLINE_CURVE_WITH_KNOTS((1,2
    ,2,2,2,1),(-2.094395102393,0.,2.094395102393,4.188790204786,
6.28318530718,8.377580409573),.UNSPECIFIED.) CURVE() 
GEOMETRIC_REPRESENTATION_ITEM() RATIONAL_B_SPLINE_CURVE((1.,0.5,1.,0.5,
1.,0.5,1.)) REPRESENTATION_ITEM('') );
#5675 = CARTESIAN_POINT('',(146.73,-46.64));
#5676 = CARTESIAN_POINT('',(145.25775681356,-46.64));
#5677 = CARTESIAN_POINT('',(145.99387840678,-45.365));
#5678 = CARTESIAN_POINT('',(146.73,-44.09));
#5679 = CARTESIAN_POINT('',(147.46612159321,-45.365));
#5680 = CARTESIAN_POINT('',(148.20224318643,-46.64));
#5681 = CARTESIAN_POINT('',(146.73,-46.64));
#5682 = ( GEOMETRIC_REPRESENTATION_CONTEXT(2) 
PARAMETRIC_REPRESENTATION_CONTEXT() REPRESENTATION_CONTEXT('2D SPACE',''
  ) );
#5683 = PCURVE('',#2691,#5684);
#5684 = DEFINITIONAL_REPRESENTATION('',(#5685),#5689);
#5685 = LINE('',#5686,#5687);
#5686 = CARTESIAN_POINT('',(0.,-1.556));
#5687 = VECTOR('',#5688,1.);
#5688 = DIRECTION('',(1.,0.));
#5689 = ( GEOMETRIC_REPRESENTATION_CONTEXT(2) 
PARAMETRIC_REPRESENTATION_CONTEXT() REPRESENTATION_CONTEXT('2D SPACE',''
  ) );
#5690 = FACE_BOUND('',#5691,.T.);
#5691 = EDGE_LOOP('',(#5692));
#5692 = ORIENTED_EDGE('',*,*,#5693,.T.);
#5693 = EDGE_CURVE('',#5694,#5694,#5696,.T.);
#5694 = VERTEX_POINT('',#5695);
#5695 = CARTESIAN_POINT('',(69.31,53.96,1.51));
#5696 = SURFACE_CURVE('',#5697,(#5702,#5713),.PCURVE_S1.);
#5697 = CIRCLE('',#5698,2.);
#5698 = AXIS2_PLACEMENT_3D('',#5699,#5700,#5701);
#5699 = CARTESIAN_POINT('',(69.31,55.96,1.51));
#5700 = DIRECTION('',(-0.,-0.,-1.));
#5701 = DIRECTION('',(0.,-1.,0.));
#5702 = PCURVE('',#150,#5703);
#5703 = DEFINITIONAL_REPRESENTATION('',(#5704),#5712);
#5704 = ( BOUNDED_CURVE() B_SPLINE_CURVE(2,(#5705,#5706,#5707,#5708,
#5709,#5710,#5711),.UNSPECIFIED.,.T.,.F.) B_SPLINE_CURVE_WITH_KNOTS((1,2
    ,2,2,2,1),(-2.094395102393,0.,2.094395102393,4.188790204786,
6.28318530718,8.377580409573),.UNSPECIFIED.) CURVE() 
GEOMETRIC_REPRESENTATION_ITEM() RATIONAL_B_SPLINE_CURVE((1.,0.5,1.,0.5,
1.,0.5,1.)) REPRESENTATION_ITEM('') );
#5705 = CARTESIAN_POINT('',(151.81,-47.79));
#5706 = CARTESIAN_POINT('',(148.34589838486,-47.79));
#5707 = CARTESIAN_POINT('',(150.07794919243,-44.79));
#5708 = CARTESIAN_POINT('',(151.81,-41.79));
#5709 = CARTESIAN_POINT('',(153.54205080756,-44.79));
#5710 = CARTESIAN_POINT('',(155.27410161513,-47.79));
#5711 = CARTESIAN_POINT('',(151.81,-47.79));
#5712 = ( GEOMETRIC_REPRESENTATION_CONTEXT(2) 
PARAMETRIC_REPRESENTATION_CONTEXT() REPRESENTATION_CONTEXT('2D SPACE',''
  ) );
#5713 = PCURVE('',#2726,#5714);
#5714 = DEFINITIONAL_REPRESENTATION('',(#5715),#5719);
#5715 = LINE('',#5716,#5717);
#5716 = CARTESIAN_POINT('',(0.,-1.556));
#5717 = VECTOR('',#5718,1.);
#5718 = DIRECTION('',(1.,0.));
#5719 = ( GEOMETRIC_REPRESENTATION_CONTEXT(2) 
PARAMETRIC_REPRESENTATION_CONTEXT() REPRESENTATION_CONTEXT('2D SPACE',''
  ) );
#5720 = FACE_BOUND('',#5721,.T.);
#5721 = EDGE_LOOP('',(#5722));
#5722 = ORIENTED_EDGE('',*,*,#5723,.T.);
#5723 = EDGE_CURVE('',#5724,#5724,#5726,.T.);
#5724 = VERTEX_POINT('',#5725);
#5725 = CARTESIAN_POINT('',(52.5667,60.29,1.51));
#5726 = SURFACE_CURVE('',#5727,(#5732,#5743),.PCURVE_S1.);
#5727 = CIRCLE('',#5728,0.75);
#5728 = AXIS2_PLACEMENT_3D('',#5729,#5730,#5731);
#5729 = CARTESIAN_POINT('',(52.5667,61.04,1.51));
#5730 = DIRECTION('',(-0.,-0.,-1.));
#5731 = DIRECTION('',(0.,-1.,0.));
#5732 = PCURVE('',#150,#5733);
#5733 = DEFINITIONAL_REPRESENTATION('',(#5734),#5742);
#5734 = ( BOUNDED_CURVE() B_SPLINE_CURVE(2,(#5735,#5736,#5737,#5738,
#5739,#5740,#5741),.UNSPECIFIED.,.T.,.F.) B_SPLINE_CURVE_WITH_KNOTS((1,2
    ,2,2,2,1),(-2.094395102393,0.,2.094395102393,4.188790204786,
6.28318530718,8.377580409573),.UNSPECIFIED.) CURVE() 
GEOMETRIC_REPRESENTATION_ITEM() RATIONAL_B_SPLINE_CURVE((1.,0.5,1.,0.5,
1.,0.5,1.)) REPRESENTATION_ITEM('') );
#5735 = CARTESIAN_POINT('',(135.0667,-41.46));
#5736 = CARTESIAN_POINT('',(133.76766189432,-41.46));
#5737 = CARTESIAN_POINT('',(134.41718094716,-40.335));
#5738 = CARTESIAN_POINT('',(135.0667,-39.21));
#5739 = CARTESIAN_POINT('',(135.71621905283,-40.335));
#5740 = CARTESIAN_POINT('',(136.36573810567,-41.46));
#5741 = CARTESIAN_POINT('',(135.0667,-41.46));
#5742 = ( GEOMETRIC_REPRESENTATION_CONTEXT(2) 
PARAMETRIC_REPRESENTATION_CONTEXT() REPRESENTATION_CONTEXT('2D SPACE',''
  ) );
#5743 = PCURVE('',#2761,#5744);
#5744 = DEFINITIONAL_REPRESENTATION('',(#5745),#5749);
#5745 = LINE('',#5746,#5747);
#5746 = CARTESIAN_POINT('',(0.,-1.556));
#5747 = VECTOR('',#5748,1.);
#5748 = DIRECTION('',(1.,0.));
#5749 = ( GEOMETRIC_REPRESENTATION_CONTEXT(2) 
PARAMETRIC_REPRESENTATION_CONTEXT() REPRESENTATION_CONTEXT('2D SPACE',''
  ) );
#5750 = FACE_BOUND('',#5751,.T.);
#5751 = EDGE_LOOP('',(#5752));
#5752 = ORIENTED_EDGE('',*,*,#5753,.T.);
#5753 = EDGE_CURVE('',#5754,#5754,#5756,.T.);
#5754 = VERTEX_POINT('',#5755);
#5755 = CARTESIAN_POINT('',(65.5,57.75,1.51));
#5756 = SURFACE_CURVE('',#5757,(#5762,#5773),.PCURVE_S1.);
#5757 = CIRCLE('',#5758,0.75);
#5758 = AXIS2_PLACEMENT_3D('',#5759,#5760,#5761);
#5759 = CARTESIAN_POINT('',(65.5,58.5,1.51));
#5760 = DIRECTION('',(-0.,-0.,-1.));
#5761 = DIRECTION('',(0.,-1.,0.));
#5762 = PCURVE('',#150,#5763);
#5763 = DEFINITIONAL_REPRESENTATION('',(#5764),#5772);
#5764 = ( BOUNDED_CURVE() B_SPLINE_CURVE(2,(#5765,#5766,#5767,#5768,
#5769,#5770,#5771),.UNSPECIFIED.,.T.,.F.) B_SPLINE_CURVE_WITH_KNOTS((1,2
    ,2,2,2,1),(-2.094395102393,0.,2.094395102393,4.188790204786,
6.28318530718,8.377580409573),.UNSPECIFIED.) CURVE() 
GEOMETRIC_REPRESENTATION_ITEM() RATIONAL_B_SPLINE_CURVE((1.,0.5,1.,0.5,
1.,0.5,1.)) REPRESENTATION_ITEM('') );
#5765 = CARTESIAN_POINT('',(148.,-44.));
#5766 = CARTESIAN_POINT('',(146.70096189432,-44.));
#5767 = CARTESIAN_POINT('',(147.35048094716,-42.875));
#5768 = CARTESIAN_POINT('',(148.,-41.75));
#5769 = CARTESIAN_POINT('',(148.64951905283,-42.875));
#5770 = CARTESIAN_POINT('',(149.29903810567,-44.));
#5771 = CARTESIAN_POINT('',(148.,-44.));
#5772 = ( GEOMETRIC_REPRESENTATION_CONTEXT(2) 
PARAMETRIC_REPRESENTATION_CONTEXT() REPRESENTATION_CONTEXT('2D SPACE',''
  ) );
#5773 = PCURVE('',#2796,#5774);
#5774 = DEFINITIONAL_REPRESENTATION('',(#5775),#5779);
#5775 = LINE('',#5776,#5777);
#5776 = CARTESIAN_POINT('',(0.,-1.556));
#5777 = VECTOR('',#5778,1.);
#5778 = DIRECTION('',(1.,0.));
#5779 = ( GEOMETRIC_REPRESENTATION_CONTEXT(2) 
PARAMETRIC_REPRESENTATION_CONTEXT() REPRESENTATION_CONTEXT('2D SPACE',''
  ) );
#5780 = FACE_BOUND('',#5781,.T.);
#5781 = EDGE_LOOP('',(#5782));
#5782 = ORIENTED_EDGE('',*,*,#5783,.T.);
#5783 = EDGE_CURVE('',#5784,#5784,#5786,.T.);
#5784 = VERTEX_POINT('',#5785);
#5785 = CARTESIAN_POINT('',(74.39,55.11,1.51));
#5786 = SURFACE_CURVE('',#5787,(#5792,#5803),.PCURVE_S1.);
#5787 = CIRCLE('',#5788,0.85);
#5788 = AXIS2_PLACEMENT_3D('',#5789,#5790,#5791);
#5789 = CARTESIAN_POINT('',(74.39,55.96,1.51));
#5790 = DIRECTION('',(-0.,-0.,-1.));
#5791 = DIRECTION('',(0.,-1.,0.));
#5792 = PCURVE('',#150,#5793);
#5793 = DEFINITIONAL_REPRESENTATION('',(#5794),#5802);
#5794 = ( BOUNDED_CURVE() B_SPLINE_CURVE(2,(#5795,#5796,#5797,#5798,
#5799,#5800,#5801),.UNSPECIFIED.,.T.,.F.) B_SPLINE_CURVE_WITH_KNOTS((1,2
    ,2,2,2,1),(-2.094395102393,0.,2.094395102393,4.188790204786,
6.28318530718,8.377580409573),.UNSPECIFIED.) CURVE() 
GEOMETRIC_REPRESENTATION_ITEM() RATIONAL_B_SPLINE_CURVE((1.,0.5,1.,0.5,
1.,0.5,1.)) REPRESENTATION_ITEM('') );
#5795 = CARTESIAN_POINT('',(156.89,-46.64));
#5796 = CARTESIAN_POINT('',(155.41775681356,-46.64));
#5797 = CARTESIAN_POINT('',(156.15387840678,-45.365));
#5798 = CARTESIAN_POINT('',(156.89,-44.09));
#5799 = CARTESIAN_POINT('',(157.62612159321,-45.365));
#5800 = CARTESIAN_POINT('',(158.36224318643,-46.64));
#5801 = CARTESIAN_POINT('',(156.89,-46.64));
#5802 = ( GEOMETRIC_REPRESENTATION_CONTEXT(2) 
PARAMETRIC_REPRESENTATION_CONTEXT() REPRESENTATION_CONTEXT('2D SPACE',''
  ) );
#5803 = PCURVE('',#2831,#5804);
#5804 = DEFINITIONAL_REPRESENTATION('',(#5805),#5809);
#5805 = LINE('',#5806,#5807);
#5806 = CARTESIAN_POINT('',(0.,-1.556));
#5807 = VECTOR('',#5808,1.);
#5808 = DIRECTION('',(1.,0.));
#5809 = ( GEOMETRIC_REPRESENTATION_CONTEXT(2) 
PARAMETRIC_REPRESENTATION_CONTEXT() REPRESENTATION_CONTEXT('2D SPACE',''
  ) );
#5810 = FACE_BOUND('',#5811,.T.);
#5811 = EDGE_LOOP('',(#5812));
#5812 = ORIENTED_EDGE('',*,*,#5813,.T.);
#5813 = EDGE_CURVE('',#5814,#5814,#5816,.T.);
#5814 = VERTEX_POINT('',#5815);
#5815 = CARTESIAN_POINT('',(86.15,55.75,1.51));
#5816 = SURFACE_CURVE('',#5817,(#5822,#5833),.PCURVE_S1.);
#5817 = CIRCLE('',#5818,0.5);
#5818 = AXIS2_PLACEMENT_3D('',#5819,#5820,#5821);
#5819 = CARTESIAN_POINT('',(86.15,56.25,1.51));
#5820 = DIRECTION('',(-0.,-0.,-1.));
#5821 = DIRECTION('',(0.,-1.,0.));
#5822 = PCURVE('',#150,#5823);
#5823 = DEFINITIONAL_REPRESENTATION('',(#5824),#5832);
#5824 = ( BOUNDED_CURVE() B_SPLINE_CURVE(2,(#5825,#5826,#5827,#5828,
#5829,#5830,#5831),.UNSPECIFIED.,.T.,.F.) B_SPLINE_CURVE_WITH_KNOTS((1,2
    ,2,2,2,1),(-2.094395102393,0.,2.094395102393,4.188790204786,
6.28318530718,8.377580409573),.UNSPECIFIED.) CURVE() 
GEOMETRIC_REPRESENTATION_ITEM() RATIONAL_B_SPLINE_CURVE((1.,0.5,1.,0.5,
1.,0.5,1.)) REPRESENTATION_ITEM('') );
#5825 = CARTESIAN_POINT('',(168.65,-46.));
#5826 = CARTESIAN_POINT('',(167.78397459621,-46.));
#5827 = CARTESIAN_POINT('',(168.2169872981,-45.25));
#5828 = CARTESIAN_POINT('',(168.65,-44.5));
#5829 = CARTESIAN_POINT('',(169.08301270189,-45.25));
#5830 = CARTESIAN_POINT('',(169.51602540378,-46.));
#5831 = CARTESIAN_POINT('',(168.65,-46.));
#5832 = ( GEOMETRIC_REPRESENTATION_CONTEXT(2) 
PARAMETRIC_REPRESENTATION_CONTEXT() REPRESENTATION_CONTEXT('2D SPACE',''
  ) );
#5833 = PCURVE('',#2866,#5834);
#5834 = DEFINITIONAL_REPRESENTATION('',(#5835),#5839);
#5835 = LINE('',#5836,#5837);
#5836 = CARTESIAN_POINT('',(0.,-1.556));
#5837 = VECTOR('',#5838,1.);
#5838 = DIRECTION('',(1.,0.));
#5839 = ( GEOMETRIC_REPRESENTATION_CONTEXT(2) 
PARAMETRIC_REPRESENTATION_CONTEXT() REPRESENTATION_CONTEXT('2D SPACE',''
  ) );
#5840 = FACE_BOUND('',#5841,.T.);
#5841 = EDGE_LOOP('',(#5842));
#5842 = ORIENTED_EDGE('',*,*,#5843,.T.);
#5843 = EDGE_CURVE('',#5844,#5844,#5846,.T.);
#5844 = VERTEX_POINT('',#5845);
#5845 = CARTESIAN_POINT('',(93.75,55.75,1.51));
#5846 = SURFACE_CURVE('',#5847,(#5852,#5863),.PCURVE_S1.);
#5847 = CIRCLE('',#5848,0.5);
#5848 = AXIS2_PLACEMENT_3D('',#5849,#5850,#5851);
#5849 = CARTESIAN_POINT('',(93.75,56.25,1.51));
#5850 = DIRECTION('',(-0.,-0.,-1.));
#5851 = DIRECTION('',(0.,-1.,0.));
#5852 = PCURVE('',#150,#5853);
#5853 = DEFINITIONAL_REPRESENTATION('',(#5854),#5862);
#5854 = ( BOUNDED_CURVE() B_SPLINE_CURVE(2,(#5855,#5856,#5857,#5858,
#5859,#5860,#5861),.UNSPECIFIED.,.T.,.F.) B_SPLINE_CURVE_WITH_KNOTS((1,2
    ,2,2,2,1),(-2.094395102393,0.,2.094395102393,4.188790204786,
6.28318530718,8.377580409573),.UNSPECIFIED.) CURVE() 
GEOMETRIC_REPRESENTATION_ITEM() RATIONAL_B_SPLINE_CURVE((1.,0.5,1.,0.5,
1.,0.5,1.)) REPRESENTATION_ITEM('') );
#5855 = CARTESIAN_POINT('',(176.25,-46.));
#5856 = CARTESIAN_POINT('',(175.38397459621,-46.));
#5857 = CARTESIAN_POINT('',(175.8169872981,-45.25));
#5858 = CARTESIAN_POINT('',(176.25,-44.5));
#5859 = CARTESIAN_POINT('',(176.68301270189,-45.25));
#5860 = CARTESIAN_POINT('',(177.11602540378,-46.));
#5861 = CARTESIAN_POINT('',(176.25,-46.));
#5862 = ( GEOMETRIC_REPRESENTATION_CONTEXT(2) 
PARAMETRIC_REPRESENTATION_CONTEXT() REPRESENTATION_CONTEXT('2D SPACE',''
  ) );
#5863 = PCURVE('',#2901,#5864);
#5864 = DEFINITIONAL_REPRESENTATION('',(#5865),#5869);
#5865 = LINE('',#5866,#5867);
#5866 = CARTESIAN_POINT('',(0.,-1.556));
#5867 = VECTOR('',#5868,1.);
#5868 = DIRECTION('',(1.,0.));
#5869 = ( GEOMETRIC_REPRESENTATION_CONTEXT(2) 
PARAMETRIC_REPRESENTATION_CONTEXT() REPRESENTATION_CONTEXT('2D SPACE',''
  ) );
#5870 = FACE_BOUND('',#5871,.T.);
#5871 = EDGE_LOOP('',(#5872));
#5872 = ORIENTED_EDGE('',*,*,#5873,.T.);
#5873 = EDGE_CURVE('',#5874,#5874,#5876,.T.);
#5874 = VERTEX_POINT('',#5875);
#5875 = CARTESIAN_POINT('',(71.85,60.29,1.51));
#5876 = SURFACE_CURVE('',#5877,(#5882,#5893),.PCURVE_S1.);
#5877 = CIRCLE('',#5878,0.75);
#5878 = AXIS2_PLACEMENT_3D('',#5879,#5880,#5881);
#5879 = CARTESIAN_POINT('',(71.85,61.04,1.51));
#5880 = DIRECTION('',(-0.,-0.,-1.));
#5881 = DIRECTION('',(0.,-1.,0.));
#5882 = PCURVE('',#150,#5883);
#5883 = DEFINITIONAL_REPRESENTATION('',(#5884),#5892);
#5884 = ( BOUNDED_CURVE() B_SPLINE_CURVE(2,(#5885,#5886,#5887,#5888,
#5889,#5890,#5891),.UNSPECIFIED.,.T.,.F.) B_SPLINE_CURVE_WITH_KNOTS((1,2
    ,2,2,2,1),(-2.094395102393,0.,2.094395102393,4.188790204786,
6.28318530718,8.377580409573),.UNSPECIFIED.) CURVE() 
GEOMETRIC_REPRESENTATION_ITEM() RATIONAL_B_SPLINE_CURVE((1.,0.5,1.,0.5,
1.,0.5,1.)) REPRESENTATION_ITEM('') );
#5885 = CARTESIAN_POINT('',(154.35,-41.46));
#5886 = CARTESIAN_POINT('',(153.05096189432,-41.46));
#5887 = CARTESIAN_POINT('',(153.70048094716,-40.335));
#5888 = CARTESIAN_POINT('',(154.35,-39.21));
#5889 = CARTESIAN_POINT('',(154.99951905283,-40.335));
#5890 = CARTESIAN_POINT('',(155.64903810567,-41.46));
#5891 = CARTESIAN_POINT('',(154.35,-41.46));
#5892 = ( GEOMETRIC_REPRESENTATION_CONTEXT(2) 
PARAMETRIC_REPRESENTATION_CONTEXT() REPRESENTATION_CONTEXT('2D SPACE',''
  ) );
#5893 = PCURVE('',#2936,#5894);
#5894 = DEFINITIONAL_REPRESENTATION('',(#5895),#5899);
#5895 = LINE('',#5896,#5897);
#5896 = CARTESIAN_POINT('',(0.,-1.556));
#5897 = VECTOR('',#5898,1.);
#5898 = DIRECTION('',(1.,0.));
#5899 = ( GEOMETRIC_REPRESENTATION_CONTEXT(2) 
PARAMETRIC_REPRESENTATION_CONTEXT() REPRESENTATION_CONTEXT('2D SPACE',''
  ) );
#5900 = FACE_BOUND('',#5901,.T.);
#5901 = EDGE_LOOP('',(#5902));
#5902 = ORIENTED_EDGE('',*,*,#5903,.T.);
#5903 = EDGE_CURVE('',#5904,#5904,#5906,.T.);
#5904 = VERTEX_POINT('',#5905);
#5905 = CARTESIAN_POINT('',(86.25,67.,1.51));
#5906 = SURFACE_CURVE('',#5907,(#5912,#5923),.PCURVE_S1.);
#5907 = CIRCLE('',#5908,0.5);
#5908 = AXIS2_PLACEMENT_3D('',#5909,#5910,#5911);
#5909 = CARTESIAN_POINT('',(86.25,67.5,1.51));
#5910 = DIRECTION('',(-0.,-0.,-1.));
#5911 = DIRECTION('',(0.,-1.,0.));
#5912 = PCURVE('',#150,#5913);
#5913 = DEFINITIONAL_REPRESENTATION('',(#5914),#5922);
#5914 = ( BOUNDED_CURVE() B_SPLINE_CURVE(2,(#5915,#5916,#5917,#5918,
#5919,#5920,#5921),.UNSPECIFIED.,.T.,.F.) B_SPLINE_CURVE_WITH_KNOTS((1,2
    ,2,2,2,1),(-2.094395102393,0.,2.094395102393,4.188790204786,
6.28318530718,8.377580409573),.UNSPECIFIED.) CURVE() 
GEOMETRIC_REPRESENTATION_ITEM() RATIONAL_B_SPLINE_CURVE((1.,0.5,1.,0.5,
1.,0.5,1.)) REPRESENTATION_ITEM('') );
#5915 = CARTESIAN_POINT('',(168.75,-34.75));
#5916 = CARTESIAN_POINT('',(167.88397459621,-34.75));
#5917 = CARTESIAN_POINT('',(168.3169872981,-34.));
#5918 = CARTESIAN_POINT('',(168.75,-33.25));
#5919 = CARTESIAN_POINT('',(169.18301270189,-34.));
#5920 = CARTESIAN_POINT('',(169.61602540378,-34.75));
#5921 = CARTESIAN_POINT('',(168.75,-34.75));
#5922 = ( GEOMETRIC_REPRESENTATION_CONTEXT(2) 
PARAMETRIC_REPRESENTATION_CONTEXT() REPRESENTATION_CONTEXT('2D SPACE',''
  ) );
#5923 = PCURVE('',#2971,#5924);
#5924 = DEFINITIONAL_REPRESENTATION('',(#5925),#5929);
#5925 = LINE('',#5926,#5927);
#5926 = CARTESIAN_POINT('',(0.,-1.556));
#5927 = VECTOR('',#5928,1.);
#5928 = DIRECTION('',(1.,0.));
#5929 = ( GEOMETRIC_REPRESENTATION_CONTEXT(2) 
PARAMETRIC_REPRESENTATION_CONTEXT() REPRESENTATION_CONTEXT('2D SPACE',''
  ) );
#5930 = FACE_BOUND('',#5931,.T.);
#5931 = EDGE_LOOP('',(#5932));
#5932 = ORIENTED_EDGE('',*,*,#5933,.T.);
#5933 = EDGE_CURVE('',#5934,#5934,#5936,.T.);
#5934 = VERTEX_POINT('',#5935);
#5935 = CARTESIAN_POINT('',(91.25,67.,1.51));
#5936 = SURFACE_CURVE('',#5937,(#5942,#5953),.PCURVE_S1.);
#5937 = CIRCLE('',#5938,0.5);
#5938 = AXIS2_PLACEMENT_3D('',#5939,#5940,#5941);
#5939 = CARTESIAN_POINT('',(91.25,67.5,1.51));
#5940 = DIRECTION('',(-0.,-0.,-1.));
#5941 = DIRECTION('',(0.,-1.,0.));
#5942 = PCURVE('',#150,#5943);
#5943 = DEFINITIONAL_REPRESENTATION('',(#5944),#5952);
#5944 = ( BOUNDED_CURVE() B_SPLINE_CURVE(2,(#5945,#5946,#5947,#5948,
#5949,#5950,#5951),.UNSPECIFIED.,.T.,.F.) B_SPLINE_CURVE_WITH_KNOTS((1,2
    ,2,2,2,1),(-2.094395102393,0.,2.094395102393,4.188790204786,
6.28318530718,8.377580409573),.UNSPECIFIED.) CURVE() 
GEOMETRIC_REPRESENTATION_ITEM() RATIONAL_B_SPLINE_CURVE((1.,0.5,1.,0.5,
1.,0.5,1.)) REPRESENTATION_ITEM('') );
#5945 = CARTESIAN_POINT('',(173.75,-34.75));
#5946 = CARTESIAN_POINT('',(172.88397459621,-34.75));
#5947 = CARTESIAN_POINT('',(173.3169872981,-34.));
#5948 = CARTESIAN_POINT('',(173.75,-33.25));
#5949 = CARTESIAN_POINT('',(174.18301270189,-34.));
#5950 = CARTESIAN_POINT('',(174.61602540378,-34.75));
#5951 = CARTESIAN_POINT('',(173.75,-34.75));
#5952 = ( GEOMETRIC_REPRESENTATION_CONTEXT(2) 
PARAMETRIC_REPRESENTATION_CONTEXT() REPRESENTATION_CONTEXT('2D SPACE',''
  ) );
#5953 = PCURVE('',#3006,#5954);
#5954 = DEFINITIONAL_REPRESENTATION('',(#5955),#5959);
#5955 = LINE('',#5956,#5957);
#5956 = CARTESIAN_POINT('',(0.,-1.556));
#5957 = VECTOR('',#5958,1.);
#5958 = DIRECTION('',(1.,0.));
#5959 = ( GEOMETRIC_REPRESENTATION_CONTEXT(2) 
PARAMETRIC_REPRESENTATION_CONTEXT() REPRESENTATION_CONTEXT('2D SPACE',''
  ) );
#5960 = FACE_BOUND('',#5961,.T.);
#5961 = EDGE_LOOP('',(#5962));
#5962 = ORIENTED_EDGE('',*,*,#5963,.T.);
#5963 = EDGE_CURVE('',#5964,#5964,#5966,.T.);
#5964 = VERTEX_POINT('',#5965);
#5965 = CARTESIAN_POINT('',(50.04,73.25,1.51));
#5966 = SURFACE_CURVE('',#5967,(#5972,#5983),.PCURVE_S1.);
#5967 = CIRCLE('',#5968,2.);
#5968 = AXIS2_PLACEMENT_3D('',#5969,#5970,#5971);
#5969 = CARTESIAN_POINT('',(50.04,75.25,1.51));
#5970 = DIRECTION('',(-0.,-0.,-1.));
#5971 = DIRECTION('',(0.,-1.,0.));
#5972 = PCURVE('',#150,#5973);
#5973 = DEFINITIONAL_REPRESENTATION('',(#5974),#5982);
#5974 = ( BOUNDED_CURVE() B_SPLINE_CURVE(2,(#5975,#5976,#5977,#5978,
#5979,#5980,#5981),.UNSPECIFIED.,.T.,.F.) B_SPLINE_CURVE_WITH_KNOTS((1,2
    ,2,2,2,1),(-2.094395102393,0.,2.094395102393,4.188790204786,
6.28318530718,8.377580409573),.UNSPECIFIED.) CURVE() 
GEOMETRIC_REPRESENTATION_ITEM() RATIONAL_B_SPLINE_CURVE((1.,0.5,1.,0.5,
1.,0.5,1.)) REPRESENTATION_ITEM('') );
#5975 = CARTESIAN_POINT('',(132.54,-28.5));
#5976 = CARTESIAN_POINT('',(129.07589838486,-28.5));
#5977 = CARTESIAN_POINT('',(130.80794919243,-25.5));
#5978 = CARTESIAN_POINT('',(132.54,-22.5));
#5979 = CARTESIAN_POINT('',(134.27205080756,-25.5));
#5980 = CARTESIAN_POINT('',(136.00410161513,-28.5));
#5981 = CARTESIAN_POINT('',(132.54,-28.5));
#5982 = ( GEOMETRIC_REPRESENTATION_CONTEXT(2) 
PARAMETRIC_REPRESENTATION_CONTEXT() REPRESENTATION_CONTEXT('2D SPACE',''
  ) );
#5983 = PCURVE('',#3041,#5984);
#5984 = DEFINITIONAL_REPRESENTATION('',(#5985),#5989);
#5985 = LINE('',#5986,#5987);
#5986 = CARTESIAN_POINT('',(0.,-1.556));
#5987 = VECTOR('',#5988,1.);
#5988 = DIRECTION('',(1.,0.));
#5989 = ( GEOMETRIC_REPRESENTATION_CONTEXT(2) 
PARAMETRIC_REPRESENTATION_CONTEXT() REPRESENTATION_CONTEXT('2D SPACE',''
  ) );
#5990 = FACE_BOUND('',#5991,.T.);
#5991 = EDGE_LOOP('',(#5992));
#5992 = ORIENTED_EDGE('',*,*,#5993,.T.);
#5993 = EDGE_CURVE('',#5994,#5994,#5996,.T.);
#5994 = VERTEX_POINT('',#5995);
#5995 = CARTESIAN_POINT('',(55.12,74.4,1.51));
#5996 = SURFACE_CURVE('',#5997,(#6002,#6013),.PCURVE_S1.);
#5997 = CIRCLE('',#5998,0.85);
#5998 = AXIS2_PLACEMENT_3D('',#5999,#6000,#6001);
#5999 = CARTESIAN_POINT('',(55.12,75.25,1.51));
#6000 = DIRECTION('',(-0.,-0.,-1.));
#6001 = DIRECTION('',(0.,-1.,0.));
#6002 = PCURVE('',#150,#6003);
#6003 = DEFINITIONAL_REPRESENTATION('',(#6004),#6012);
#6004 = ( BOUNDED_CURVE() B_SPLINE_CURVE(2,(#6005,#6006,#6007,#6008,
#6009,#6010,#6011),.UNSPECIFIED.,.T.,.F.) B_SPLINE_CURVE_WITH_KNOTS((1,2
    ,2,2,2,1),(-2.094395102393,0.,2.094395102393,4.188790204786,
6.28318530718,8.377580409573),.UNSPECIFIED.) CURVE() 
GEOMETRIC_REPRESENTATION_ITEM() RATIONAL_B_SPLINE_CURVE((1.,0.5,1.,0.5,
1.,0.5,1.)) REPRESENTATION_ITEM('') );
#6005 = CARTESIAN_POINT('',(137.62,-27.35));
#6006 = CARTESIAN_POINT('',(136.14775681356,-27.35));
#6007 = CARTESIAN_POINT('',(136.88387840678,-26.075));
#6008 = CARTESIAN_POINT('',(137.62,-24.8));
#6009 = CARTESIAN_POINT('',(138.35612159321,-26.075));
#6010 = CARTESIAN_POINT('',(139.09224318643,-27.35));
#6011 = CARTESIAN_POINT('',(137.62,-27.35));
#6012 = ( GEOMETRIC_REPRESENTATION_CONTEXT(2) 
PARAMETRIC_REPRESENTATION_CONTEXT() REPRESENTATION_CONTEXT('2D SPACE',''
  ) );
#6013 = PCURVE('',#3076,#6014);
#6014 = DEFINITIONAL_REPRESENTATION('',(#6015),#6019);
#6015 = LINE('',#6016,#6017);
#6016 = CARTESIAN_POINT('',(0.,-1.556));
#6017 = VECTOR('',#6018,1.);
#6018 = DIRECTION('',(1.,0.));
#6019 = ( GEOMETRIC_REPRESENTATION_CONTEXT(2) 
PARAMETRIC_REPRESENTATION_CONTEXT() REPRESENTATION_CONTEXT('2D SPACE',''
  ) );
#6020 = FACE_BOUND('',#6021,.T.);
#6021 = EDGE_LOOP('',(#6022));
#6022 = ORIENTED_EDGE('',*,*,#6023,.T.);
#6023 = EDGE_CURVE('',#6024,#6024,#6026,.T.);
#6024 = VERTEX_POINT('',#6025);
#6025 = CARTESIAN_POINT('',(64.25,74.4,1.51));
#6026 = SURFACE_CURVE('',#6027,(#6032,#6043),.PCURVE_S1.);
#6027 = CIRCLE('',#6028,0.85);
#6028 = AXIS2_PLACEMENT_3D('',#6029,#6030,#6031);
#6029 = CARTESIAN_POINT('',(64.25,75.25,1.51));
#6030 = DIRECTION('',(-0.,-0.,-1.));
#6031 = DIRECTION('',(0.,-1.,0.));
#6032 = PCURVE('',#150,#6033);
#6033 = DEFINITIONAL_REPRESENTATION('',(#6034),#6042);
#6034 = ( BOUNDED_CURVE() B_SPLINE_CURVE(2,(#6035,#6036,#6037,#6038,
#6039,#6040,#6041),.UNSPECIFIED.,.T.,.F.) B_SPLINE_CURVE_WITH_KNOTS((1,2
    ,2,2,2,1),(-2.094395102393,0.,2.094395102393,4.188790204786,
6.28318530718,8.377580409573),.UNSPECIFIED.) CURVE() 
GEOMETRIC_REPRESENTATION_ITEM() RATIONAL_B_SPLINE_CURVE((1.,0.5,1.,0.5,
1.,0.5,1.)) REPRESENTATION_ITEM('') );
#6035 = CARTESIAN_POINT('',(146.75,-27.35));
#6036 = CARTESIAN_POINT('',(145.27775681356,-27.35));
#6037 = CARTESIAN_POINT('',(146.01387840678,-26.075));
#6038 = CARTESIAN_POINT('',(146.75,-24.8));
#6039 = CARTESIAN_POINT('',(147.48612159321,-26.075));
#6040 = CARTESIAN_POINT('',(148.22224318643,-27.35));
#6041 = CARTESIAN_POINT('',(146.75,-27.35));
#6042 = ( GEOMETRIC_REPRESENTATION_CONTEXT(2) 
PARAMETRIC_REPRESENTATION_CONTEXT() REPRESENTATION_CONTEXT('2D SPACE',''
  ) );
#6043 = PCURVE('',#3111,#6044);
#6044 = DEFINITIONAL_REPRESENTATION('',(#6045),#6049);
#6045 = LINE('',#6046,#6047);
#6046 = CARTESIAN_POINT('',(0.,-1.556));
#6047 = VECTOR('',#6048,1.);
#6048 = DIRECTION('',(1.,0.));
#6049 = ( GEOMETRIC_REPRESENTATION_CONTEXT(2) 
PARAMETRIC_REPRESENTATION_CONTEXT() REPRESENTATION_CONTEXT('2D SPACE',''
  ) );
#6050 = FACE_BOUND('',#6051,.T.);
#6051 = EDGE_LOOP('',(#6052));
#6052 = ORIENTED_EDGE('',*,*,#6053,.T.);
#6053 = EDGE_CURVE('',#6054,#6054,#6056,.T.);
#6054 = VERTEX_POINT('',#6055);
#6055 = CARTESIAN_POINT('',(65.52,77.04,1.51));
#6056 = SURFACE_CURVE('',#6057,(#6062,#6073),.PCURVE_S1.);
#6057 = CIRCLE('',#6058,0.75);
#6058 = AXIS2_PLACEMENT_3D('',#6059,#6060,#6061);
#6059 = CARTESIAN_POINT('',(65.52,77.79,1.51));
#6060 = DIRECTION('',(-0.,-0.,-1.));
#6061 = DIRECTION('',(0.,-1.,0.));
#6062 = PCURVE('',#150,#6063);
#6063 = DEFINITIONAL_REPRESENTATION('',(#6064),#6072);
#6064 = ( BOUNDED_CURVE() B_SPLINE_CURVE(2,(#6065,#6066,#6067,#6068,
#6069,#6070,#6071),.UNSPECIFIED.,.T.,.F.) B_SPLINE_CURVE_WITH_KNOTS((1,2
    ,2,2,2,1),(-2.094395102393,0.,2.094395102393,4.188790204786,
6.28318530718,8.377580409573),.UNSPECIFIED.) CURVE() 
GEOMETRIC_REPRESENTATION_ITEM() RATIONAL_B_SPLINE_CURVE((1.,0.5,1.,0.5,
1.,0.5,1.)) REPRESENTATION_ITEM('') );
#6065 = CARTESIAN_POINT('',(148.02,-24.71));
#6066 = CARTESIAN_POINT('',(146.72096189432,-24.71));
#6067 = CARTESIAN_POINT('',(147.37048094716,-23.585));
#6068 = CARTESIAN_POINT('',(148.02,-22.46));
#6069 = CARTESIAN_POINT('',(148.66951905283,-23.585));
#6070 = CARTESIAN_POINT('',(149.31903810567,-24.71));
#6071 = CARTESIAN_POINT('',(148.02,-24.71));
#6072 = ( GEOMETRIC_REPRESENTATION_CONTEXT(2) 
PARAMETRIC_REPRESENTATION_CONTEXT() REPRESENTATION_CONTEXT('2D SPACE',''
  ) );
#6073 = PCURVE('',#3146,#6074);
#6074 = DEFINITIONAL_REPRESENTATION('',(#6075),#6079);
#6075 = LINE('',#6076,#6077);
#6076 = CARTESIAN_POINT('',(0.,-1.556));
#6077 = VECTOR('',#6078,1.);
#6078 = DIRECTION('',(1.,0.));
#6079 = ( GEOMETRIC_REPRESENTATION_CONTEXT(2) 
PARAMETRIC_REPRESENTATION_CONTEXT() REPRESENTATION_CONTEXT('2D SPACE',''
  ) );
#6080 = FACE_BOUND('',#6081,.T.);
#6081 = EDGE_LOOP('',(#6082));
#6082 = ORIENTED_EDGE('',*,*,#6083,.T.);
#6083 = EDGE_CURVE('',#6084,#6084,#6086,.T.);
#6084 = VERTEX_POINT('',#6085);
#6085 = CARTESIAN_POINT('',(69.33,73.25,1.51));
#6086 = SURFACE_CURVE('',#6087,(#6092,#6103),.PCURVE_S1.);
#6087 = CIRCLE('',#6088,2.);
#6088 = AXIS2_PLACEMENT_3D('',#6089,#6090,#6091);
#6089 = CARTESIAN_POINT('',(69.33,75.25,1.51));
#6090 = DIRECTION('',(-0.,-0.,-1.));
#6091 = DIRECTION('',(0.,-1.,0.));
#6092 = PCURVE('',#150,#6093);
#6093 = DEFINITIONAL_REPRESENTATION('',(#6094),#6102);
#6094 = ( BOUNDED_CURVE() B_SPLINE_CURVE(2,(#6095,#6096,#6097,#6098,
#6099,#6100,#6101),.UNSPECIFIED.,.T.,.F.) B_SPLINE_CURVE_WITH_KNOTS((1,2
    ,2,2,2,1),(-2.094395102393,0.,2.094395102393,4.188790204786,
6.28318530718,8.377580409573),.UNSPECIFIED.) CURVE() 
GEOMETRIC_REPRESENTATION_ITEM() RATIONAL_B_SPLINE_CURVE((1.,0.5,1.,0.5,
1.,0.5,1.)) REPRESENTATION_ITEM('') );
#6095 = CARTESIAN_POINT('',(151.83,-28.5));
#6096 = CARTESIAN_POINT('',(148.36589838486,-28.5));
#6097 = CARTESIAN_POINT('',(150.09794919243,-25.5));
#6098 = CARTESIAN_POINT('',(151.83,-22.5));
#6099 = CARTESIAN_POINT('',(153.56205080756,-25.5));
#6100 = CARTESIAN_POINT('',(155.29410161513,-28.5));
#6101 = CARTESIAN_POINT('',(151.83,-28.5));
#6102 = ( GEOMETRIC_REPRESENTATION_CONTEXT(2) 
PARAMETRIC_REPRESENTATION_CONTEXT() REPRESENTATION_CONTEXT('2D SPACE',''
  ) );
#6103 = PCURVE('',#3181,#6104);
#6104 = DEFINITIONAL_REPRESENTATION('',(#6105),#6109);
#6105 = LINE('',#6106,#6107);
#6106 = CARTESIAN_POINT('',(0.,-1.556));
#6107 = VECTOR('',#6108,1.);
#6108 = DIRECTION('',(1.,0.));
#6109 = ( GEOMETRIC_REPRESENTATION_CONTEXT(2) 
PARAMETRIC_REPRESENTATION_CONTEXT() REPRESENTATION_CONTEXT('2D SPACE',''
  ) );
#6110 = FACE_BOUND('',#6111,.T.);
#6111 = EDGE_LOOP('',(#6112));
#6112 = ORIENTED_EDGE('',*,*,#6113,.T.);
#6113 = EDGE_CURVE('',#6114,#6114,#6116,.T.);
#6114 = VERTEX_POINT('',#6115);
#6115 = CARTESIAN_POINT('',(52.58,79.58,1.51));
#6116 = SURFACE_CURVE('',#6117,(#6122,#6133),.PCURVE_S1.);
#6117 = CIRCLE('',#6118,0.75);
#6118 = AXIS2_PLACEMENT_3D('',#6119,#6120,#6121);
#6119 = CARTESIAN_POINT('',(52.58,80.33,1.51));
#6120 = DIRECTION('',(-0.,-0.,-1.));
#6121 = DIRECTION('',(0.,-1.,0.));
#6122 = PCURVE('',#150,#6123);
#6123 = DEFINITIONAL_REPRESENTATION('',(#6124),#6132);
#6124 = ( BOUNDED_CURVE() B_SPLINE_CURVE(2,(#6125,#6126,#6127,#6128,
#6129,#6130,#6131),.UNSPECIFIED.,.T.,.F.) B_SPLINE_CURVE_WITH_KNOTS((1,2
    ,2,2,2,1),(-2.094395102393,0.,2.094395102393,4.188790204786,
6.28318530718,8.377580409573),.UNSPECIFIED.) CURVE() 
GEOMETRIC_REPRESENTATION_ITEM() RATIONAL_B_SPLINE_CURVE((1.,0.5,1.,0.5,
1.,0.5,1.)) REPRESENTATION_ITEM('') );
#6125 = CARTESIAN_POINT('',(135.08,-22.17));
#6126 = CARTESIAN_POINT('',(133.78096189432,-22.17));
#6127 = CARTESIAN_POINT('',(134.43048094716,-21.045));
#6128 = CARTESIAN_POINT('',(135.08,-19.92));
#6129 = CARTESIAN_POINT('',(135.72951905283,-21.045));
#6130 = CARTESIAN_POINT('',(136.37903810567,-22.17));
#6131 = CARTESIAN_POINT('',(135.08,-22.17));
#6132 = ( GEOMETRIC_REPRESENTATION_CONTEXT(2) 
PARAMETRIC_REPRESENTATION_CONTEXT() REPRESENTATION_CONTEXT('2D SPACE',''
  ) );
#6133 = PCURVE('',#3216,#6134);
#6134 = DEFINITIONAL_REPRESENTATION('',(#6135),#6139);
#6135 = LINE('',#6136,#6137);
#6136 = CARTESIAN_POINT('',(0.,-1.556));
#6137 = VECTOR('',#6138,1.);
#6138 = DIRECTION('',(1.,0.));
#6139 = ( GEOMETRIC_REPRESENTATION_CONTEXT(2) 
PARAMETRIC_REPRESENTATION_CONTEXT() REPRESENTATION_CONTEXT('2D SPACE',''
  ) );
#6140 = FACE_BOUND('',#6141,.T.);
#6141 = EDGE_LOOP('',(#6142));
#6142 = ORIENTED_EDGE('',*,*,#6143,.T.);
#6143 = EDGE_CURVE('',#6144,#6144,#6146,.T.);
#6144 = VERTEX_POINT('',#6145);
#6145 = CARTESIAN_POINT('',(74.41,74.4,1.51));
#6146 = SURFACE_CURVE('',#6147,(#6152,#6163),.PCURVE_S1.);
#6147 = CIRCLE('',#6148,0.85);
#6148 = AXIS2_PLACEMENT_3D('',#6149,#6150,#6151);
#6149 = CARTESIAN_POINT('',(74.41,75.25,1.51));
#6150 = DIRECTION('',(-0.,-0.,-1.));
#6151 = DIRECTION('',(0.,-1.,0.));
#6152 = PCURVE('',#150,#6153);
#6153 = DEFINITIONAL_REPRESENTATION('',(#6154),#6162);
#6154 = ( BOUNDED_CURVE() B_SPLINE_CURVE(2,(#6155,#6156,#6157,#6158,
#6159,#6160,#6161),.UNSPECIFIED.,.T.,.F.) B_SPLINE_CURVE_WITH_KNOTS((1,2
    ,2,2,2,1),(-2.094395102393,0.,2.094395102393,4.188790204786,
6.28318530718,8.377580409573),.UNSPECIFIED.) CURVE() 
GEOMETRIC_REPRESENTATION_ITEM() RATIONAL_B_SPLINE_CURVE((1.,0.5,1.,0.5,
1.,0.5,1.)) REPRESENTATION_ITEM('') );
#6155 = CARTESIAN_POINT('',(156.91,-27.35));
#6156 = CARTESIAN_POINT('',(155.43775681356,-27.35));
#6157 = CARTESIAN_POINT('',(156.17387840678,-26.075));
#6158 = CARTESIAN_POINT('',(156.91,-24.8));
#6159 = CARTESIAN_POINT('',(157.64612159321,-26.075));
#6160 = CARTESIAN_POINT('',(158.38224318643,-27.35));
#6161 = CARTESIAN_POINT('',(156.91,-27.35));
#6162 = ( GEOMETRIC_REPRESENTATION_CONTEXT(2) 
PARAMETRIC_REPRESENTATION_CONTEXT() REPRESENTATION_CONTEXT('2D SPACE',''
  ) );
#6163 = PCURVE('',#3251,#6164);
#6164 = DEFINITIONAL_REPRESENTATION('',(#6165),#6169);
#6165 = LINE('',#6166,#6167);
#6166 = CARTESIAN_POINT('',(0.,-1.556));
#6167 = VECTOR('',#6168,1.);
#6168 = DIRECTION('',(1.,0.));
#6169 = ( GEOMETRIC_REPRESENTATION_CONTEXT(2) 
PARAMETRIC_REPRESENTATION_CONTEXT() REPRESENTATION_CONTEXT('2D SPACE',''
  ) );
#6170 = FACE_BOUND('',#6171,.T.);
#6171 = EDGE_LOOP('',(#6172,#6202,#6225,#6253));
#6172 = ORIENTED_EDGE('',*,*,#6173,.T.);
#6173 = EDGE_CURVE('',#6174,#6176,#6178,.T.);
#6174 = VERTEX_POINT('',#6175);
#6175 = CARTESIAN_POINT('',(83.9,73.85,1.51));
#6176 = VERTEX_POINT('',#6177);
#6177 = CARTESIAN_POINT('',(82.4,73.85,1.51));
#6178 = SURFACE_CURVE('',#6179,(#6184,#6195),.PCURVE_S1.);
#6179 = CIRCLE('',#6180,0.75);
#6180 = AXIS2_PLACEMENT_3D('',#6181,#6182,#6183);
#6181 = CARTESIAN_POINT('',(83.15,73.85,1.51));
#6182 = DIRECTION('',(0.,0.,-1.));
#6183 = DIRECTION('',(-1.,0.,0.));
#6184 = PCURVE('',#150,#6185);
#6185 = DEFINITIONAL_REPRESENTATION('',(#6186),#6194);
#6186 = ( BOUNDED_CURVE() B_SPLINE_CURVE(2,(#6187,#6188,#6189,#6190,
#6191,#6192,#6193),.UNSPECIFIED.,.T.,.F.) B_SPLINE_CURVE_WITH_KNOTS((1,2
    ,2,2,2,1),(-2.094395102393,0.,2.094395102393,4.188790204786,
6.28318530718,8.377580409573),.UNSPECIFIED.) CURVE() 
GEOMETRIC_REPRESENTATION_ITEM() RATIONAL_B_SPLINE_CURVE((1.,0.5,1.,0.5,
1.,0.5,1.)) REPRESENTATION_ITEM('') );
#6187 = CARTESIAN_POINT('',(164.9,-27.9));
#6188 = CARTESIAN_POINT('',(164.9,-26.60096189432));
#6189 = CARTESIAN_POINT('',(166.025,-27.25048094716));
#6190 = CARTESIAN_POINT('',(167.15,-27.9));
#6191 = CARTESIAN_POINT('',(166.025,-28.54951905283));
#6192 = CARTESIAN_POINT('',(164.9,-29.19903810567));
#6193 = CARTESIAN_POINT('',(164.9,-27.9));
#6194 = ( GEOMETRIC_REPRESENTATION_CONTEXT(2) 
PARAMETRIC_REPRESENTATION_CONTEXT() REPRESENTATION_CONTEXT('2D SPACE',''
  ) );
#6195 = PCURVE('',#3288,#6196);
#6196 = DEFINITIONAL_REPRESENTATION('',(#6197),#6201);
#6197 = LINE('',#6198,#6199);
#6198 = CARTESIAN_POINT('',(0.,-1.556));
#6199 = VECTOR('',#6200,1.);
#6200 = DIRECTION('',(1.,0.));
#6201 = ( GEOMETRIC_REPRESENTATION_CONTEXT(2) 
PARAMETRIC_REPRESENTATION_CONTEXT() REPRESENTATION_CONTEXT('2D SPACE',''
  ) );
#6202 = ORIENTED_EDGE('',*,*,#6203,.T.);
#6203 = EDGE_CURVE('',#6176,#6204,#6206,.T.);
#6204 = VERTEX_POINT('',#6205);
#6205 = CARTESIAN_POINT('',(82.4,75.15,1.51));
#6206 = SURFACE_CURVE('',#6207,(#6211,#6218),.PCURVE_S1.);
#6207 = LINE('',#6208,#6209);
#6208 = CARTESIAN_POINT('',(82.4,88.45,1.51));
#6209 = VECTOR('',#6210,1.);
#6210 = DIRECTION('',(0.,1.,0.));
#6211 = PCURVE('',#150,#6212);
#6212 = DEFINITIONAL_REPRESENTATION('',(#6213),#6217);
#6213 = LINE('',#6214,#6215);
#6214 = CARTESIAN_POINT('',(164.9,-13.3));
#6215 = VECTOR('',#6216,1.);
#6216 = DIRECTION('',(0.,1.));
#6217 = ( GEOMETRIC_REPRESENTATION_CONTEXT(2) 
PARAMETRIC_REPRESENTATION_CONTEXT() REPRESENTATION_CONTEXT('2D SPACE',''
  ) );
#6218 = PCURVE('',#3316,#6219);
#6219 = DEFINITIONAL_REPRESENTATION('',(#6220),#6224);
#6220 = LINE('',#6221,#6222);
#6221 = CARTESIAN_POINT('',(-13.3,-1.556));
#6222 = VECTOR('',#6223,1.);
#6223 = DIRECTION('',(-1.,0.));
#6224 = ( GEOMETRIC_REPRESENTATION_CONTEXT(2) 
PARAMETRIC_REPRESENTATION_CONTEXT() REPRESENTATION_CONTEXT('2D SPACE',''
  ) );
#6225 = ORIENTED_EDGE('',*,*,#6226,.T.);
#6226 = EDGE_CURVE('',#6204,#6227,#6229,.T.);
#6227 = VERTEX_POINT('',#6228);
#6228 = CARTESIAN_POINT('',(83.9,75.15,1.51));
#6229 = SURFACE_CURVE('',#6230,(#6235,#6246),.PCURVE_S1.);
#6230 = CIRCLE('',#6231,0.75);
#6231 = AXIS2_PLACEMENT_3D('',#6232,#6233,#6234);
#6232 = CARTESIAN_POINT('',(83.15,75.15,1.51));
#6233 = DIRECTION('',(0.,0.,-1.));
#6234 = DIRECTION('',(1.,0.,0.));
#6235 = PCURVE('',#150,#6236);
#6236 = DEFINITIONAL_REPRESENTATION('',(#6237),#6245);
#6237 = ( BOUNDED_CURVE() B_SPLINE_CURVE(2,(#6238,#6239,#6240,#6241,
#6242,#6243,#6244),.UNSPECIFIED.,.T.,.F.) B_SPLINE_CURVE_WITH_KNOTS((1,2
    ,2,2,2,1),(-2.094395102393,0.,2.094395102393,4.188790204786,
6.28318530718,8.377580409573),.UNSPECIFIED.) CURVE() 
GEOMETRIC_REPRESENTATION_ITEM() RATIONAL_B_SPLINE_CURVE((1.,0.5,1.,0.5,
1.,0.5,1.)) REPRESENTATION_ITEM('') );
#6238 = CARTESIAN_POINT('',(166.4,-26.6));
#6239 = CARTESIAN_POINT('',(166.4,-27.89903810567));
#6240 = CARTESIAN_POINT('',(165.275,-27.24951905283));
#6241 = CARTESIAN_POINT('',(164.15,-26.6));
#6242 = CARTESIAN_POINT('',(165.275,-25.95048094716));
#6243 = CARTESIAN_POINT('',(166.4,-25.30096189432));
#6244 = CARTESIAN_POINT('',(166.4,-26.6));
#6245 = ( GEOMETRIC_REPRESENTATION_CONTEXT(2) 
PARAMETRIC_REPRESENTATION_CONTEXT() REPRESENTATION_CONTEXT('2D SPACE',''
  ) );
#6246 = PCURVE('',#3349,#6247);
#6247 = DEFINITIONAL_REPRESENTATION('',(#6248),#6252);
#6248 = LINE('',#6249,#6250);
#6249 = CARTESIAN_POINT('',(0.,-1.556));
#6250 = VECTOR('',#6251,1.);
#6251 = DIRECTION('',(1.,0.));
#6252 = ( GEOMETRIC_REPRESENTATION_CONTEXT(2) 
PARAMETRIC_REPRESENTATION_CONTEXT() REPRESENTATION_CONTEXT('2D SPACE',''
  ) );
#6253 = ORIENTED_EDGE('',*,*,#6254,.T.);
#6254 = EDGE_CURVE('',#6227,#6174,#6255,.T.);
#6255 = SURFACE_CURVE('',#6256,(#6260,#6267),.PCURVE_S1.);
#6256 = LINE('',#6257,#6258);
#6257 = CARTESIAN_POINT('',(83.9,87.8,1.51));
#6258 = VECTOR('',#6259,1.);
#6259 = DIRECTION('',(0.,-1.,0.));
#6260 = PCURVE('',#150,#6261);
#6261 = DEFINITIONAL_REPRESENTATION('',(#6262),#6266);
#6262 = LINE('',#6263,#6264);
#6263 = CARTESIAN_POINT('',(166.4,-13.95));
#6264 = VECTOR('',#6265,1.);
#6265 = DIRECTION('',(0.,-1.));
#6266 = ( GEOMETRIC_REPRESENTATION_CONTEXT(2) 
PARAMETRIC_REPRESENTATION_CONTEXT() REPRESENTATION_CONTEXT('2D SPACE',''
  ) );
#6267 = PCURVE('',#3375,#6268);
#6268 = DEFINITIONAL_REPRESENTATION('',(#6269),#6273);
#6269 = LINE('',#6270,#6271);
#6270 = CARTESIAN_POINT('',(13.95,-1.556));
#6271 = VECTOR('',#6272,1.);
#6272 = DIRECTION('',(-1.,0.));
#6273 = ( GEOMETRIC_REPRESENTATION_CONTEXT(2) 
PARAMETRIC_REPRESENTATION_CONTEXT() REPRESENTATION_CONTEXT('2D SPACE',''
  ) );
#6274 = FACE_BOUND('',#6275,.T.);
#6275 = EDGE_LOOP('',(#6276,#6306,#6329,#6357));
#6276 = ORIENTED_EDGE('',*,*,#6277,.T.);
#6277 = EDGE_CURVE('',#6278,#6280,#6282,.T.);
#6278 = VERTEX_POINT('',#6279);
#6279 = CARTESIAN_POINT('',(95.1,73.85,1.51));
#6280 = VERTEX_POINT('',#6281);
#6281 = CARTESIAN_POINT('',(93.6,73.85,1.51));
#6282 = SURFACE_CURVE('',#6283,(#6288,#6299),.PCURVE_S1.);
#6283 = CIRCLE('',#6284,0.75);
#6284 = AXIS2_PLACEMENT_3D('',#6285,#6286,#6287);
#6285 = CARTESIAN_POINT('',(94.35,73.85,1.51));
#6286 = DIRECTION('',(0.,0.,-1.));
#6287 = DIRECTION('',(-1.,0.,0.));
#6288 = PCURVE('',#150,#6289);
#6289 = DEFINITIONAL_REPRESENTATION('',(#6290),#6298);
#6290 = ( BOUNDED_CURVE() B_SPLINE_CURVE(2,(#6291,#6292,#6293,#6294,
#6295,#6296,#6297),.UNSPECIFIED.,.T.,.F.) B_SPLINE_CURVE_WITH_KNOTS((1,2
    ,2,2,2,1),(-2.094395102393,0.,2.094395102393,4.188790204786,
6.28318530718,8.377580409573),.UNSPECIFIED.) CURVE() 
GEOMETRIC_REPRESENTATION_ITEM() RATIONAL_B_SPLINE_CURVE((1.,0.5,1.,0.5,
1.,0.5,1.)) REPRESENTATION_ITEM('') );
#6291 = CARTESIAN_POINT('',(176.1,-27.9));
#6292 = CARTESIAN_POINT('',(176.1,-26.60096189432));
#6293 = CARTESIAN_POINT('',(177.225,-27.25048094716));
#6294 = CARTESIAN_POINT('',(178.35,-27.9));
#6295 = CARTESIAN_POINT('',(177.225,-28.54951905283));
#6296 = CARTESIAN_POINT('',(176.1,-29.19903810567));
#6297 = CARTESIAN_POINT('',(176.1,-27.9));
#6298 = ( GEOMETRIC_REPRESENTATION_CONTEXT(2) 
PARAMETRIC_REPRESENTATION_CONTEXT() REPRESENTATION_CONTEXT('2D SPACE',''
  ) );
#6299 = PCURVE('',#3412,#6300);
#6300 = DEFINITIONAL_REPRESENTATION('',(#6301),#6305);
#6301 = LINE('',#6302,#6303);
#6302 = CARTESIAN_POINT('',(0.,-1.556));
#6303 = VECTOR('',#6304,1.);
#6304 = DIRECTION('',(1.,0.));
#6305 = ( GEOMETRIC_REPRESENTATION_CONTEXT(2) 
PARAMETRIC_REPRESENTATION_CONTEXT() REPRESENTATION_CONTEXT('2D SPACE',''
  ) );
#6306 = ORIENTED_EDGE('',*,*,#6307,.T.);
#6307 = EDGE_CURVE('',#6280,#6308,#6310,.T.);
#6308 = VERTEX_POINT('',#6309);
#6309 = CARTESIAN_POINT('',(93.6,75.15,1.51));
#6310 = SURFACE_CURVE('',#6311,(#6315,#6322),.PCURVE_S1.);
#6311 = LINE('',#6312,#6313);
#6312 = CARTESIAN_POINT('',(93.6,88.45,1.51));
#6313 = VECTOR('',#6314,1.);
#6314 = DIRECTION('',(0.,1.,0.));
#6315 = PCURVE('',#150,#6316);
#6316 = DEFINITIONAL_REPRESENTATION('',(#6317),#6321);
#6317 = LINE('',#6318,#6319);
#6318 = CARTESIAN_POINT('',(176.1,-13.3));
#6319 = VECTOR('',#6320,1.);
#6320 = DIRECTION('',(0.,1.));
#6321 = ( GEOMETRIC_REPRESENTATION_CONTEXT(2) 
PARAMETRIC_REPRESENTATION_CONTEXT() REPRESENTATION_CONTEXT('2D SPACE',''
  ) );
#6322 = PCURVE('',#3440,#6323);
#6323 = DEFINITIONAL_REPRESENTATION('',(#6324),#6328);
#6324 = LINE('',#6325,#6326);
#6325 = CARTESIAN_POINT('',(-13.3,-1.556));
#6326 = VECTOR('',#6327,1.);
#6327 = DIRECTION('',(-1.,0.));
#6328 = ( GEOMETRIC_REPRESENTATION_CONTEXT(2) 
PARAMETRIC_REPRESENTATION_CONTEXT() REPRESENTATION_CONTEXT('2D SPACE',''
  ) );
#6329 = ORIENTED_EDGE('',*,*,#6330,.T.);
#6330 = EDGE_CURVE('',#6308,#6331,#6333,.T.);
#6331 = VERTEX_POINT('',#6332);
#6332 = CARTESIAN_POINT('',(95.1,75.15,1.51));
#6333 = SURFACE_CURVE('',#6334,(#6339,#6350),.PCURVE_S1.);
#6334 = CIRCLE('',#6335,0.75);
#6335 = AXIS2_PLACEMENT_3D('',#6336,#6337,#6338);
#6336 = CARTESIAN_POINT('',(94.35,75.15,1.51));
#6337 = DIRECTION('',(0.,0.,-1.));
#6338 = DIRECTION('',(1.,0.,0.));
#6339 = PCURVE('',#150,#6340);
#6340 = DEFINITIONAL_REPRESENTATION('',(#6341),#6349);
#6341 = ( BOUNDED_CURVE() B_SPLINE_CURVE(2,(#6342,#6343,#6344,#6345,
#6346,#6347,#6348),.UNSPECIFIED.,.T.,.F.) B_SPLINE_CURVE_WITH_KNOTS((1,2
    ,2,2,2,1),(-2.094395102393,0.,2.094395102393,4.188790204786,
6.28318530718,8.377580409573),.UNSPECIFIED.) CURVE() 
GEOMETRIC_REPRESENTATION_ITEM() RATIONAL_B_SPLINE_CURVE((1.,0.5,1.,0.5,
1.,0.5,1.)) REPRESENTATION_ITEM('') );
#6342 = CARTESIAN_POINT('',(177.6,-26.6));
#6343 = CARTESIAN_POINT('',(177.6,-27.89903810567));
#6344 = CARTESIAN_POINT('',(176.475,-27.24951905283));
#6345 = CARTESIAN_POINT('',(175.35,-26.6));
#6346 = CARTESIAN_POINT('',(176.475,-25.95048094716));
#6347 = CARTESIAN_POINT('',(177.6,-25.30096189432));
#6348 = CARTESIAN_POINT('',(177.6,-26.6));
#6349 = ( GEOMETRIC_REPRESENTATION_CONTEXT(2) 
PARAMETRIC_REPRESENTATION_CONTEXT() REPRESENTATION_CONTEXT('2D SPACE',''
  ) );
#6350 = PCURVE('',#3473,#6351);
#6351 = DEFINITIONAL_REPRESENTATION('',(#6352),#6356);
#6352 = LINE('',#6353,#6354);
#6353 = CARTESIAN_POINT('',(0.,-1.556));
#6354 = VECTOR('',#6355,1.);
#6355 = DIRECTION('',(1.,0.));
#6356 = ( GEOMETRIC_REPRESENTATION_CONTEXT(2) 
PARAMETRIC_REPRESENTATION_CONTEXT() REPRESENTATION_CONTEXT('2D SPACE',''
  ) );
#6357 = ORIENTED_EDGE('',*,*,#6358,.T.);
#6358 = EDGE_CURVE('',#6331,#6278,#6359,.T.);
#6359 = SURFACE_CURVE('',#6360,(#6364,#6371),.PCURVE_S1.);
#6360 = LINE('',#6361,#6362);
#6361 = CARTESIAN_POINT('',(95.1,87.8,1.51));
#6362 = VECTOR('',#6363,1.);
#6363 = DIRECTION('',(0.,-1.,0.));
#6364 = PCURVE('',#150,#6365);
#6365 = DEFINITIONAL_REPRESENTATION('',(#6366),#6370);
#6366 = LINE('',#6367,#6368);
#6367 = CARTESIAN_POINT('',(177.6,-13.95));
#6368 = VECTOR('',#6369,1.);
#6369 = DIRECTION('',(0.,-1.));
#6370 = ( GEOMETRIC_REPRESENTATION_CONTEXT(2) 
PARAMETRIC_REPRESENTATION_CONTEXT() REPRESENTATION_CONTEXT('2D SPACE',''
  ) );
#6371 = PCURVE('',#3499,#6372);
#6372 = DEFINITIONAL_REPRESENTATION('',(#6373),#6377);
#6373 = LINE('',#6374,#6375);
#6374 = CARTESIAN_POINT('',(13.95,-1.556));
#6375 = VECTOR('',#6376,1.);
#6376 = DIRECTION('',(-1.,0.));
#6377 = ( GEOMETRIC_REPRESENTATION_CONTEXT(2) 
PARAMETRIC_REPRESENTATION_CONTEXT() REPRESENTATION_CONTEXT('2D SPACE',''
  ) );
#6378 = FACE_BOUND('',#6379,.T.);
#6379 = EDGE_LOOP('',(#6380));
#6380 = ORIENTED_EDGE('',*,*,#6381,.T.);
#6381 = EDGE_CURVE('',#6382,#6382,#6384,.T.);
#6382 = VERTEX_POINT('',#6383);
#6383 = CARTESIAN_POINT('',(71.87,79.58,1.51));
#6384 = SURFACE_CURVE('',#6385,(#6390,#6401),.PCURVE_S1.);
#6385 = CIRCLE('',#6386,0.75);
#6386 = AXIS2_PLACEMENT_3D('',#6387,#6388,#6389);
#6387 = CARTESIAN_POINT('',(71.87,80.33,1.51));
#6388 = DIRECTION('',(-0.,-0.,-1.));
#6389 = DIRECTION('',(0.,-1.,0.));
#6390 = PCURVE('',#150,#6391);
#6391 = DEFINITIONAL_REPRESENTATION('',(#6392),#6400);
#6392 = ( BOUNDED_CURVE() B_SPLINE_CURVE(2,(#6393,#6394,#6395,#6396,
#6397,#6398,#6399),.UNSPECIFIED.,.T.,.F.) B_SPLINE_CURVE_WITH_KNOTS((1,2
    ,2,2,2,1),(-2.094395102393,0.,2.094395102393,4.188790204786,
6.28318530718,8.377580409573),.UNSPECIFIED.) CURVE() 
GEOMETRIC_REPRESENTATION_ITEM() RATIONAL_B_SPLINE_CURVE((1.,0.5,1.,0.5,
1.,0.5,1.)) REPRESENTATION_ITEM('') );
#6393 = CARTESIAN_POINT('',(154.37,-22.17));
#6394 = CARTESIAN_POINT('',(153.07096189432,-22.17));
#6395 = CARTESIAN_POINT('',(153.72048094716,-21.045));
#6396 = CARTESIAN_POINT('',(154.37,-19.92));
#6397 = CARTESIAN_POINT('',(155.01951905283,-21.045));
#6398 = CARTESIAN_POINT('',(155.66903810567,-22.17));
#6399 = CARTESIAN_POINT('',(154.37,-22.17));
#6400 = ( GEOMETRIC_REPRESENTATION_CONTEXT(2) 
PARAMETRIC_REPRESENTATION_CONTEXT() REPRESENTATION_CONTEXT('2D SPACE',''
  ) );
#6401 = PCURVE('',#3534,#6402);
#6402 = DEFINITIONAL_REPRESENTATION('',(#6403),#6407);
#6403 = LINE('',#6404,#6405);
#6404 = CARTESIAN_POINT('',(0.,-1.556));
#6405 = VECTOR('',#6406,1.);
#6406 = DIRECTION('',(1.,0.));
#6407 = ( GEOMETRIC_REPRESENTATION_CONTEXT(2) 
PARAMETRIC_REPRESENTATION_CONTEXT() REPRESENTATION_CONTEXT('2D SPACE',''
  ) );
#6408 = FACE_BOUND('',#6409,.T.);
#6409 = EDGE_LOOP('',(#6410));
#6410 = ORIENTED_EDGE('',*,*,#6411,.T.);
#6411 = EDGE_CURVE('',#6412,#6412,#6414,.T.);
#6412 = VERTEX_POINT('',#6413);
#6413 = CARTESIAN_POINT('',(86.25,81.5,1.51));
#6414 = SURFACE_CURVE('',#6415,(#6420,#6431),.PCURVE_S1.);
#6415 = CIRCLE('',#6416,0.5);
#6416 = AXIS2_PLACEMENT_3D('',#6417,#6418,#6419);
#6417 = CARTESIAN_POINT('',(86.25,82.,1.51));
#6418 = DIRECTION('',(-0.,-0.,-1.));
#6419 = DIRECTION('',(0.,-1.,0.));
#6420 = PCURVE('',#150,#6421);
#6421 = DEFINITIONAL_REPRESENTATION('',(#6422),#6430);
#6422 = ( BOUNDED_CURVE() B_SPLINE_CURVE(2,(#6423,#6424,#6425,#6426,
#6427,#6428,#6429),.UNSPECIFIED.,.T.,.F.) B_SPLINE_CURVE_WITH_KNOTS((1,2
    ,2,2,2,1),(-2.094395102393,0.,2.094395102393,4.188790204786,
6.28318530718,8.377580409573),.UNSPECIFIED.) CURVE() 
GEOMETRIC_REPRESENTATION_ITEM() RATIONAL_B_SPLINE_CURVE((1.,0.5,1.,0.5,
1.,0.5,1.)) REPRESENTATION_ITEM('') );
#6423 = CARTESIAN_POINT('',(168.75,-20.25));
#6424 = CARTESIAN_POINT('',(167.88397459621,-20.25));
#6425 = CARTESIAN_POINT('',(168.3169872981,-19.5));
#6426 = CARTESIAN_POINT('',(168.75,-18.75));
#6427 = CARTESIAN_POINT('',(169.18301270189,-19.5));
#6428 = CARTESIAN_POINT('',(169.61602540378,-20.25));
#6429 = CARTESIAN_POINT('',(168.75,-20.25));
#6430 = ( GEOMETRIC_REPRESENTATION_CONTEXT(2) 
PARAMETRIC_REPRESENTATION_CONTEXT() REPRESENTATION_CONTEXT('2D SPACE',''
  ) );
#6431 = PCURVE('',#3569,#6432);
#6432 = DEFINITIONAL_REPRESENTATION('',(#6433),#6437);
#6433 = LINE('',#6434,#6435);
#6434 = CARTESIAN_POINT('',(0.,-1.556));
#6435 = VECTOR('',#6436,1.);
#6436 = DIRECTION('',(1.,0.));
#6437 = ( GEOMETRIC_REPRESENTATION_CONTEXT(2) 
PARAMETRIC_REPRESENTATION_CONTEXT() REPRESENTATION_CONTEXT('2D SPACE',''
  ) );
#6438 = FACE_BOUND('',#6439,.T.);
#6439 = EDGE_LOOP('',(#6440));
#6440 = ORIENTED_EDGE('',*,*,#6441,.T.);
#6441 = EDGE_CURVE('',#6442,#6442,#6444,.T.);
#6442 = VERTEX_POINT('',#6443);
#6443 = CARTESIAN_POINT('',(88.75,81.5,1.51));
#6444 = SURFACE_CURVE('',#6445,(#6450,#6461),.PCURVE_S1.);
#6445 = CIRCLE('',#6446,0.5);
#6446 = AXIS2_PLACEMENT_3D('',#6447,#6448,#6449);
#6447 = CARTESIAN_POINT('',(88.75,82.,1.51));
#6448 = DIRECTION('',(-0.,-0.,-1.));
#6449 = DIRECTION('',(0.,-1.,0.));
#6450 = PCURVE('',#150,#6451);
#6451 = DEFINITIONAL_REPRESENTATION('',(#6452),#6460);
#6452 = ( BOUNDED_CURVE() B_SPLINE_CURVE(2,(#6453,#6454,#6455,#6456,
#6457,#6458,#6459),.UNSPECIFIED.,.T.,.F.) B_SPLINE_CURVE_WITH_KNOTS((1,2
    ,2,2,2,1),(-2.094395102393,0.,2.094395102393,4.188790204786,
6.28318530718,8.377580409573),.UNSPECIFIED.) CURVE() 
GEOMETRIC_REPRESENTATION_ITEM() RATIONAL_B_SPLINE_CURVE((1.,0.5,1.,0.5,
1.,0.5,1.)) REPRESENTATION_ITEM('') );
#6453 = CARTESIAN_POINT('',(171.25,-20.25));
#6454 = CARTESIAN_POINT('',(170.38397459621,-20.25));
#6455 = CARTESIAN_POINT('',(170.8169872981,-19.5));
#6456 = CARTESIAN_POINT('',(171.25,-18.75));
#6457 = CARTESIAN_POINT('',(171.68301270189,-19.5));
#6458 = CARTESIAN_POINT('',(172.11602540378,-20.25));
#6459 = CARTESIAN_POINT('',(171.25,-20.25));
#6460 = ( GEOMETRIC_REPRESENTATION_CONTEXT(2) 
PARAMETRIC_REPRESENTATION_CONTEXT() REPRESENTATION_CONTEXT('2D SPACE',''
  ) );
#6461 = PCURVE('',#3604,#6462);
#6462 = DEFINITIONAL_REPRESENTATION('',(#6463),#6467);
#6463 = LINE('',#6464,#6465);
#6464 = CARTESIAN_POINT('',(0.,-1.556));
#6465 = VECTOR('',#6466,1.);
#6466 = DIRECTION('',(1.,0.));
#6467 = ( GEOMETRIC_REPRESENTATION_CONTEXT(2) 
PARAMETRIC_REPRESENTATION_CONTEXT() REPRESENTATION_CONTEXT('2D SPACE',''
  ) );
#6468 = FACE_BOUND('',#6469,.T.);
#6469 = EDGE_LOOP('',(#6470));
#6470 = ORIENTED_EDGE('',*,*,#6471,.T.);
#6471 = EDGE_CURVE('',#6472,#6472,#6474,.T.);
#6472 = VERTEX_POINT('',#6473);
#6473 = CARTESIAN_POINT('',(91.25,81.5,1.51));
#6474 = SURFACE_CURVE('',#6475,(#6480,#6491),.PCURVE_S1.);
#6475 = CIRCLE('',#6476,0.5);
#6476 = AXIS2_PLACEMENT_3D('',#6477,#6478,#6479);
#6477 = CARTESIAN_POINT('',(91.25,82.,1.51));
#6478 = DIRECTION('',(-0.,-0.,-1.));
#6479 = DIRECTION('',(0.,-1.,0.));
#6480 = PCURVE('',#150,#6481);
#6481 = DEFINITIONAL_REPRESENTATION('',(#6482),#6490);
#6482 = ( BOUNDED_CURVE() B_SPLINE_CURVE(2,(#6483,#6484,#6485,#6486,
#6487,#6488,#6489),.UNSPECIFIED.,.T.,.F.) B_SPLINE_CURVE_WITH_KNOTS((1,2
    ,2,2,2,1),(-2.094395102393,0.,2.094395102393,4.188790204786,
6.28318530718,8.377580409573),.UNSPECIFIED.) CURVE() 
GEOMETRIC_REPRESENTATION_ITEM() RATIONAL_B_SPLINE_CURVE((1.,0.5,1.,0.5,
1.,0.5,1.)) REPRESENTATION_ITEM('') );
#6483 = CARTESIAN_POINT('',(173.75,-20.25));
#6484 = CARTESIAN_POINT('',(172.88397459621,-20.25));
#6485 = CARTESIAN_POINT('',(173.3169872981,-19.5));
#6486 = CARTESIAN_POINT('',(173.75,-18.75));
#6487 = CARTESIAN_POINT('',(174.18301270189,-19.5));
#6488 = CARTESIAN_POINT('',(174.61602540378,-20.25));
#6489 = CARTESIAN_POINT('',(173.75,-20.25));
#6490 = ( GEOMETRIC_REPRESENTATION_CONTEXT(2) 
PARAMETRIC_REPRESENTATION_CONTEXT() REPRESENTATION_CONTEXT('2D SPACE',''
  ) );
#6491 = PCURVE('',#3639,#6492);
#6492 = DEFINITIONAL_REPRESENTATION('',(#6493),#6497);
#6493 = LINE('',#6494,#6495);
#6494 = CARTESIAN_POINT('',(0.,-1.556));
#6495 = VECTOR('',#6496,1.);
#6496 = DIRECTION('',(1.,0.));
#6497 = ( GEOMETRIC_REPRESENTATION_CONTEXT(2) 
PARAMETRIC_REPRESENTATION_CONTEXT() REPRESENTATION_CONTEXT('2D SPACE',''
  ) );
#6498 = FACE_BOUND('',#6499,.T.);
#6499 = EDGE_LOOP('',(#6500));
#6500 = ORIENTED_EDGE('',*,*,#6501,.T.);
#6501 = EDGE_CURVE('',#6502,#6502,#6504,.T.);
#6502 = VERTEX_POINT('',#6503);
#6503 = CARTESIAN_POINT('',(92.75,87.45,1.51));
#6504 = SURFACE_CURVE('',#6505,(#6510,#6521),.PCURVE_S1.);
#6505 = CIRCLE('',#6506,1.05);
#6506 = AXIS2_PLACEMENT_3D('',#6507,#6508,#6509);
#6507 = CARTESIAN_POINT('',(92.75,88.5,1.51));
#6508 = DIRECTION('',(-0.,-0.,-1.));
#6509 = DIRECTION('',(0.,-1.,0.));
#6510 = PCURVE('',#150,#6511);
#6511 = DEFINITIONAL_REPRESENTATION('',(#6512),#6520);
#6512 = ( BOUNDED_CURVE() B_SPLINE_CURVE(2,(#6513,#6514,#6515,#6516,
#6517,#6518,#6519),.UNSPECIFIED.,.T.,.F.) B_SPLINE_CURVE_WITH_KNOTS((1,2
    ,2,2,2,1),(-2.094395102393,0.,2.094395102393,4.188790204786,
6.28318530718,8.377580409573),.UNSPECIFIED.) CURVE() 
GEOMETRIC_REPRESENTATION_ITEM() RATIONAL_B_SPLINE_CURVE((1.,0.5,1.,0.5,
1.,0.5,1.)) REPRESENTATION_ITEM('') );
#6513 = CARTESIAN_POINT('',(175.25,-14.3));
#6514 = CARTESIAN_POINT('',(173.43134665205,-14.3));
#6515 = CARTESIAN_POINT('',(174.34067332602,-12.725));
#6516 = CARTESIAN_POINT('',(175.25,-11.15));
#6517 = CARTESIAN_POINT('',(176.15932667397,-12.725));
#6518 = CARTESIAN_POINT('',(177.06865334794,-14.3));
#6519 = CARTESIAN_POINT('',(175.25,-14.3));
#6520 = ( GEOMETRIC_REPRESENTATION_CONTEXT(2) 
PARAMETRIC_REPRESENTATION_CONTEXT() REPRESENTATION_CONTEXT('2D SPACE',''
  ) );
#6521 = PCURVE('',#3674,#6522);
#6522 = DEFINITIONAL_REPRESENTATION('',(#6523),#6527);
#6523 = LINE('',#6524,#6525);
#6524 = CARTESIAN_POINT('',(0.,-1.556));
#6525 = VECTOR('',#6526,1.);
#6526 = DIRECTION('',(1.,0.));
#6527 = ( GEOMETRIC_REPRESENTATION_CONTEXT(2) 
PARAMETRIC_REPRESENTATION_CONTEXT() REPRESENTATION_CONTEXT('2D SPACE',''
  ) );
#6528 = ADVANCED_FACE('',(#6529),#237,.T.);
#6529 = FACE_BOUND('',#6530,.T.);
#6530 = EDGE_LOOP('',(#6531,#6532,#6533,#6534));
#6531 = ORIENTED_EDGE('',*,*,#319,.T.);
#6532 = ORIENTED_EDGE('',*,*,#3691,.T.);
#6533 = ORIENTED_EDGE('',*,*,#219,.F.);
#6534 = ORIENTED_EDGE('',*,*,#368,.F.);
#6535 = ADVANCED_FACE('',(#6536),#413,.F.);
#6536 = FACE_BOUND('',#6537,.F.);
#6537 = EDGE_LOOP('',(#6538,#6559,#6560,#6561));
#6538 = ORIENTED_EDGE('',*,*,#6539,.T.);
#6539 = EDGE_CURVE('',#393,#3716,#6540,.T.);
#6540 = SEAM_CURVE('',#6541,(#6545,#6552),.PCURVE_S1.);
#6541 = LINE('',#6542,#6543);
#6542 = CARTESIAN_POINT('',(2.5,1.45,-4.6E-02));
#6543 = VECTOR('',#6544,1.);
#6544 = DIRECTION('',(0.,0.,1.));
#6545 = PCURVE('',#413,#6546);
#6546 = DEFINITIONAL_REPRESENTATION('',(#6547),#6551);
#6547 = LINE('',#6548,#6549);
#6548 = CARTESIAN_POINT('',(0.,0.));
#6549 = VECTOR('',#6550,1.);
#6550 = DIRECTION('',(0.,-1.));
#6551 = ( GEOMETRIC_REPRESENTATION_CONTEXT(2) 
PARAMETRIC_REPRESENTATION_CONTEXT() REPRESENTATION_CONTEXT('2D SPACE',''
  ) );
#6552 = PCURVE('',#413,#6553);
#6553 = DEFINITIONAL_REPRESENTATION('',(#6554),#6558);
#6554 = LINE('',#6555,#6556);
#6555 = CARTESIAN_POINT('',(6.28318530718,0.));
#6556 = VECTOR('',#6557,1.);
#6557 = DIRECTION('',(0.,-1.));
#6558 = ( GEOMETRIC_REPRESENTATION_CONTEXT(2) 
PARAMETRIC_REPRESENTATION_CONTEXT() REPRESENTATION_CONTEXT('2D SPACE',''
  ) );
#6559 = ORIENTED_EDGE('',*,*,#3715,.T.);
#6560 = ORIENTED_EDGE('',*,*,#6539,.F.);
#6561 = ORIENTED_EDGE('',*,*,#392,.F.);
#6562 = ADVANCED_FACE('',(#6563),#448,.F.);
#6563 = FACE_BOUND('',#6564,.F.);
#6564 = EDGE_LOOP('',(#6565,#6586,#6587,#6588));
#6565 = ORIENTED_EDGE('',*,*,#6566,.T.);
#6566 = EDGE_CURVE('',#428,#3746,#6567,.T.);
#6567 = SEAM_CURVE('',#6568,(#6572,#6579),.PCURVE_S1.);
#6568 = LINE('',#6569,#6570);
#6569 = CARTESIAN_POINT('',(43.4,17.6959,-4.6E-02));
#6570 = VECTOR('',#6571,1.);
#6571 = DIRECTION('',(0.,0.,1.));
#6572 = PCURVE('',#448,#6573);
#6573 = DEFINITIONAL_REPRESENTATION('',(#6574),#6578);
#6574 = LINE('',#6575,#6576);
#6575 = CARTESIAN_POINT('',(0.,0.));
#6576 = VECTOR('',#6577,1.);
#6577 = DIRECTION('',(0.,-1.));
#6578 = ( GEOMETRIC_REPRESENTATION_CONTEXT(2) 
PARAMETRIC_REPRESENTATION_CONTEXT() REPRESENTATION_CONTEXT('2D SPACE',''
  ) );
#6579 = PCURVE('',#448,#6580);
#6580 = DEFINITIONAL_REPRESENTATION('',(#6581),#6585);
#6581 = LINE('',#6582,#6583);
#6582 = CARTESIAN_POINT('',(6.28318530718,0.));
#6583 = VECTOR('',#6584,1.);
#6584 = DIRECTION('',(0.,-1.));
#6585 = ( GEOMETRIC_REPRESENTATION_CONTEXT(2) 
PARAMETRIC_REPRESENTATION_CONTEXT() REPRESENTATION_CONTEXT('2D SPACE',''
  ) );
#6586 = ORIENTED_EDGE('',*,*,#3745,.T.);
#6587 = ORIENTED_EDGE('',*,*,#6566,.F.);
#6588 = ORIENTED_EDGE('',*,*,#427,.F.);
#6589 = ADVANCED_FACE('',(#6590),#483,.F.);
#6590 = FACE_BOUND('',#6591,.F.);
#6591 = EDGE_LOOP('',(#6592,#6613,#6614,#6615));
#6592 = ORIENTED_EDGE('',*,*,#6593,.T.);
#6593 = EDGE_CURVE('',#463,#3776,#6594,.T.);
#6594 = SEAM_CURVE('',#6595,(#6599,#6606),.PCURVE_S1.);
#6595 = LINE('',#6596,#6597);
#6596 = CARTESIAN_POINT('',(43.4,20.2359,-4.6E-02));
#6597 = VECTOR('',#6598,1.);
#6598 = DIRECTION('',(0.,0.,1.));
#6599 = PCURVE('',#483,#6600);
#6600 = DEFINITIONAL_REPRESENTATION('',(#6601),#6605);
#6601 = LINE('',#6602,#6603);
#6602 = CARTESIAN_POINT('',(0.,0.));
#6603 = VECTOR('',#6604,1.);
#6604 = DIRECTION('',(0.,-1.));
#6605 = ( GEOMETRIC_REPRESENTATION_CONTEXT(2) 
PARAMETRIC_REPRESENTATION_CONTEXT() REPRESENTATION_CONTEXT('2D SPACE',''
  ) );
#6606 = PCURVE('',#483,#6607);
#6607 = DEFINITIONAL_REPRESENTATION('',(#6608),#6612);
#6608 = LINE('',#6609,#6610);
#6609 = CARTESIAN_POINT('',(6.28318530718,0.));
#6610 = VECTOR('',#6611,1.);
#6611 = DIRECTION('',(0.,-1.));
#6612 = ( GEOMETRIC_REPRESENTATION_CONTEXT(2) 
PARAMETRIC_REPRESENTATION_CONTEXT() REPRESENTATION_CONTEXT('2D SPACE',''
  ) );
#6613 = ORIENTED_EDGE('',*,*,#3775,.T.);
#6614 = ORIENTED_EDGE('',*,*,#6593,.F.);
#6615 = ORIENTED_EDGE('',*,*,#462,.F.);
#6616 = ADVANCED_FACE('',(#6617),#518,.F.);
#6617 = FACE_BOUND('',#6618,.F.);
#6618 = EDGE_LOOP('',(#6619,#6640,#6641,#6642));
#6619 = ORIENTED_EDGE('',*,*,#6620,.T.);
#6620 = EDGE_CURVE('',#498,#3806,#6621,.T.);
#6621 = SEAM_CURVE('',#6622,(#6626,#6633),.PCURVE_S1.);
#6622 = LINE('',#6623,#6624);
#6623 = CARTESIAN_POINT('',(43.4,22.7759,-4.6E-02));
#6624 = VECTOR('',#6625,1.);
#6625 = DIRECTION('',(0.,0.,1.));
#6626 = PCURVE('',#518,#6627);
#6627 = DEFINITIONAL_REPRESENTATION('',(#6628),#6632);
#6628 = LINE('',#6629,#6630);
#6629 = CARTESIAN_POINT('',(0.,0.));
#6630 = VECTOR('',#6631,1.);
#6631 = DIRECTION('',(0.,-1.));
#6632 = ( GEOMETRIC_REPRESENTATION_CONTEXT(2) 
PARAMETRIC_REPRESENTATION_CONTEXT() REPRESENTATION_CONTEXT('2D SPACE',''
  ) );
#6633 = PCURVE('',#518,#6634);
#6634 = DEFINITIONAL_REPRESENTATION('',(#6635),#6639);
#6635 = LINE('',#6636,#6637);
#6636 = CARTESIAN_POINT('',(6.28318530718,0.));
#6637 = VECTOR('',#6638,1.);
#6638 = DIRECTION('',(0.,-1.));
#6639 = ( GEOMETRIC_REPRESENTATION_CONTEXT(2) 
PARAMETRIC_REPRESENTATION_CONTEXT() REPRESENTATION_CONTEXT('2D SPACE',''
  ) );
#6640 = ORIENTED_EDGE('',*,*,#3805,.T.);
#6641 = ORIENTED_EDGE('',*,*,#6620,.F.);
#6642 = ORIENTED_EDGE('',*,*,#497,.F.);
#6643 = ADVANCED_FACE('',(#6644),#553,.F.);
#6644 = FACE_BOUND('',#6645,.F.);
#6645 = EDGE_LOOP('',(#6646,#6667,#6668,#6669));
#6646 = ORIENTED_EDGE('',*,*,#6647,.T.);
#6647 = EDGE_CURVE('',#533,#3836,#6648,.T.);
#6648 = SEAM_CURVE('',#6649,(#6653,#6660),.PCURVE_S1.);
#6649 = LINE('',#6650,#6651);
#6650 = CARTESIAN_POINT('',(70.07,20.51,-4.6E-02));
#6651 = VECTOR('',#6652,1.);
#6652 = DIRECTION('',(0.,0.,1.));
#6653 = PCURVE('',#553,#6654);
#6654 = DEFINITIONAL_REPRESENTATION('',(#6655),#6659);
#6655 = LINE('',#6656,#6657);
#6656 = CARTESIAN_POINT('',(0.,0.));
#6657 = VECTOR('',#6658,1.);
#6658 = DIRECTION('',(0.,-1.));
#6659 = ( GEOMETRIC_REPRESENTATION_CONTEXT(2) 
PARAMETRIC_REPRESENTATION_CONTEXT() REPRESENTATION_CONTEXT('2D SPACE',''
  ) );
#6660 = PCURVE('',#553,#6661);
#6661 = DEFINITIONAL_REPRESENTATION('',(#6662),#6666);
#6662 = LINE('',#6663,#6664);
#6663 = CARTESIAN_POINT('',(6.28318530718,0.));
#6664 = VECTOR('',#6665,1.);
#6665 = DIRECTION('',(0.,-1.));
#6666 = ( GEOMETRIC_REPRESENTATION_CONTEXT(2) 
PARAMETRIC_REPRESENTATION_CONTEXT() REPRESENTATION_CONTEXT('2D SPACE',''
  ) );
#6667 = ORIENTED_EDGE('',*,*,#3835,.T.);
#6668 = ORIENTED_EDGE('',*,*,#6647,.F.);
#6669 = ORIENTED_EDGE('',*,*,#532,.F.);
#6670 = ADVANCED_FACE('',(#6671),#588,.F.);
#6671 = FACE_BOUND('',#6672,.F.);
#6672 = EDGE_LOOP('',(#6673,#6694,#6695,#6696));
#6673 = ORIENTED_EDGE('',*,*,#6674,.T.);
#6674 = EDGE_CURVE('',#568,#3866,#6675,.T.);
#6675 = SEAM_CURVE('',#6676,(#6680,#6687),.PCURVE_S1.);
#6676 = LINE('',#6677,#6678);
#6677 = CARTESIAN_POINT('',(74.,4.125,-4.6E-02));
#6678 = VECTOR('',#6679,1.);
#6679 = DIRECTION('',(0.,0.,1.));
#6680 = PCURVE('',#588,#6681);
#6681 = DEFINITIONAL_REPRESENTATION('',(#6682),#6686);
#6682 = LINE('',#6683,#6684);
#6683 = CARTESIAN_POINT('',(0.,0.));
#6684 = VECTOR('',#6685,1.);
#6685 = DIRECTION('',(0.,-1.));
#6686 = ( GEOMETRIC_REPRESENTATION_CONTEXT(2) 
PARAMETRIC_REPRESENTATION_CONTEXT() REPRESENTATION_CONTEXT('2D SPACE',''
  ) );
#6687 = PCURVE('',#588,#6688);
#6688 = DEFINITIONAL_REPRESENTATION('',(#6689),#6693);
#6689 = LINE('',#6690,#6691);
#6690 = CARTESIAN_POINT('',(6.28318530718,0.));
#6691 = VECTOR('',#6692,1.);
#6692 = DIRECTION('',(0.,-1.));
#6693 = ( GEOMETRIC_REPRESENTATION_CONTEXT(2) 
PARAMETRIC_REPRESENTATION_CONTEXT() REPRESENTATION_CONTEXT('2D SPACE',''
  ) );
#6694 = ORIENTED_EDGE('',*,*,#3865,.T.);
#6695 = ORIENTED_EDGE('',*,*,#6674,.F.);
#6696 = ORIENTED_EDGE('',*,*,#567,.F.);
#6697 = ADVANCED_FACE('',(#6698),#623,.F.);
#6698 = FACE_BOUND('',#6699,.F.);
#6699 = EDGE_LOOP('',(#6700,#6721,#6722,#6723));
#6700 = ORIENTED_EDGE('',*,*,#6701,.T.);
#6701 = EDGE_CURVE('',#603,#3896,#6702,.T.);
#6702 = SEAM_CURVE('',#6703,(#6707,#6714),.PCURVE_S1.);
#6703 = LINE('',#6704,#6705);
#6704 = CARTESIAN_POINT('',(79.,4.125,-4.6E-02));
#6705 = VECTOR('',#6706,1.);
#6706 = DIRECTION('',(0.,0.,1.));
#6707 = PCURVE('',#623,#6708);
#6708 = DEFINITIONAL_REPRESENTATION('',(#6709),#6713);
#6709 = LINE('',#6710,#6711);
#6710 = CARTESIAN_POINT('',(0.,0.));
#6711 = VECTOR('',#6712,1.);
#6712 = DIRECTION('',(0.,-1.));
#6713 = ( GEOMETRIC_REPRESENTATION_CONTEXT(2) 
PARAMETRIC_REPRESENTATION_CONTEXT() REPRESENTATION_CONTEXT('2D SPACE',''
  ) );
#6714 = PCURVE('',#623,#6715);
#6715 = DEFINITIONAL_REPRESENTATION('',(#6716),#6720);
#6716 = LINE('',#6717,#6718);
#6717 = CARTESIAN_POINT('',(6.28318530718,0.));
#6718 = VECTOR('',#6719,1.);
#6719 = DIRECTION('',(0.,-1.));
#6720 = ( GEOMETRIC_REPRESENTATION_CONTEXT(2) 
PARAMETRIC_REPRESENTATION_CONTEXT() REPRESENTATION_CONTEXT('2D SPACE',''
  ) );
#6721 = ORIENTED_EDGE('',*,*,#3895,.T.);
#6722 = ORIENTED_EDGE('',*,*,#6701,.F.);
#6723 = ORIENTED_EDGE('',*,*,#602,.F.);
#6724 = ADVANCED_FACE('',(#6725),#660,.F.);
#6725 = FACE_BOUND('',#6726,.F.);
#6726 = EDGE_LOOP('',(#6727,#6748,#6749,#6770));
#6727 = ORIENTED_EDGE('',*,*,#6728,.T.);
#6728 = EDGE_CURVE('',#638,#3926,#6729,.T.);
#6729 = SURFACE_CURVE('',#6730,(#6734,#6741),.PCURVE_S1.);
#6730 = LINE('',#6731,#6732);
#6731 = CARTESIAN_POINT('',(72.7,7.6,-4.6E-02));
#6732 = VECTOR('',#6733,1.);
#6733 = DIRECTION('',(0.,0.,1.));
#6734 = PCURVE('',#660,#6735);
#6735 = DEFINITIONAL_REPRESENTATION('',(#6736),#6740);
#6736 = LINE('',#6737,#6738);
#6737 = CARTESIAN_POINT('',(3.14159265359,0.));
#6738 = VECTOR('',#6739,1.);
#6739 = DIRECTION('',(0.,-1.));
#6740 = ( GEOMETRIC_REPRESENTATION_CONTEXT(2) 
PARAMETRIC_REPRESENTATION_CONTEXT() REPRESENTATION_CONTEXT('2D SPACE',''
  ) );
#6741 = PCURVE('',#747,#6742);
#6742 = DEFINITIONAL_REPRESENTATION('',(#6743),#6747);
#6743 = LINE('',#6744,#6745);
#6744 = CARTESIAN_POINT('',(0.,0.));
#6745 = VECTOR('',#6746,1.);
#6746 = DIRECTION('',(0.,-1.));
#6747 = ( GEOMETRIC_REPRESENTATION_CONTEXT(2) 
PARAMETRIC_REPRESENTATION_CONTEXT() REPRESENTATION_CONTEXT('2D SPACE',''
  ) );
#6748 = ORIENTED_EDGE('',*,*,#3925,.T.);
#6749 = ORIENTED_EDGE('',*,*,#6750,.F.);
#6750 = EDGE_CURVE('',#640,#3928,#6751,.T.);
#6751 = SURFACE_CURVE('',#6752,(#6756,#6763),.PCURVE_S1.);
#6752 = LINE('',#6753,#6754);
#6753 = CARTESIAN_POINT('',(73.3,7.6,-4.6E-02));
#6754 = VECTOR('',#6755,1.);
#6755 = DIRECTION('',(0.,0.,1.));
#6756 = PCURVE('',#660,#6757);
#6757 = DEFINITIONAL_REPRESENTATION('',(#6758),#6762);
#6758 = LINE('',#6759,#6760);
#6759 = CARTESIAN_POINT('',(6.28318530718,0.));
#6760 = VECTOR('',#6761,1.);
#6761 = DIRECTION('',(0.,-1.));
#6762 = ( GEOMETRIC_REPRESENTATION_CONTEXT(2) 
PARAMETRIC_REPRESENTATION_CONTEXT() REPRESENTATION_CONTEXT('2D SPACE',''
  ) );
#6763 = PCURVE('',#688,#6764);
#6764 = DEFINITIONAL_REPRESENTATION('',(#6765),#6769);
#6765 = LINE('',#6766,#6767);
#6766 = CARTESIAN_POINT('',(0.7,0.));
#6767 = VECTOR('',#6768,1.);
#6768 = DIRECTION('',(0.,-1.));
#6769 = ( GEOMETRIC_REPRESENTATION_CONTEXT(2) 
PARAMETRIC_REPRESENTATION_CONTEXT() REPRESENTATION_CONTEXT('2D SPACE',''
  ) );
#6770 = ORIENTED_EDGE('',*,*,#637,.F.);
#6771 = ADVANCED_FACE('',(#6772),#747,.T.);
#6772 = FACE_BOUND('',#6773,.T.);
#6773 = EDGE_LOOP('',(#6774,#6775,#6776,#6777));
#6774 = ORIENTED_EDGE('',*,*,#733,.T.);
#6775 = ORIENTED_EDGE('',*,*,#6728,.T.);
#6776 = ORIENTED_EDGE('',*,*,#4006,.F.);
#6777 = ORIENTED_EDGE('',*,*,#6778,.F.);
#6778 = EDGE_CURVE('',#701,#3979,#6779,.T.);
#6779 = SURFACE_CURVE('',#6780,(#6784,#6791),.PCURVE_S1.);
#6780 = LINE('',#6781,#6782);
#6781 = CARTESIAN_POINT('',(72.7,6.9,-4.6E-02));
#6782 = VECTOR('',#6783,1.);
#6783 = DIRECTION('',(0.,0.,1.));
#6784 = PCURVE('',#747,#6785);
#6785 = DEFINITIONAL_REPRESENTATION('',(#6786),#6790);
#6786 = LINE('',#6787,#6788);
#6787 = CARTESIAN_POINT('',(0.7,0.));
#6788 = VECTOR('',#6789,1.);
#6789 = DIRECTION('',(0.,-1.));
#6790 = ( GEOMETRIC_REPRESENTATION_CONTEXT(2) 
PARAMETRIC_REPRESENTATION_CONTEXT() REPRESENTATION_CONTEXT('2D SPACE',''
  ) );
#6791 = PCURVE('',#721,#6792);
#6792 = DEFINITIONAL_REPRESENTATION('',(#6793),#6797);
#6793 = LINE('',#6794,#6795);
#6794 = CARTESIAN_POINT('',(6.28318530718,0.));
#6795 = VECTOR('',#6796,1.);
#6796 = DIRECTION('',(0.,-1.));
#6797 = ( GEOMETRIC_REPRESENTATION_CONTEXT(2) 
PARAMETRIC_REPRESENTATION_CONTEXT() REPRESENTATION_CONTEXT('2D SPACE',''
  ) );
#6798 = ADVANCED_FACE('',(#6799),#721,.F.);
#6799 = FACE_BOUND('',#6800,.F.);
#6800 = EDGE_LOOP('',(#6801,#6822,#6823,#6824));
#6801 = ORIENTED_EDGE('',*,*,#6802,.T.);
#6802 = EDGE_CURVE('',#673,#3956,#6803,.T.);
#6803 = SURFACE_CURVE('',#6804,(#6808,#6815),.PCURVE_S1.);
#6804 = LINE('',#6805,#6806);
#6805 = CARTESIAN_POINT('',(73.3,6.9,-4.6E-02));
#6806 = VECTOR('',#6807,1.);
#6807 = DIRECTION('',(0.,0.,1.));
#6808 = PCURVE('',#721,#6809);
#6809 = DEFINITIONAL_REPRESENTATION('',(#6810),#6814);
#6810 = LINE('',#6811,#6812);
#6811 = CARTESIAN_POINT('',(3.14159265359,0.));
#6812 = VECTOR('',#6813,1.);
#6813 = DIRECTION('',(0.,-1.));
#6814 = ( GEOMETRIC_REPRESENTATION_CONTEXT(2) 
PARAMETRIC_REPRESENTATION_CONTEXT() REPRESENTATION_CONTEXT('2D SPACE',''
  ) );
#6815 = PCURVE('',#688,#6816);
#6816 = DEFINITIONAL_REPRESENTATION('',(#6817),#6821);
#6817 = LINE('',#6818,#6819);
#6818 = CARTESIAN_POINT('',(0.,0.));
#6819 = VECTOR('',#6820,1.);
#6820 = DIRECTION('',(0.,-1.));
#6821 = ( GEOMETRIC_REPRESENTATION_CONTEXT(2) 
PARAMETRIC_REPRESENTATION_CONTEXT() REPRESENTATION_CONTEXT('2D SPACE',''
  ) );
#6822 = ORIENTED_EDGE('',*,*,#3978,.T.);
#6823 = ORIENTED_EDGE('',*,*,#6778,.F.);
#6824 = ORIENTED_EDGE('',*,*,#700,.F.);
#6825 = ADVANCED_FACE('',(#6826),#688,.T.);
#6826 = FACE_BOUND('',#6827,.T.);
#6827 = EDGE_LOOP('',(#6828,#6829,#6830,#6831));
#6828 = ORIENTED_EDGE('',*,*,#672,.T.);
#6829 = ORIENTED_EDGE('',*,*,#6802,.T.);
#6830 = ORIENTED_EDGE('',*,*,#3955,.F.);
#6831 = ORIENTED_EDGE('',*,*,#6750,.F.);
#6832 = ADVANCED_FACE('',(#6833),#784,.F.);
#6833 = FACE_BOUND('',#6834,.F.);
#6834 = EDGE_LOOP('',(#6835,#6856,#6857,#6878));
#6835 = ORIENTED_EDGE('',*,*,#6836,.T.);
#6836 = EDGE_CURVE('',#762,#4030,#6837,.T.);
#6837 = SURFACE_CURVE('',#6838,(#6842,#6849),.PCURVE_S1.);
#6838 = LINE('',#6839,#6840);
#6839 = CARTESIAN_POINT('',(80.3,6.9,-4.6E-02));
#6840 = VECTOR('',#6841,1.);
#6841 = DIRECTION('',(0.,0.,1.));
#6842 = PCURVE('',#784,#6843);
#6843 = DEFINITIONAL_REPRESENTATION('',(#6844),#6848);
#6844 = LINE('',#6845,#6846);
#6845 = CARTESIAN_POINT('',(3.14159265359,0.));
#6846 = VECTOR('',#6847,1.);
#6847 = DIRECTION('',(0.,-1.));
#6848 = ( GEOMETRIC_REPRESENTATION_CONTEXT(2) 
PARAMETRIC_REPRESENTATION_CONTEXT() REPRESENTATION_CONTEXT('2D SPACE',''
  ) );
#6849 = PCURVE('',#871,#6850);
#6850 = DEFINITIONAL_REPRESENTATION('',(#6851),#6855);
#6851 = LINE('',#6852,#6853);
#6852 = CARTESIAN_POINT('',(0.,0.));
#6853 = VECTOR('',#6854,1.);
#6854 = DIRECTION('',(0.,-1.));
#6855 = ( GEOMETRIC_REPRESENTATION_CONTEXT(2) 
PARAMETRIC_REPRESENTATION_CONTEXT() REPRESENTATION_CONTEXT('2D SPACE',''
  ) );
#6856 = ORIENTED_EDGE('',*,*,#4029,.T.);
#6857 = ORIENTED_EDGE('',*,*,#6858,.F.);
#6858 = EDGE_CURVE('',#764,#4032,#6859,.T.);
#6859 = SURFACE_CURVE('',#6860,(#6864,#6871),.PCURVE_S1.);
#6860 = LINE('',#6861,#6862);
#6861 = CARTESIAN_POINT('',(79.7,6.9,-4.6E-02));
#6862 = VECTOR('',#6863,1.);
#6863 = DIRECTION('',(0.,0.,1.));
#6864 = PCURVE('',#784,#6865);
#6865 = DEFINITIONAL_REPRESENTATION('',(#6866),#6870);
#6866 = LINE('',#6867,#6868);
#6867 = CARTESIAN_POINT('',(6.28318530718,0.));
#6868 = VECTOR('',#6869,1.);
#6869 = DIRECTION('',(0.,-1.));
#6870 = ( GEOMETRIC_REPRESENTATION_CONTEXT(2) 
PARAMETRIC_REPRESENTATION_CONTEXT() REPRESENTATION_CONTEXT('2D SPACE',''
  ) );
#6871 = PCURVE('',#812,#6872);
#6872 = DEFINITIONAL_REPRESENTATION('',(#6873),#6877);
#6873 = LINE('',#6874,#6875);
#6874 = CARTESIAN_POINT('',(0.7,0.));
#6875 = VECTOR('',#6876,1.);
#6876 = DIRECTION('',(0.,-1.));
#6877 = ( GEOMETRIC_REPRESENTATION_CONTEXT(2) 
PARAMETRIC_REPRESENTATION_CONTEXT() REPRESENTATION_CONTEXT('2D SPACE',''
  ) );
#6878 = ORIENTED_EDGE('',*,*,#761,.F.);
#6879 = ADVANCED_FACE('',(#6880),#871,.T.);
#6880 = FACE_BOUND('',#6881,.T.);
#6881 = EDGE_LOOP('',(#6882,#6883,#6884,#6885));
#6882 = ORIENTED_EDGE('',*,*,#857,.T.);
#6883 = ORIENTED_EDGE('',*,*,#6836,.T.);
#6884 = ORIENTED_EDGE('',*,*,#4110,.F.);
#6885 = ORIENTED_EDGE('',*,*,#6886,.F.);
#6886 = EDGE_CURVE('',#825,#4083,#6887,.T.);
#6887 = SURFACE_CURVE('',#6888,(#6892,#6899),.PCURVE_S1.);
#6888 = LINE('',#6889,#6890);
#6889 = CARTESIAN_POINT('',(80.3,7.6,-4.6E-02));
#6890 = VECTOR('',#6891,1.);
#6891 = DIRECTION('',(0.,0.,1.));
#6892 = PCURVE('',#871,#6893);
#6893 = DEFINITIONAL_REPRESENTATION('',(#6894),#6898);
#6894 = LINE('',#6895,#6896);
#6895 = CARTESIAN_POINT('',(0.7,0.));
#6896 = VECTOR('',#6897,1.);
#6897 = DIRECTION('',(0.,-1.));
#6898 = ( GEOMETRIC_REPRESENTATION_CONTEXT(2) 
PARAMETRIC_REPRESENTATION_CONTEXT() REPRESENTATION_CONTEXT('2D SPACE',''
  ) );
#6899 = PCURVE('',#845,#6900);
#6900 = DEFINITIONAL_REPRESENTATION('',(#6901),#6905);
#6901 = LINE('',#6902,#6903);
#6902 = CARTESIAN_POINT('',(6.28318530718,0.));
#6903 = VECTOR('',#6904,1.);
#6904 = DIRECTION('',(0.,-1.));
#6905 = ( GEOMETRIC_REPRESENTATION_CONTEXT(2) 
PARAMETRIC_REPRESENTATION_CONTEXT() REPRESENTATION_CONTEXT('2D SPACE',''
  ) );
#6906 = ADVANCED_FACE('',(#6907),#845,.F.);
#6907 = FACE_BOUND('',#6908,.F.);
#6908 = EDGE_LOOP('',(#6909,#6930,#6931,#6932));
#6909 = ORIENTED_EDGE('',*,*,#6910,.T.);
#6910 = EDGE_CURVE('',#797,#4060,#6911,.T.);
#6911 = SURFACE_CURVE('',#6912,(#6916,#6923),.PCURVE_S1.);
#6912 = LINE('',#6913,#6914);
#6913 = CARTESIAN_POINT('',(79.7,7.6,-4.6E-02));
#6914 = VECTOR('',#6915,1.);
#6915 = DIRECTION('',(0.,0.,1.));
#6916 = PCURVE('',#845,#6917);
#6917 = DEFINITIONAL_REPRESENTATION('',(#6918),#6922);
#6918 = LINE('',#6919,#6920);
#6919 = CARTESIAN_POINT('',(3.14159265359,0.));
#6920 = VECTOR('',#6921,1.);
#6921 = DIRECTION('',(0.,-1.));
#6922 = ( GEOMETRIC_REPRESENTATION_CONTEXT(2) 
PARAMETRIC_REPRESENTATION_CONTEXT() REPRESENTATION_CONTEXT('2D SPACE',''
  ) );
#6923 = PCURVE('',#812,#6924);
#6924 = DEFINITIONAL_REPRESENTATION('',(#6925),#6929);
#6925 = LINE('',#6926,#6927);
#6926 = CARTESIAN_POINT('',(0.,0.));
#6927 = VECTOR('',#6928,1.);
#6928 = DIRECTION('',(0.,-1.));
#6929 = ( GEOMETRIC_REPRESENTATION_CONTEXT(2) 
PARAMETRIC_REPRESENTATION_CONTEXT() REPRESENTATION_CONTEXT('2D SPACE',''
  ) );
#6930 = ORIENTED_EDGE('',*,*,#4082,.T.);
#6931 = ORIENTED_EDGE('',*,*,#6886,.F.);
#6932 = ORIENTED_EDGE('',*,*,#824,.F.);
#6933 = ADVANCED_FACE('',(#6934),#812,.T.);
#6934 = FACE_BOUND('',#6935,.T.);
#6935 = EDGE_LOOP('',(#6936,#6937,#6938,#6939));
#6936 = ORIENTED_EDGE('',*,*,#796,.T.);
#6937 = ORIENTED_EDGE('',*,*,#6910,.T.);
#6938 = ORIENTED_EDGE('',*,*,#4059,.F.);
#6939 = ORIENTED_EDGE('',*,*,#6858,.F.);
#6940 = ADVANCED_FACE('',(#6941),#906,.F.);
#6941 = FACE_BOUND('',#6942,.F.);
#6942 = EDGE_LOOP('',(#6943,#6964,#6965,#6966));
#6943 = ORIENTED_EDGE('',*,*,#6944,.T.);
#6944 = EDGE_CURVE('',#886,#4134,#6945,.T.);
#6945 = SEAM_CURVE('',#6946,(#6950,#6957),.PCURVE_S1.);
#6946 = LINE('',#6947,#6948);
#6947 = CARTESIAN_POINT('',(92.75,1.7,-4.6E-02));
#6948 = VECTOR('',#6949,1.);
#6949 = DIRECTION('',(0.,0.,1.));
#6950 = PCURVE('',#906,#6951);
#6951 = DEFINITIONAL_REPRESENTATION('',(#6952),#6956);
#6952 = LINE('',#6953,#6954);
#6953 = CARTESIAN_POINT('',(0.,0.));
#6954 = VECTOR('',#6955,1.);
#6955 = DIRECTION('',(0.,-1.));
#6956 = ( GEOMETRIC_REPRESENTATION_CONTEXT(2) 
PARAMETRIC_REPRESENTATION_CONTEXT() REPRESENTATION_CONTEXT('2D SPACE',''
  ) );
#6957 = PCURVE('',#906,#6958);
#6958 = DEFINITIONAL_REPRESENTATION('',(#6959),#6963);
#6959 = LINE('',#6960,#6961);
#6960 = CARTESIAN_POINT('',(6.28318530718,0.));
#6961 = VECTOR('',#6962,1.);
#6962 = DIRECTION('',(0.,-1.));
#6963 = ( GEOMETRIC_REPRESENTATION_CONTEXT(2) 
PARAMETRIC_REPRESENTATION_CONTEXT() REPRESENTATION_CONTEXT('2D SPACE',''
  ) );
#6964 = ORIENTED_EDGE('',*,*,#4133,.T.);
#6965 = ORIENTED_EDGE('',*,*,#6944,.F.);
#6966 = ORIENTED_EDGE('',*,*,#885,.F.);
#6967 = ADVANCED_FACE('',(#6968),#941,.F.);
#6968 = FACE_BOUND('',#6969,.F.);
#6969 = EDGE_LOOP('',(#6970,#6991,#6992,#6993));
#6970 = ORIENTED_EDGE('',*,*,#6971,.T.);
#6971 = EDGE_CURVE('',#921,#4164,#6972,.T.);
#6972 = SEAM_CURVE('',#6973,(#6977,#6984),.PCURVE_S1.);
#6973 = LINE('',#6974,#6975);
#6974 = CARTESIAN_POINT('',(73.1,20.035,-4.6E-02));
#6975 = VECTOR('',#6976,1.);
#6976 = DIRECTION('',(0.,0.,1.));
#6977 = PCURVE('',#941,#6978);
#6978 = DEFINITIONAL_REPRESENTATION('',(#6979),#6983);
#6979 = LINE('',#6980,#6981);
#6980 = CARTESIAN_POINT('',(0.,0.));
#6981 = VECTOR('',#6982,1.);
#6982 = DIRECTION('',(0.,-1.));
#6983 = ( GEOMETRIC_REPRESENTATION_CONTEXT(2) 
PARAMETRIC_REPRESENTATION_CONTEXT() REPRESENTATION_CONTEXT('2D SPACE',''
  ) );
#6984 = PCURVE('',#941,#6985);
#6985 = DEFINITIONAL_REPRESENTATION('',(#6986),#6990);
#6986 = LINE('',#6987,#6988);
#6987 = CARTESIAN_POINT('',(6.28318530718,0.));
#6988 = VECTOR('',#6989,1.);
#6989 = DIRECTION('',(0.,-1.));
#6990 = ( GEOMETRIC_REPRESENTATION_CONTEXT(2) 
PARAMETRIC_REPRESENTATION_CONTEXT() REPRESENTATION_CONTEXT('2D SPACE',''
  ) );
#6991 = ORIENTED_EDGE('',*,*,#4163,.T.);
#6992 = ORIENTED_EDGE('',*,*,#6971,.F.);
#6993 = ORIENTED_EDGE('',*,*,#920,.F.);
#6994 = ADVANCED_FACE('',(#6995),#976,.F.);
#6995 = FACE_BOUND('',#6996,.F.);
#6996 = EDGE_LOOP('',(#6997,#7018,#7019,#7020));
#6997 = ORIENTED_EDGE('',*,*,#6998,.T.);
#6998 = EDGE_CURVE('',#956,#4194,#6999,.T.);
#6999 = SEAM_CURVE('',#7000,(#7004,#7011),.PCURVE_S1.);
#7000 = LINE('',#7001,#7002);
#7001 = CARTESIAN_POINT('',(70.07,25.36,-4.6E-02));
#7002 = VECTOR('',#7003,1.);
#7003 = DIRECTION('',(0.,0.,1.));
#7004 = PCURVE('',#976,#7005);
#7005 = DEFINITIONAL_REPRESENTATION('',(#7006),#7010);
#7006 = LINE('',#7007,#7008);
#7007 = CARTESIAN_POINT('',(0.,0.));
#7008 = VECTOR('',#7009,1.);
#7009 = DIRECTION('',(0.,-1.));
#7010 = ( GEOMETRIC_REPRESENTATION_CONTEXT(2) 
PARAMETRIC_REPRESENTATION_CONTEXT() REPRESENTATION_CONTEXT('2D SPACE',''
  ) );
#7011 = PCURVE('',#976,#7012);
#7012 = DEFINITIONAL_REPRESENTATION('',(#7013),#7017);
#7013 = LINE('',#7014,#7015);
#7014 = CARTESIAN_POINT('',(6.28318530718,0.));
#7015 = VECTOR('',#7016,1.);
#7016 = DIRECTION('',(0.,-1.));
#7017 = ( GEOMETRIC_REPRESENTATION_CONTEXT(2) 
PARAMETRIC_REPRESENTATION_CONTEXT() REPRESENTATION_CONTEXT('2D SPACE',''
  ) );
#7018 = ORIENTED_EDGE('',*,*,#4193,.T.);
#7019 = ORIENTED_EDGE('',*,*,#6998,.F.);
#7020 = ORIENTED_EDGE('',*,*,#955,.F.);
#7021 = ADVANCED_FACE('',(#7022),#1011,.F.);
#7022 = FACE_BOUND('',#7023,.F.);
#7023 = EDGE_LOOP('',(#7024,#7045,#7046,#7047));
#7024 = ORIENTED_EDGE('',*,*,#7025,.T.);
#7025 = EDGE_CURVE('',#991,#4224,#7026,.T.);
#7026 = SEAM_CURVE('',#7027,(#7031,#7038),.PCURVE_S1.);
#7027 = LINE('',#7028,#7029);
#7028 = CARTESIAN_POINT('',(73.1,25.485,-4.6E-02));
#7029 = VECTOR('',#7030,1.);
#7030 = DIRECTION('',(0.,0.,1.));
#7031 = PCURVE('',#1011,#7032);
#7032 = DEFINITIONAL_REPRESENTATION('',(#7033),#7037);
#7033 = LINE('',#7034,#7035);
#7034 = CARTESIAN_POINT('',(0.,0.));
#7035 = VECTOR('',#7036,1.);
#7036 = DIRECTION('',(0.,-1.));
#7037 = ( GEOMETRIC_REPRESENTATION_CONTEXT(2) 
PARAMETRIC_REPRESENTATION_CONTEXT() REPRESENTATION_CONTEXT('2D SPACE',''
  ) );
#7038 = PCURVE('',#1011,#7039);
#7039 = DEFINITIONAL_REPRESENTATION('',(#7040),#7044);
#7040 = LINE('',#7041,#7042);
#7041 = CARTESIAN_POINT('',(6.28318530718,0.));
#7042 = VECTOR('',#7043,1.);
#7043 = DIRECTION('',(0.,-1.));
#7044 = ( GEOMETRIC_REPRESENTATION_CONTEXT(2) 
PARAMETRIC_REPRESENTATION_CONTEXT() REPRESENTATION_CONTEXT('2D SPACE',''
  ) );
#7045 = ORIENTED_EDGE('',*,*,#4223,.T.);
#7046 = ORIENTED_EDGE('',*,*,#7025,.F.);
#7047 = ORIENTED_EDGE('',*,*,#990,.F.);
#7048 = ADVANCED_FACE('',(#7049),#1046,.F.);
#7049 = FACE_BOUND('',#7050,.F.);
#7050 = EDGE_LOOP('',(#7051,#7072,#7073,#7074));
#7051 = ORIENTED_EDGE('',*,*,#7052,.T.);
#7052 = EDGE_CURVE('',#1026,#4254,#7053,.T.);
#7053 = SEAM_CURVE('',#7054,(#7058,#7065),.PCURVE_S1.);
#7054 = LINE('',#7055,#7056);
#7055 = CARTESIAN_POINT('',(82.325,39.245,-4.6E-02));
#7056 = VECTOR('',#7057,1.);
#7057 = DIRECTION('',(0.,0.,1.));
#7058 = PCURVE('',#1046,#7059);
#7059 = DEFINITIONAL_REPRESENTATION('',(#7060),#7064);
#7060 = LINE('',#7061,#7062);
#7061 = CARTESIAN_POINT('',(0.,0.));
#7062 = VECTOR('',#7063,1.);
#7063 = DIRECTION('',(0.,-1.));
#7064 = ( GEOMETRIC_REPRESENTATION_CONTEXT(2) 
PARAMETRIC_REPRESENTATION_CONTEXT() REPRESENTATION_CONTEXT('2D SPACE',''
  ) );
#7065 = PCURVE('',#1046,#7066);
#7066 = DEFINITIONAL_REPRESENTATION('',(#7067),#7071);
#7067 = LINE('',#7068,#7069);
#7068 = CARTESIAN_POINT('',(6.28318530718,0.));
#7069 = VECTOR('',#7070,1.);
#7070 = DIRECTION('',(0.,-1.));
#7071 = ( GEOMETRIC_REPRESENTATION_CONTEXT(2) 
PARAMETRIC_REPRESENTATION_CONTEXT() REPRESENTATION_CONTEXT('2D SPACE',''
  ) );
#7072 = ORIENTED_EDGE('',*,*,#4253,.T.);
#7073 = ORIENTED_EDGE('',*,*,#7052,.F.);
#7074 = ORIENTED_EDGE('',*,*,#1025,.F.);
#7075 = ADVANCED_FACE('',(#7076),#1081,.F.);
#7076 = FACE_BOUND('',#7077,.F.);
#7077 = EDGE_LOOP('',(#7078,#7099,#7100,#7101));
#7078 = ORIENTED_EDGE('',*,*,#7079,.T.);
#7079 = EDGE_CURVE('',#1061,#4284,#7080,.T.);
#7080 = SEAM_CURVE('',#7081,(#7085,#7092),.PCURVE_S1.);
#7081 = LINE('',#7082,#7083);
#7082 = CARTESIAN_POINT('',(82.325,40.445,-4.6E-02));
#7083 = VECTOR('',#7084,1.);
#7084 = DIRECTION('',(0.,0.,1.));
#7085 = PCURVE('',#1081,#7086);
#7086 = DEFINITIONAL_REPRESENTATION('',(#7087),#7091);
#7087 = LINE('',#7088,#7089);
#7088 = CARTESIAN_POINT('',(0.,0.));
#7089 = VECTOR('',#7090,1.);
#7090 = DIRECTION('',(0.,-1.));
#7091 = ( GEOMETRIC_REPRESENTATION_CONTEXT(2) 
PARAMETRIC_REPRESENTATION_CONTEXT() REPRESENTATION_CONTEXT('2D SPACE',''
  ) );
#7092 = PCURVE('',#1081,#7093);
#7093 = DEFINITIONAL_REPRESENTATION('',(#7094),#7098);
#7094 = LINE('',#7095,#7096);
#7095 = CARTESIAN_POINT('',(6.28318530718,0.));
#7096 = VECTOR('',#7097,1.);
#7097 = DIRECTION('',(0.,-1.));
#7098 = ( GEOMETRIC_REPRESENTATION_CONTEXT(2) 
PARAMETRIC_REPRESENTATION_CONTEXT() REPRESENTATION_CONTEXT('2D SPACE',''
  ) );
#7099 = ORIENTED_EDGE('',*,*,#4283,.T.);
#7100 = ORIENTED_EDGE('',*,*,#7079,.F.);
#7101 = ORIENTED_EDGE('',*,*,#1060,.F.);
#7102 = ADVANCED_FACE('',(#7103),#1116,.F.);
#7103 = FACE_BOUND('',#7104,.F.);
#7104 = EDGE_LOOP('',(#7105,#7126,#7127,#7128));
#7105 = ORIENTED_EDGE('',*,*,#7106,.T.);
#7106 = EDGE_CURVE('',#1096,#4314,#7107,.T.);
#7107 = SEAM_CURVE('',#7108,(#7112,#7119),.PCURVE_S1.);
#7108 = LINE('',#7109,#7110);
#7109 = CARTESIAN_POINT('',(82.325,41.645,-4.6E-02));
#7110 = VECTOR('',#7111,1.);
#7111 = DIRECTION('',(0.,0.,1.));
#7112 = PCURVE('',#1116,#7113);
#7113 = DEFINITIONAL_REPRESENTATION('',(#7114),#7118);
#7114 = LINE('',#7115,#7116);
#7115 = CARTESIAN_POINT('',(0.,0.));
#7116 = VECTOR('',#7117,1.);
#7117 = DIRECTION('',(0.,-1.));
#7118 = ( GEOMETRIC_REPRESENTATION_CONTEXT(2) 
PARAMETRIC_REPRESENTATION_CONTEXT() REPRESENTATION_CONTEXT('2D SPACE',''
  ) );
#7119 = PCURVE('',#1116,#7120);
#7120 = DEFINITIONAL_REPRESENTATION('',(#7121),#7125);
#7121 = LINE('',#7122,#7123);
#7122 = CARTESIAN_POINT('',(6.28318530718,0.));
#7123 = VECTOR('',#7124,1.);
#7124 = DIRECTION('',(0.,-1.));
#7125 = ( GEOMETRIC_REPRESENTATION_CONTEXT(2) 
PARAMETRIC_REPRESENTATION_CONTEXT() REPRESENTATION_CONTEXT('2D SPACE',''
  ) );
#7126 = ORIENTED_EDGE('',*,*,#4313,.T.);
#7127 = ORIENTED_EDGE('',*,*,#7106,.F.);
#7128 = ORIENTED_EDGE('',*,*,#1095,.F.);
#7129 = ADVANCED_FACE('',(#7130),#1151,.F.);
#7130 = FACE_BOUND('',#7131,.F.);
#7131 = EDGE_LOOP('',(#7132,#7153,#7154,#7155));
#7132 = ORIENTED_EDGE('',*,*,#7133,.T.);
#7133 = EDGE_CURVE('',#1131,#4344,#7134,.T.);
#7134 = SEAM_CURVE('',#7135,(#7139,#7146),.PCURVE_S1.);
#7135 = LINE('',#7136,#7137);
#7136 = CARTESIAN_POINT('',(83.725,39.245,-4.6E-02));
#7137 = VECTOR('',#7138,1.);
#7138 = DIRECTION('',(0.,0.,1.));
#7139 = PCURVE('',#1151,#7140);
#7140 = DEFINITIONAL_REPRESENTATION('',(#7141),#7145);
#7141 = LINE('',#7142,#7143);
#7142 = CARTESIAN_POINT('',(0.,0.));
#7143 = VECTOR('',#7144,1.);
#7144 = DIRECTION('',(0.,-1.));
#7145 = ( GEOMETRIC_REPRESENTATION_CONTEXT(2) 
PARAMETRIC_REPRESENTATION_CONTEXT() REPRESENTATION_CONTEXT('2D SPACE',''
  ) );
#7146 = PCURVE('',#1151,#7147);
#7147 = DEFINITIONAL_REPRESENTATION('',(#7148),#7152);
#7148 = LINE('',#7149,#7150);
#7149 = CARTESIAN_POINT('',(6.28318530718,0.));
#7150 = VECTOR('',#7151,1.);
#7151 = DIRECTION('',(0.,-1.));
#7152 = ( GEOMETRIC_REPRESENTATION_CONTEXT(2) 
PARAMETRIC_REPRESENTATION_CONTEXT() REPRESENTATION_CONTEXT('2D SPACE',''
  ) );
#7153 = ORIENTED_EDGE('',*,*,#4343,.T.);
#7154 = ORIENTED_EDGE('',*,*,#7133,.F.);
#7155 = ORIENTED_EDGE('',*,*,#1130,.F.);
#7156 = ADVANCED_FACE('',(#7157),#1186,.F.);
#7157 = FACE_BOUND('',#7158,.F.);
#7158 = EDGE_LOOP('',(#7159,#7180,#7181,#7182));
#7159 = ORIENTED_EDGE('',*,*,#7160,.T.);
#7160 = EDGE_CURVE('',#1166,#4374,#7161,.T.);
#7161 = SEAM_CURVE('',#7162,(#7166,#7173),.PCURVE_S1.);
#7162 = LINE('',#7163,#7164);
#7163 = CARTESIAN_POINT('',(83.725,40.445,-4.6E-02));
#7164 = VECTOR('',#7165,1.);
#7165 = DIRECTION('',(0.,0.,1.));
#7166 = PCURVE('',#1186,#7167);
#7167 = DEFINITIONAL_REPRESENTATION('',(#7168),#7172);
#7168 = LINE('',#7169,#7170);
#7169 = CARTESIAN_POINT('',(0.,0.));
#7170 = VECTOR('',#7171,1.);
#7171 = DIRECTION('',(0.,-1.));
#7172 = ( GEOMETRIC_REPRESENTATION_CONTEXT(2) 
PARAMETRIC_REPRESENTATION_CONTEXT() REPRESENTATION_CONTEXT('2D SPACE',''
  ) );
#7173 = PCURVE('',#1186,#7174);
#7174 = DEFINITIONAL_REPRESENTATION('',(#7175),#7179);
#7175 = LINE('',#7176,#7177);
#7176 = CARTESIAN_POINT('',(6.28318530718,0.));
#7177 = VECTOR('',#7178,1.);
#7178 = DIRECTION('',(0.,-1.));
#7179 = ( GEOMETRIC_REPRESENTATION_CONTEXT(2) 
PARAMETRIC_REPRESENTATION_CONTEXT() REPRESENTATION_CONTEXT('2D SPACE',''
  ) );
#7180 = ORIENTED_EDGE('',*,*,#4373,.T.);
#7181 = ORIENTED_EDGE('',*,*,#7160,.F.);
#7182 = ORIENTED_EDGE('',*,*,#1165,.F.);
#7183 = ADVANCED_FACE('',(#7184),#1221,.F.);
#7184 = FACE_BOUND('',#7185,.F.);
#7185 = EDGE_LOOP('',(#7186,#7207,#7208,#7209));
#7186 = ORIENTED_EDGE('',*,*,#7187,.T.);
#7187 = EDGE_CURVE('',#1201,#4404,#7188,.T.);
#7188 = SEAM_CURVE('',#7189,(#7193,#7200),.PCURVE_S1.);
#7189 = LINE('',#7190,#7191);
#7190 = CARTESIAN_POINT('',(83.725,41.645,-4.6E-02));
#7191 = VECTOR('',#7192,1.);
#7192 = DIRECTION('',(0.,0.,1.));
#7193 = PCURVE('',#1221,#7194);
#7194 = DEFINITIONAL_REPRESENTATION('',(#7195),#7199);
#7195 = LINE('',#7196,#7197);
#7196 = CARTESIAN_POINT('',(0.,0.));
#7197 = VECTOR('',#7198,1.);
#7198 = DIRECTION('',(0.,-1.));
#7199 = ( GEOMETRIC_REPRESENTATION_CONTEXT(2) 
PARAMETRIC_REPRESENTATION_CONTEXT() REPRESENTATION_CONTEXT('2D SPACE',''
  ) );
#7200 = PCURVE('',#1221,#7201);
#7201 = DEFINITIONAL_REPRESENTATION('',(#7202),#7206);
#7202 = LINE('',#7203,#7204);
#7203 = CARTESIAN_POINT('',(6.28318530718,0.));
#7204 = VECTOR('',#7205,1.);
#7205 = DIRECTION('',(0.,-1.));
#7206 = ( GEOMETRIC_REPRESENTATION_CONTEXT(2) 
PARAMETRIC_REPRESENTATION_CONTEXT() REPRESENTATION_CONTEXT('2D SPACE',''
  ) );
#7207 = ORIENTED_EDGE('',*,*,#4403,.T.);
#7208 = ORIENTED_EDGE('',*,*,#7187,.F.);
#7209 = ORIENTED_EDGE('',*,*,#1200,.F.);
#7210 = ADVANCED_FACE('',(#7211),#1256,.F.);
#7211 = FACE_BOUND('',#7212,.F.);
#7212 = EDGE_LOOP('',(#7213,#7234,#7235,#7236));
#7213 = ORIENTED_EDGE('',*,*,#7214,.T.);
#7214 = EDGE_CURVE('',#1236,#4434,#7215,.T.);
#7215 = SEAM_CURVE('',#7216,(#7220,#7227),.PCURVE_S1.);
#7216 = LINE('',#7217,#7218);
#7217 = CARTESIAN_POINT('',(6.38,55.11,-4.6E-02));
#7218 = VECTOR('',#7219,1.);
#7219 = DIRECTION('',(0.,0.,1.));
#7220 = PCURVE('',#1256,#7221);
#7221 = DEFINITIONAL_REPRESENTATION('',(#7222),#7226);
#7222 = LINE('',#7223,#7224);
#7223 = CARTESIAN_POINT('',(0.,0.));
#7224 = VECTOR('',#7225,1.);
#7225 = DIRECTION('',(0.,-1.));
#7226 = ( GEOMETRIC_REPRESENTATION_CONTEXT(2) 
PARAMETRIC_REPRESENTATION_CONTEXT() REPRESENTATION_CONTEXT('2D SPACE',''
  ) );
#7227 = PCURVE('',#1256,#7228);
#7228 = DEFINITIONAL_REPRESENTATION('',(#7229),#7233);
#7229 = LINE('',#7230,#7231);
#7230 = CARTESIAN_POINT('',(6.28318530718,0.));
#7231 = VECTOR('',#7232,1.);
#7232 = DIRECTION('',(0.,-1.));
#7233 = ( GEOMETRIC_REPRESENTATION_CONTEXT(2) 
PARAMETRIC_REPRESENTATION_CONTEXT() REPRESENTATION_CONTEXT('2D SPACE',''
  ) );
#7234 = ORIENTED_EDGE('',*,*,#4433,.T.);
#7235 = ORIENTED_EDGE('',*,*,#7214,.F.);
#7236 = ORIENTED_EDGE('',*,*,#1235,.F.);
#7237 = ADVANCED_FACE('',(#7238),#1291,.F.);
#7238 = FACE_BOUND('',#7239,.F.);
#7239 = EDGE_LOOP('',(#7240,#7261,#7262,#7263));
#7240 = ORIENTED_EDGE('',*,*,#7241,.T.);
#7241 = EDGE_CURVE('',#1271,#4464,#7242,.T.);
#7242 = SEAM_CURVE('',#7243,(#7247,#7254),.PCURVE_S1.);
#7243 = LINE('',#7244,#7245);
#7244 = CARTESIAN_POINT('',(11.46,53.96,-4.6E-02));
#7245 = VECTOR('',#7246,1.);
#7246 = DIRECTION('',(0.,0.,1.));
#7247 = PCURVE('',#1291,#7248);
#7248 = DEFINITIONAL_REPRESENTATION('',(#7249),#7253);
#7249 = LINE('',#7250,#7251);
#7250 = CARTESIAN_POINT('',(0.,0.));
#7251 = VECTOR('',#7252,1.);
#7252 = DIRECTION('',(0.,-1.));
#7253 = ( GEOMETRIC_REPRESENTATION_CONTEXT(2) 
PARAMETRIC_REPRESENTATION_CONTEXT() REPRESENTATION_CONTEXT('2D SPACE',''
  ) );
#7254 = PCURVE('',#1291,#7255);
#7255 = DEFINITIONAL_REPRESENTATION('',(#7256),#7260);
#7256 = LINE('',#7257,#7258);
#7257 = CARTESIAN_POINT('',(6.28318530718,0.));
#7258 = VECTOR('',#7259,1.);
#7259 = DIRECTION('',(0.,-1.));
#7260 = ( GEOMETRIC_REPRESENTATION_CONTEXT(2) 
PARAMETRIC_REPRESENTATION_CONTEXT() REPRESENTATION_CONTEXT('2D SPACE',''
  ) );
#7261 = ORIENTED_EDGE('',*,*,#4463,.T.);
#7262 = ORIENTED_EDGE('',*,*,#7241,.F.);
#7263 = ORIENTED_EDGE('',*,*,#1270,.F.);
#7264 = ADVANCED_FACE('',(#7265),#1326,.F.);
#7265 = FACE_BOUND('',#7266,.F.);
#7266 = EDGE_LOOP('',(#7267,#7288,#7289,#7290));
#7267 = ORIENTED_EDGE('',*,*,#7268,.T.);
#7268 = EDGE_CURVE('',#1306,#4494,#7269,.T.);
#7269 = SEAM_CURVE('',#7270,(#7274,#7281),.PCURVE_S1.);
#7270 = LINE('',#7271,#7272);
#7271 = CARTESIAN_POINT('',(16.54,55.11,-4.6E-02));
#7272 = VECTOR('',#7273,1.);
#7273 = DIRECTION('',(0.,0.,1.));
#7274 = PCURVE('',#1326,#7275);
#7275 = DEFINITIONAL_REPRESENTATION('',(#7276),#7280);
#7276 = LINE('',#7277,#7278);
#7277 = CARTESIAN_POINT('',(0.,0.));
#7278 = VECTOR('',#7279,1.);
#7279 = DIRECTION('',(0.,-1.));
#7280 = ( GEOMETRIC_REPRESENTATION_CONTEXT(2) 
PARAMETRIC_REPRESENTATION_CONTEXT() REPRESENTATION_CONTEXT('2D SPACE',''
  ) );
#7281 = PCURVE('',#1326,#7282);
#7282 = DEFINITIONAL_REPRESENTATION('',(#7283),#7287);
#7283 = LINE('',#7284,#7285);
#7284 = CARTESIAN_POINT('',(6.28318530718,0.));
#7285 = VECTOR('',#7286,1.);
#7286 = DIRECTION('',(0.,-1.));
#7287 = ( GEOMETRIC_REPRESENTATION_CONTEXT(2) 
PARAMETRIC_REPRESENTATION_CONTEXT() REPRESENTATION_CONTEXT('2D SPACE',''
  ) );
#7288 = ORIENTED_EDGE('',*,*,#4493,.T.);
#7289 = ORIENTED_EDGE('',*,*,#7268,.F.);
#7290 = ORIENTED_EDGE('',*,*,#1305,.F.);
#7291 = ADVANCED_FACE('',(#7292),#1361,.F.);
#7292 = FACE_BOUND('',#7293,.F.);
#7293 = EDGE_LOOP('',(#7294,#7315,#7316,#7317));
#7294 = ORIENTED_EDGE('',*,*,#7295,.T.);
#7295 = EDGE_CURVE('',#1341,#4524,#7296,.T.);
#7296 = SEAM_CURVE('',#7297,(#7301,#7308),.PCURVE_S1.);
#7297 = LINE('',#7298,#7299);
#7298 = CARTESIAN_POINT('',(7.65,57.75,-4.6E-02));
#7299 = VECTOR('',#7300,1.);
#7300 = DIRECTION('',(0.,0.,1.));
#7301 = PCURVE('',#1361,#7302);
#7302 = DEFINITIONAL_REPRESENTATION('',(#7303),#7307);
#7303 = LINE('',#7304,#7305);
#7304 = CARTESIAN_POINT('',(0.,0.));
#7305 = VECTOR('',#7306,1.);
#7306 = DIRECTION('',(0.,-1.));
#7307 = ( GEOMETRIC_REPRESENTATION_CONTEXT(2) 
PARAMETRIC_REPRESENTATION_CONTEXT() REPRESENTATION_CONTEXT('2D SPACE',''
  ) );
#7308 = PCURVE('',#1361,#7309);
#7309 = DEFINITIONAL_REPRESENTATION('',(#7310),#7314);
#7310 = LINE('',#7311,#7312);
#7311 = CARTESIAN_POINT('',(6.28318530718,0.));
#7312 = VECTOR('',#7313,1.);
#7313 = DIRECTION('',(0.,-1.));
#7314 = ( GEOMETRIC_REPRESENTATION_CONTEXT(2) 
PARAMETRIC_REPRESENTATION_CONTEXT() REPRESENTATION_CONTEXT('2D SPACE',''
  ) );
#7315 = ORIENTED_EDGE('',*,*,#4523,.T.);
#7316 = ORIENTED_EDGE('',*,*,#7295,.F.);
#7317 = ORIENTED_EDGE('',*,*,#1340,.F.);
#7318 = ADVANCED_FACE('',(#7319),#1396,.F.);
#7319 = FACE_BOUND('',#7320,.F.);
#7320 = EDGE_LOOP('',(#7321,#7342,#7343,#7344));
#7321 = ORIENTED_EDGE('',*,*,#7322,.T.);
#7322 = EDGE_CURVE('',#1376,#4554,#7323,.T.);
#7323 = SEAM_CURVE('',#7324,(#7328,#7335),.PCURVE_S1.);
#7324 = LINE('',#7325,#7326);
#7325 = CARTESIAN_POINT('',(14.,60.29,-4.6E-02));
#7326 = VECTOR('',#7327,1.);
#7327 = DIRECTION('',(0.,0.,1.));
#7328 = PCURVE('',#1396,#7329);
#7329 = DEFINITIONAL_REPRESENTATION('',(#7330),#7334);
#7330 = LINE('',#7331,#7332);
#7331 = CARTESIAN_POINT('',(0.,0.));
#7332 = VECTOR('',#7333,1.);
#7333 = DIRECTION('',(0.,-1.));
#7334 = ( GEOMETRIC_REPRESENTATION_CONTEXT(2) 
PARAMETRIC_REPRESENTATION_CONTEXT() REPRESENTATION_CONTEXT('2D SPACE',''
  ) );
#7335 = PCURVE('',#1396,#7336);
#7336 = DEFINITIONAL_REPRESENTATION('',(#7337),#7341);
#7337 = LINE('',#7338,#7339);
#7338 = CARTESIAN_POINT('',(6.28318530718,0.));
#7339 = VECTOR('',#7340,1.);
#7340 = DIRECTION('',(0.,-1.));
#7341 = ( GEOMETRIC_REPRESENTATION_CONTEXT(2) 
PARAMETRIC_REPRESENTATION_CONTEXT() REPRESENTATION_CONTEXT('2D SPACE',''
  ) );
#7342 = ORIENTED_EDGE('',*,*,#4553,.T.);
#7343 = ORIENTED_EDGE('',*,*,#7322,.F.);
#7344 = ORIENTED_EDGE('',*,*,#1375,.F.);
#7345 = ADVANCED_FACE('',(#7346),#1431,.F.);
#7346 = FACE_BOUND('',#7347,.F.);
#7347 = EDGE_LOOP('',(#7348,#7369,#7370,#7371));
#7348 = ORIENTED_EDGE('',*,*,#7349,.T.);
#7349 = EDGE_CURVE('',#1411,#4584,#7350,.T.);
#7350 = SEAM_CURVE('',#7351,(#7355,#7362),.PCURVE_S1.);
#7351 = LINE('',#7352,#7353);
#7352 = CARTESIAN_POINT('',(25.6633,55.11,-4.6E-02));
#7353 = VECTOR('',#7354,1.);
#7354 = DIRECTION('',(0.,0.,1.));
#7355 = PCURVE('',#1431,#7356);
#7356 = DEFINITIONAL_REPRESENTATION('',(#7357),#7361);
#7357 = LINE('',#7358,#7359);
#7358 = CARTESIAN_POINT('',(0.,0.));
#7359 = VECTOR('',#7360,1.);
#7360 = DIRECTION('',(0.,-1.));
#7361 = ( GEOMETRIC_REPRESENTATION_CONTEXT(2) 
PARAMETRIC_REPRESENTATION_CONTEXT() REPRESENTATION_CONTEXT('2D SPACE',''
  ) );
#7362 = PCURVE('',#1431,#7363);
#7363 = DEFINITIONAL_REPRESENTATION('',(#7364),#7368);
#7364 = LINE('',#7365,#7366);
#7365 = CARTESIAN_POINT('',(6.28318530718,0.));
#7366 = VECTOR('',#7367,1.);
#7367 = DIRECTION('',(0.,-1.));
#7368 = ( GEOMETRIC_REPRESENTATION_CONTEXT(2) 
PARAMETRIC_REPRESENTATION_CONTEXT() REPRESENTATION_CONTEXT('2D SPACE',''
  ) );
#7369 = ORIENTED_EDGE('',*,*,#4583,.T.);
#7370 = ORIENTED_EDGE('',*,*,#7349,.F.);
#7371 = ORIENTED_EDGE('',*,*,#1410,.F.);
#7372 = ADVANCED_FACE('',(#7373),#1466,.F.);
#7373 = FACE_BOUND('',#7374,.F.);
#7374 = EDGE_LOOP('',(#7375,#7396,#7397,#7398));
#7375 = ORIENTED_EDGE('',*,*,#7376,.T.);
#7376 = EDGE_CURVE('',#1446,#4614,#7377,.T.);
#7377 = SEAM_CURVE('',#7378,(#7382,#7389),.PCURVE_S1.);
#7378 = LINE('',#7379,#7380);
#7379 = CARTESIAN_POINT('',(30.7433,53.96,-4.6E-02));
#7380 = VECTOR('',#7381,1.);
#7381 = DIRECTION('',(0.,0.,1.));
#7382 = PCURVE('',#1466,#7383);
#7383 = DEFINITIONAL_REPRESENTATION('',(#7384),#7388);
#7384 = LINE('',#7385,#7386);
#7385 = CARTESIAN_POINT('',(0.,0.));
#7386 = VECTOR('',#7387,1.);
#7387 = DIRECTION('',(0.,-1.));
#7388 = ( GEOMETRIC_REPRESENTATION_CONTEXT(2) 
PARAMETRIC_REPRESENTATION_CONTEXT() REPRESENTATION_CONTEXT('2D SPACE',''
  ) );
#7389 = PCURVE('',#1466,#7390);
#7390 = DEFINITIONAL_REPRESENTATION('',(#7391),#7395);
#7391 = LINE('',#7392,#7393);
#7392 = CARTESIAN_POINT('',(6.28318530718,0.));
#7393 = VECTOR('',#7394,1.);
#7394 = DIRECTION('',(0.,-1.));
#7395 = ( GEOMETRIC_REPRESENTATION_CONTEXT(2) 
PARAMETRIC_REPRESENTATION_CONTEXT() REPRESENTATION_CONTEXT('2D SPACE',''
  ) );
#7396 = ORIENTED_EDGE('',*,*,#4613,.T.);
#7397 = ORIENTED_EDGE('',*,*,#7376,.F.);
#7398 = ORIENTED_EDGE('',*,*,#1445,.F.);
#7399 = ADVANCED_FACE('',(#7400),#1501,.F.);
#7400 = FACE_BOUND('',#7401,.F.);
#7401 = EDGE_LOOP('',(#7402,#7423,#7424,#7425));
#7402 = ORIENTED_EDGE('',*,*,#7403,.T.);
#7403 = EDGE_CURVE('',#1481,#4644,#7404,.T.);
#7404 = SEAM_CURVE('',#7405,(#7409,#7416),.PCURVE_S1.);
#7405 = LINE('',#7406,#7407);
#7406 = CARTESIAN_POINT('',(35.8233,55.11,-4.6E-02));
#7407 = VECTOR('',#7408,1.);
#7408 = DIRECTION('',(0.,0.,1.));
#7409 = PCURVE('',#1501,#7410);
#7410 = DEFINITIONAL_REPRESENTATION('',(#7411),#7415);
#7411 = LINE('',#7412,#7413);
#7412 = CARTESIAN_POINT('',(0.,0.));
#7413 = VECTOR('',#7414,1.);
#7414 = DIRECTION('',(0.,-1.));
#7415 = ( GEOMETRIC_REPRESENTATION_CONTEXT(2) 
PARAMETRIC_REPRESENTATION_CONTEXT() REPRESENTATION_CONTEXT('2D SPACE',''
  ) );
#7416 = PCURVE('',#1501,#7417);
#7417 = DEFINITIONAL_REPRESENTATION('',(#7418),#7422);
#7418 = LINE('',#7419,#7420);
#7419 = CARTESIAN_POINT('',(6.28318530718,0.));
#7420 = VECTOR('',#7421,1.);
#7421 = DIRECTION('',(0.,-1.));
#7422 = ( GEOMETRIC_REPRESENTATION_CONTEXT(2) 
PARAMETRIC_REPRESENTATION_CONTEXT() REPRESENTATION_CONTEXT('2D SPACE',''
  ) );
#7423 = ORIENTED_EDGE('',*,*,#4643,.T.);
#7424 = ORIENTED_EDGE('',*,*,#7403,.F.);
#7425 = ORIENTED_EDGE('',*,*,#1480,.F.);
#7426 = ADVANCED_FACE('',(#7427),#1536,.F.);
#7427 = FACE_BOUND('',#7428,.F.);
#7428 = EDGE_LOOP('',(#7429,#7450,#7451,#7452));
#7429 = ORIENTED_EDGE('',*,*,#7430,.T.);
#7430 = EDGE_CURVE('',#1516,#4674,#7431,.T.);
#7431 = SEAM_CURVE('',#7432,(#7436,#7443),.PCURVE_S1.);
#7432 = LINE('',#7433,#7434);
#7433 = CARTESIAN_POINT('',(44.9467,55.11,-4.6E-02));
#7434 = VECTOR('',#7435,1.);
#7435 = DIRECTION('',(0.,0.,1.));
#7436 = PCURVE('',#1536,#7437);
#7437 = DEFINITIONAL_REPRESENTATION('',(#7438),#7442);
#7438 = LINE('',#7439,#7440);
#7439 = CARTESIAN_POINT('',(0.,0.));
#7440 = VECTOR('',#7441,1.);
#7441 = DIRECTION('',(0.,-1.));
#7442 = ( GEOMETRIC_REPRESENTATION_CONTEXT(2) 
PARAMETRIC_REPRESENTATION_CONTEXT() REPRESENTATION_CONTEXT('2D SPACE',''
  ) );
#7443 = PCURVE('',#1536,#7444);
#7444 = DEFINITIONAL_REPRESENTATION('',(#7445),#7449);
#7445 = LINE('',#7446,#7447);
#7446 = CARTESIAN_POINT('',(6.28318530718,0.));
#7447 = VECTOR('',#7448,1.);
#7448 = DIRECTION('',(0.,-1.));
#7449 = ( GEOMETRIC_REPRESENTATION_CONTEXT(2) 
PARAMETRIC_REPRESENTATION_CONTEXT() REPRESENTATION_CONTEXT('2D SPACE',''
  ) );
#7450 = ORIENTED_EDGE('',*,*,#4673,.T.);
#7451 = ORIENTED_EDGE('',*,*,#7430,.F.);
#7452 = ORIENTED_EDGE('',*,*,#1515,.F.);
#7453 = ADVANCED_FACE('',(#7454),#1571,.F.);
#7454 = FACE_BOUND('',#7455,.F.);
#7455 = EDGE_LOOP('',(#7456,#7477,#7478,#7479));
#7456 = ORIENTED_EDGE('',*,*,#7457,.T.);
#7457 = EDGE_CURVE('',#1551,#4704,#7458,.T.);
#7458 = SEAM_CURVE('',#7459,(#7463,#7470),.PCURVE_S1.);
#7459 = LINE('',#7460,#7461);
#7460 = CARTESIAN_POINT('',(26.9333,57.75,-4.6E-02));
#7461 = VECTOR('',#7462,1.);
#7462 = DIRECTION('',(0.,0.,1.));
#7463 = PCURVE('',#1571,#7464);
#7464 = DEFINITIONAL_REPRESENTATION('',(#7465),#7469);
#7465 = LINE('',#7466,#7467);
#7466 = CARTESIAN_POINT('',(0.,0.));
#7467 = VECTOR('',#7468,1.);
#7468 = DIRECTION('',(0.,-1.));
#7469 = ( GEOMETRIC_REPRESENTATION_CONTEXT(2) 
PARAMETRIC_REPRESENTATION_CONTEXT() REPRESENTATION_CONTEXT('2D SPACE',''
  ) );
#7470 = PCURVE('',#1571,#7471);
#7471 = DEFINITIONAL_REPRESENTATION('',(#7472),#7476);
#7472 = LINE('',#7473,#7474);
#7473 = CARTESIAN_POINT('',(6.28318530718,0.));
#7474 = VECTOR('',#7475,1.);
#7475 = DIRECTION('',(0.,-1.));
#7476 = ( GEOMETRIC_REPRESENTATION_CONTEXT(2) 
PARAMETRIC_REPRESENTATION_CONTEXT() REPRESENTATION_CONTEXT('2D SPACE',''
  ) );
#7477 = ORIENTED_EDGE('',*,*,#4703,.T.);
#7478 = ORIENTED_EDGE('',*,*,#7457,.F.);
#7479 = ORIENTED_EDGE('',*,*,#1550,.F.);
#7480 = ADVANCED_FACE('',(#7481),#1606,.F.);
#7481 = FACE_BOUND('',#7482,.F.);
#7482 = EDGE_LOOP('',(#7483,#7504,#7505,#7506));
#7483 = ORIENTED_EDGE('',*,*,#7484,.T.);
#7484 = EDGE_CURVE('',#1586,#4734,#7485,.T.);
#7485 = SEAM_CURVE('',#7486,(#7490,#7497),.PCURVE_S1.);
#7486 = LINE('',#7487,#7488);
#7487 = CARTESIAN_POINT('',(33.2833,60.29,-4.6E-02));
#7488 = VECTOR('',#7489,1.);
#7489 = DIRECTION('',(0.,0.,1.));
#7490 = PCURVE('',#1606,#7491);
#7491 = DEFINITIONAL_REPRESENTATION('',(#7492),#7496);
#7492 = LINE('',#7493,#7494);
#7493 = CARTESIAN_POINT('',(0.,0.));
#7494 = VECTOR('',#7495,1.);
#7495 = DIRECTION('',(0.,-1.));
#7496 = ( GEOMETRIC_REPRESENTATION_CONTEXT(2) 
PARAMETRIC_REPRESENTATION_CONTEXT() REPRESENTATION_CONTEXT('2D SPACE',''
  ) );
#7497 = PCURVE('',#1606,#7498);
#7498 = DEFINITIONAL_REPRESENTATION('',(#7499),#7503);
#7499 = LINE('',#7500,#7501);
#7500 = CARTESIAN_POINT('',(6.28318530718,0.));
#7501 = VECTOR('',#7502,1.);
#7502 = DIRECTION('',(0.,-1.));
#7503 = ( GEOMETRIC_REPRESENTATION_CONTEXT(2) 
PARAMETRIC_REPRESENTATION_CONTEXT() REPRESENTATION_CONTEXT('2D SPACE',''
  ) );
#7504 = ORIENTED_EDGE('',*,*,#4733,.T.);
#7505 = ORIENTED_EDGE('',*,*,#7484,.F.);
#7506 = ORIENTED_EDGE('',*,*,#1585,.F.);
#7507 = ADVANCED_FACE('',(#7508),#1641,.F.);
#7508 = FACE_BOUND('',#7509,.F.);
#7509 = EDGE_LOOP('',(#7510,#7531,#7532,#7533));
#7510 = ORIENTED_EDGE('',*,*,#7511,.T.);
#7511 = EDGE_CURVE('',#1621,#4764,#7512,.T.);
#7512 = SEAM_CURVE('',#7513,(#7517,#7524),.PCURVE_S1.);
#7513 = LINE('',#7514,#7515);
#7514 = CARTESIAN_POINT('',(46.2167,57.75,-4.6E-02));
#7515 = VECTOR('',#7516,1.);
#7516 = DIRECTION('',(0.,0.,1.));
#7517 = PCURVE('',#1641,#7518);
#7518 = DEFINITIONAL_REPRESENTATION('',(#7519),#7523);
#7519 = LINE('',#7520,#7521);
#7520 = CARTESIAN_POINT('',(0.,0.));
#7521 = VECTOR('',#7522,1.);
#7522 = DIRECTION('',(0.,-1.));
#7523 = ( GEOMETRIC_REPRESENTATION_CONTEXT(2) 
PARAMETRIC_REPRESENTATION_CONTEXT() REPRESENTATION_CONTEXT('2D SPACE',''
  ) );
#7524 = PCURVE('',#1641,#7525);
#7525 = DEFINITIONAL_REPRESENTATION('',(#7526),#7530);
#7526 = LINE('',#7527,#7528);
#7527 = CARTESIAN_POINT('',(6.28318530718,0.));
#7528 = VECTOR('',#7529,1.);
#7529 = DIRECTION('',(0.,-1.));
#7530 = ( GEOMETRIC_REPRESENTATION_CONTEXT(2) 
PARAMETRIC_REPRESENTATION_CONTEXT() REPRESENTATION_CONTEXT('2D SPACE',''
  ) );
#7531 = ORIENTED_EDGE('',*,*,#4763,.T.);
#7532 = ORIENTED_EDGE('',*,*,#7511,.F.);
#7533 = ORIENTED_EDGE('',*,*,#1620,.F.);
#7534 = ADVANCED_FACE('',(#7535),#1676,.F.);
#7535 = FACE_BOUND('',#7536,.F.);
#7536 = EDGE_LOOP('',(#7537,#7558,#7559,#7560));
#7537 = ORIENTED_EDGE('',*,*,#7538,.T.);
#7538 = EDGE_CURVE('',#1656,#4794,#7539,.T.);
#7539 = SEAM_CURVE('',#7540,(#7544,#7551),.PCURVE_S1.);
#7540 = LINE('',#7541,#7542);
#7541 = CARTESIAN_POINT('',(6.38,74.4,-4.6E-02));
#7542 = VECTOR('',#7543,1.);
#7543 = DIRECTION('',(0.,0.,1.));
#7544 = PCURVE('',#1676,#7545);
#7545 = DEFINITIONAL_REPRESENTATION('',(#7546),#7550);
#7546 = LINE('',#7547,#7548);
#7547 = CARTESIAN_POINT('',(0.,0.));
#7548 = VECTOR('',#7549,1.);
#7549 = DIRECTION('',(0.,-1.));
#7550 = ( GEOMETRIC_REPRESENTATION_CONTEXT(2) 
PARAMETRIC_REPRESENTATION_CONTEXT() REPRESENTATION_CONTEXT('2D SPACE',''
  ) );
#7551 = PCURVE('',#1676,#7552);
#7552 = DEFINITIONAL_REPRESENTATION('',(#7553),#7557);
#7553 = LINE('',#7554,#7555);
#7554 = CARTESIAN_POINT('',(6.28318530718,0.));
#7555 = VECTOR('',#7556,1.);
#7556 = DIRECTION('',(0.,-1.));
#7557 = ( GEOMETRIC_REPRESENTATION_CONTEXT(2) 
PARAMETRIC_REPRESENTATION_CONTEXT() REPRESENTATION_CONTEXT('2D SPACE',''
  ) );
#7558 = ORIENTED_EDGE('',*,*,#4793,.T.);
#7559 = ORIENTED_EDGE('',*,*,#7538,.F.);
#7560 = ORIENTED_EDGE('',*,*,#1655,.F.);
#7561 = ADVANCED_FACE('',(#7562),#1711,.F.);
#7562 = FACE_BOUND('',#7563,.F.);
#7563 = EDGE_LOOP('',(#7564,#7585,#7586,#7587));
#7564 = ORIENTED_EDGE('',*,*,#7565,.T.);
#7565 = EDGE_CURVE('',#1691,#4824,#7566,.T.);
#7566 = SEAM_CURVE('',#7567,(#7571,#7578),.PCURVE_S1.);
#7567 = LINE('',#7568,#7569);
#7568 = CARTESIAN_POINT('',(11.46,73.25,-4.6E-02));
#7569 = VECTOR('',#7570,1.);
#7570 = DIRECTION('',(0.,0.,1.));
#7571 = PCURVE('',#1711,#7572);
#7572 = DEFINITIONAL_REPRESENTATION('',(#7573),#7577);
#7573 = LINE('',#7574,#7575);
#7574 = CARTESIAN_POINT('',(0.,0.));
#7575 = VECTOR('',#7576,1.);
#7576 = DIRECTION('',(0.,-1.));
#7577 = ( GEOMETRIC_REPRESENTATION_CONTEXT(2) 
PARAMETRIC_REPRESENTATION_CONTEXT() REPRESENTATION_CONTEXT('2D SPACE',''
  ) );
#7578 = PCURVE('',#1711,#7579);
#7579 = DEFINITIONAL_REPRESENTATION('',(#7580),#7584);
#7580 = LINE('',#7581,#7582);
#7581 = CARTESIAN_POINT('',(6.28318530718,0.));
#7582 = VECTOR('',#7583,1.);
#7583 = DIRECTION('',(0.,-1.));
#7584 = ( GEOMETRIC_REPRESENTATION_CONTEXT(2) 
PARAMETRIC_REPRESENTATION_CONTEXT() REPRESENTATION_CONTEXT('2D SPACE',''
  ) );
#7585 = ORIENTED_EDGE('',*,*,#4823,.T.);
#7586 = ORIENTED_EDGE('',*,*,#7565,.F.);
#7587 = ORIENTED_EDGE('',*,*,#1690,.F.);
#7588 = ADVANCED_FACE('',(#7589),#1746,.F.);
#7589 = FACE_BOUND('',#7590,.F.);
#7590 = EDGE_LOOP('',(#7591,#7612,#7613,#7614));
#7591 = ORIENTED_EDGE('',*,*,#7592,.T.);
#7592 = EDGE_CURVE('',#1726,#4854,#7593,.T.);
#7593 = SEAM_CURVE('',#7594,(#7598,#7605),.PCURVE_S1.);
#7594 = LINE('',#7595,#7596);
#7595 = CARTESIAN_POINT('',(7.65,77.04,-4.6E-02));
#7596 = VECTOR('',#7597,1.);
#7597 = DIRECTION('',(0.,0.,1.));
#7598 = PCURVE('',#1746,#7599);
#7599 = DEFINITIONAL_REPRESENTATION('',(#7600),#7604);
#7600 = LINE('',#7601,#7602);
#7601 = CARTESIAN_POINT('',(0.,0.));
#7602 = VECTOR('',#7603,1.);
#7603 = DIRECTION('',(0.,-1.));
#7604 = ( GEOMETRIC_REPRESENTATION_CONTEXT(2) 
PARAMETRIC_REPRESENTATION_CONTEXT() REPRESENTATION_CONTEXT('2D SPACE',''
  ) );
#7605 = PCURVE('',#1746,#7606);
#7606 = DEFINITIONAL_REPRESENTATION('',(#7607),#7611);
#7607 = LINE('',#7608,#7609);
#7608 = CARTESIAN_POINT('',(6.28318530718,0.));
#7609 = VECTOR('',#7610,1.);
#7610 = DIRECTION('',(0.,-1.));
#7611 = ( GEOMETRIC_REPRESENTATION_CONTEXT(2) 
PARAMETRIC_REPRESENTATION_CONTEXT() REPRESENTATION_CONTEXT('2D SPACE',''
  ) );
#7612 = ORIENTED_EDGE('',*,*,#4853,.T.);
#7613 = ORIENTED_EDGE('',*,*,#7592,.F.);
#7614 = ORIENTED_EDGE('',*,*,#1725,.F.);
#7615 = ADVANCED_FACE('',(#7616),#1781,.F.);
#7616 = FACE_BOUND('',#7617,.F.);
#7617 = EDGE_LOOP('',(#7618,#7639,#7640,#7641));
#7618 = ORIENTED_EDGE('',*,*,#7619,.T.);
#7619 = EDGE_CURVE('',#1761,#4884,#7620,.T.);
#7620 = SEAM_CURVE('',#7621,(#7625,#7632),.PCURVE_S1.);
#7621 = LINE('',#7622,#7623);
#7622 = CARTESIAN_POINT('',(16.54,74.4,-4.6E-02));
#7623 = VECTOR('',#7624,1.);
#7624 = DIRECTION('',(0.,0.,1.));
#7625 = PCURVE('',#1781,#7626);
#7626 = DEFINITIONAL_REPRESENTATION('',(#7627),#7631);
#7627 = LINE('',#7628,#7629);
#7628 = CARTESIAN_POINT('',(0.,0.));
#7629 = VECTOR('',#7630,1.);
#7630 = DIRECTION('',(0.,-1.));
#7631 = ( GEOMETRIC_REPRESENTATION_CONTEXT(2) 
PARAMETRIC_REPRESENTATION_CONTEXT() REPRESENTATION_CONTEXT('2D SPACE',''
  ) );
#7632 = PCURVE('',#1781,#7633);
#7633 = DEFINITIONAL_REPRESENTATION('',(#7634),#7638);
#7634 = LINE('',#7635,#7636);
#7635 = CARTESIAN_POINT('',(6.28318530718,0.));
#7636 = VECTOR('',#7637,1.);
#7637 = DIRECTION('',(0.,-1.));
#7638 = ( GEOMETRIC_REPRESENTATION_CONTEXT(2) 
PARAMETRIC_REPRESENTATION_CONTEXT() REPRESENTATION_CONTEXT('2D SPACE',''
  ) );
#7639 = ORIENTED_EDGE('',*,*,#4883,.T.);
#7640 = ORIENTED_EDGE('',*,*,#7619,.F.);
#7641 = ORIENTED_EDGE('',*,*,#1760,.F.);
#7642 = ADVANCED_FACE('',(#7643),#1816,.F.);
#7643 = FACE_BOUND('',#7644,.F.);
#7644 = EDGE_LOOP('',(#7645,#7666,#7667,#7668));
#7645 = ORIENTED_EDGE('',*,*,#7646,.T.);
#7646 = EDGE_CURVE('',#1796,#4914,#7647,.T.);
#7647 = SEAM_CURVE('',#7648,(#7652,#7659),.PCURVE_S1.);
#7648 = LINE('',#7649,#7650);
#7649 = CARTESIAN_POINT('',(2.75,87.7,-4.6E-02));
#7650 = VECTOR('',#7651,1.);
#7651 = DIRECTION('',(0.,0.,1.));
#7652 = PCURVE('',#1816,#7653);
#7653 = DEFINITIONAL_REPRESENTATION('',(#7654),#7658);
#7654 = LINE('',#7655,#7656);
#7655 = CARTESIAN_POINT('',(0.,0.));
#7656 = VECTOR('',#7657,1.);
#7657 = DIRECTION('',(0.,-1.));
#7658 = ( GEOMETRIC_REPRESENTATION_CONTEXT(2) 
PARAMETRIC_REPRESENTATION_CONTEXT() REPRESENTATION_CONTEXT('2D SPACE',''
  ) );
#7659 = PCURVE('',#1816,#7660);
#7660 = DEFINITIONAL_REPRESENTATION('',(#7661),#7665);
#7661 = LINE('',#7662,#7663);
#7662 = CARTESIAN_POINT('',(6.28318530718,0.));
#7663 = VECTOR('',#7664,1.);
#7664 = DIRECTION('',(0.,-1.));
#7665 = ( GEOMETRIC_REPRESENTATION_CONTEXT(2) 
PARAMETRIC_REPRESENTATION_CONTEXT() REPRESENTATION_CONTEXT('2D SPACE',''
  ) );
#7666 = ORIENTED_EDGE('',*,*,#4913,.T.);
#7667 = ORIENTED_EDGE('',*,*,#7646,.F.);
#7668 = ORIENTED_EDGE('',*,*,#1795,.F.);
#7669 = ADVANCED_FACE('',(#7670),#1851,.F.);
#7670 = FACE_BOUND('',#7671,.F.);
#7671 = EDGE_LOOP('',(#7672,#7693,#7694,#7695));
#7672 = ORIENTED_EDGE('',*,*,#7673,.T.);
#7673 = EDGE_CURVE('',#1831,#4944,#7674,.T.);
#7674 = SEAM_CURVE('',#7675,(#7679,#7686),.PCURVE_S1.);
#7675 = LINE('',#7676,#7677);
#7676 = CARTESIAN_POINT('',(9.,88.25,-4.6E-02));
#7677 = VECTOR('',#7678,1.);
#7678 = DIRECTION('',(0.,0.,1.));
#7679 = PCURVE('',#1851,#7680);
#7680 = DEFINITIONAL_REPRESENTATION('',(#7681),#7685);
#7681 = LINE('',#7682,#7683);
#7682 = CARTESIAN_POINT('',(0.,0.));
#7683 = VECTOR('',#7684,1.);
#7684 = DIRECTION('',(0.,-1.));
#7685 = ( GEOMETRIC_REPRESENTATION_CONTEXT(2) 
PARAMETRIC_REPRESENTATION_CONTEXT() REPRESENTATION_CONTEXT('2D SPACE',''
  ) );
#7686 = PCURVE('',#1851,#7687);
#7687 = DEFINITIONAL_REPRESENTATION('',(#7688),#7692);
#7688 = LINE('',#7689,#7690);
#7689 = CARTESIAN_POINT('',(6.28318530718,0.));
#7690 = VECTOR('',#7691,1.);
#7691 = DIRECTION('',(0.,-1.));
#7692 = ( GEOMETRIC_REPRESENTATION_CONTEXT(2) 
PARAMETRIC_REPRESENTATION_CONTEXT() REPRESENTATION_CONTEXT('2D SPACE',''
  ) );
#7693 = ORIENTED_EDGE('',*,*,#4943,.T.);
#7694 = ORIENTED_EDGE('',*,*,#7673,.F.);
#7695 = ORIENTED_EDGE('',*,*,#1830,.F.);
#7696 = ADVANCED_FACE('',(#7697),#1886,.F.);
#7697 = FACE_BOUND('',#7698,.F.);
#7698 = EDGE_LOOP('',(#7699,#7720,#7721,#7722));
#7699 = ORIENTED_EDGE('',*,*,#7700,.T.);
#7700 = EDGE_CURVE('',#1866,#4974,#7701,.T.);
#7701 = SEAM_CURVE('',#7702,(#7706,#7713),.PCURVE_S1.);
#7702 = LINE('',#7703,#7704);
#7703 = CARTESIAN_POINT('',(11.54,88.25,-4.6E-02));
#7704 = VECTOR('',#7705,1.);
#7705 = DIRECTION('',(0.,0.,1.));
#7706 = PCURVE('',#1886,#7707);
#7707 = DEFINITIONAL_REPRESENTATION('',(#7708),#7712);
#7708 = LINE('',#7709,#7710);
#7709 = CARTESIAN_POINT('',(0.,0.));
#7710 = VECTOR('',#7711,1.);
#7711 = DIRECTION('',(0.,-1.));
#7712 = ( GEOMETRIC_REPRESENTATION_CONTEXT(2) 
PARAMETRIC_REPRESENTATION_CONTEXT() REPRESENTATION_CONTEXT('2D SPACE',''
  ) );
#7713 = PCURVE('',#1886,#7714);
#7714 = DEFINITIONAL_REPRESENTATION('',(#7715),#7719);
#7715 = LINE('',#7716,#7717);
#7716 = CARTESIAN_POINT('',(6.28318530718,0.));
#7717 = VECTOR('',#7718,1.);
#7718 = DIRECTION('',(0.,-1.));
#7719 = ( GEOMETRIC_REPRESENTATION_CONTEXT(2) 
PARAMETRIC_REPRESENTATION_CONTEXT() REPRESENTATION_CONTEXT('2D SPACE',''
  ) );
#7720 = ORIENTED_EDGE('',*,*,#4973,.T.);
#7721 = ORIENTED_EDGE('',*,*,#7700,.F.);
#7722 = ORIENTED_EDGE('',*,*,#1865,.F.);
#7723 = ADVANCED_FACE('',(#7724),#1921,.F.);
#7724 = FACE_BOUND('',#7725,.F.);
#7725 = EDGE_LOOP('',(#7726,#7747,#7748,#7749));
#7726 = ORIENTED_EDGE('',*,*,#7727,.T.);
#7727 = EDGE_CURVE('',#1901,#5004,#7728,.T.);
#7728 = SEAM_CURVE('',#7729,(#7733,#7740),.PCURVE_S1.);
#7729 = LINE('',#7730,#7731);
#7730 = CARTESIAN_POINT('',(14.,79.58,-4.6E-02));
#7731 = VECTOR('',#7732,1.);
#7732 = DIRECTION('',(0.,0.,1.));
#7733 = PCURVE('',#1921,#7734);
#7734 = DEFINITIONAL_REPRESENTATION('',(#7735),#7739);
#7735 = LINE('',#7736,#7737);
#7736 = CARTESIAN_POINT('',(0.,0.));
#7737 = VECTOR('',#7738,1.);
#7738 = DIRECTION('',(0.,-1.));
#7739 = ( GEOMETRIC_REPRESENTATION_CONTEXT(2) 
PARAMETRIC_REPRESENTATION_CONTEXT() REPRESENTATION_CONTEXT('2D SPACE',''
  ) );
#7740 = PCURVE('',#1921,#7741);
#7741 = DEFINITIONAL_REPRESENTATION('',(#7742),#7746);
#7742 = LINE('',#7743,#7744);
#7743 = CARTESIAN_POINT('',(6.28318530718,0.));
#7744 = VECTOR('',#7745,1.);
#7745 = DIRECTION('',(0.,-1.));
#7746 = ( GEOMETRIC_REPRESENTATION_CONTEXT(2) 
PARAMETRIC_REPRESENTATION_CONTEXT() REPRESENTATION_CONTEXT('2D SPACE',''
  ) );
#7747 = ORIENTED_EDGE('',*,*,#5003,.T.);
#7748 = ORIENTED_EDGE('',*,*,#7727,.F.);
#7749 = ORIENTED_EDGE('',*,*,#1900,.F.);
#7750 = ADVANCED_FACE('',(#7751),#1956,.F.);
#7751 = FACE_BOUND('',#7752,.F.);
#7752 = EDGE_LOOP('',(#7753,#7774,#7775,#7776));
#7753 = ORIENTED_EDGE('',*,*,#7754,.T.);
#7754 = EDGE_CURVE('',#1936,#5034,#7755,.T.);
#7755 = SEAM_CURVE('',#7756,(#7760,#7767),.PCURVE_S1.);
#7756 = LINE('',#7757,#7758);
#7757 = CARTESIAN_POINT('',(14.08,88.25,-4.6E-02));
#7758 = VECTOR('',#7759,1.);
#7759 = DIRECTION('',(0.,0.,1.));
#7760 = PCURVE('',#1956,#7761);
#7761 = DEFINITIONAL_REPRESENTATION('',(#7762),#7766);
#7762 = LINE('',#7763,#7764);
#7763 = CARTESIAN_POINT('',(0.,0.));
#7764 = VECTOR('',#7765,1.);
#7765 = DIRECTION('',(0.,-1.));
#7766 = ( GEOMETRIC_REPRESENTATION_CONTEXT(2) 
PARAMETRIC_REPRESENTATION_CONTEXT() REPRESENTATION_CONTEXT('2D SPACE',''
  ) );
#7767 = PCURVE('',#1956,#7768);
#7768 = DEFINITIONAL_REPRESENTATION('',(#7769),#7773);
#7769 = LINE('',#7770,#7771);
#7770 = CARTESIAN_POINT('',(6.28318530718,0.));
#7771 = VECTOR('',#7772,1.);
#7772 = DIRECTION('',(0.,-1.));
#7773 = ( GEOMETRIC_REPRESENTATION_CONTEXT(2) 
PARAMETRIC_REPRESENTATION_CONTEXT() REPRESENTATION_CONTEXT('2D SPACE',''
  ) );
#7774 = ORIENTED_EDGE('',*,*,#5033,.T.);
#7775 = ORIENTED_EDGE('',*,*,#7754,.F.);
#7776 = ORIENTED_EDGE('',*,*,#1935,.F.);
#7777 = ADVANCED_FACE('',(#7778),#1991,.F.);
#7778 = FACE_BOUND('',#7779,.F.);
#7779 = EDGE_LOOP('',(#7780,#7801,#7802,#7803));
#7780 = ORIENTED_EDGE('',*,*,#7781,.T.);
#7781 = EDGE_CURVE('',#1971,#5064,#7782,.T.);
#7782 = SEAM_CURVE('',#7783,(#7787,#7794),.PCURVE_S1.);
#7783 = LINE('',#7784,#7785);
#7784 = CARTESIAN_POINT('',(16.62,88.25,-4.6E-02));
#7785 = VECTOR('',#7786,1.);
#7786 = DIRECTION('',(0.,0.,1.));
#7787 = PCURVE('',#1991,#7788);
#7788 = DEFINITIONAL_REPRESENTATION('',(#7789),#7793);
#7789 = LINE('',#7790,#7791);
#7790 = CARTESIAN_POINT('',(0.,0.));
#7791 = VECTOR('',#7792,1.);
#7792 = DIRECTION('',(0.,-1.));
#7793 = ( GEOMETRIC_REPRESENTATION_CONTEXT(2) 
PARAMETRIC_REPRESENTATION_CONTEXT() REPRESENTATION_CONTEXT('2D SPACE',''
  ) );
#7794 = PCURVE('',#1991,#7795);
#7795 = DEFINITIONAL_REPRESENTATION('',(#7796),#7800);
#7796 = LINE('',#7797,#7798);
#7797 = CARTESIAN_POINT('',(6.28318530718,0.));
#7798 = VECTOR('',#7799,1.);
#7799 = DIRECTION('',(0.,-1.));
#7800 = ( GEOMETRIC_REPRESENTATION_CONTEXT(2) 
PARAMETRIC_REPRESENTATION_CONTEXT() REPRESENTATION_CONTEXT('2D SPACE',''
  ) );
#7801 = ORIENTED_EDGE('',*,*,#5063,.T.);
#7802 = ORIENTED_EDGE('',*,*,#7781,.F.);
#7803 = ORIENTED_EDGE('',*,*,#1970,.F.);
#7804 = ADVANCED_FACE('',(#7805),#2026,.F.);
#7805 = FACE_BOUND('',#7806,.F.);
#7806 = EDGE_LOOP('',(#7807,#7828,#7829,#7830));
#7807 = ORIENTED_EDGE('',*,*,#7808,.T.);
#7808 = EDGE_CURVE('',#2006,#5094,#7809,.T.);
#7809 = SEAM_CURVE('',#7810,(#7814,#7821),.PCURVE_S1.);
#7810 = LINE('',#7811,#7812);
#7811 = CARTESIAN_POINT('',(19.16,88.25,-4.6E-02));
#7812 = VECTOR('',#7813,1.);
#7813 = DIRECTION('',(0.,0.,1.));
#7814 = PCURVE('',#2026,#7815);
#7815 = DEFINITIONAL_REPRESENTATION('',(#7816),#7820);
#7816 = LINE('',#7817,#7818);
#7817 = CARTESIAN_POINT('',(0.,0.));
#7818 = VECTOR('',#7819,1.);
#7819 = DIRECTION('',(0.,-1.));
#7820 = ( GEOMETRIC_REPRESENTATION_CONTEXT(2) 
PARAMETRIC_REPRESENTATION_CONTEXT() REPRESENTATION_CONTEXT('2D SPACE',''
  ) );
#7821 = PCURVE('',#2026,#7822);
#7822 = DEFINITIONAL_REPRESENTATION('',(#7823),#7827);
#7823 = LINE('',#7824,#7825);
#7824 = CARTESIAN_POINT('',(6.28318530718,0.));
#7825 = VECTOR('',#7826,1.);
#7826 = DIRECTION('',(0.,-1.));
#7827 = ( GEOMETRIC_REPRESENTATION_CONTEXT(2) 
PARAMETRIC_REPRESENTATION_CONTEXT() REPRESENTATION_CONTEXT('2D SPACE',''
  ) );
#7828 = ORIENTED_EDGE('',*,*,#5093,.T.);
#7829 = ORIENTED_EDGE('',*,*,#7808,.F.);
#7830 = ORIENTED_EDGE('',*,*,#2005,.F.);
#7831 = ADVANCED_FACE('',(#7832),#2061,.F.);
#7832 = FACE_BOUND('',#7833,.F.);
#7833 = EDGE_LOOP('',(#7834,#7855,#7856,#7857));
#7834 = ORIENTED_EDGE('',*,*,#7835,.T.);
#7835 = EDGE_CURVE('',#2041,#5124,#7836,.T.);
#7836 = SEAM_CURVE('',#7837,(#7841,#7848),.PCURVE_S1.);
#7837 = LINE('',#7838,#7839);
#7838 = CARTESIAN_POINT('',(21.7,88.25,-4.6E-02));
#7839 = VECTOR('',#7840,1.);
#7840 = DIRECTION('',(0.,0.,1.));
#7841 = PCURVE('',#2061,#7842);
#7842 = DEFINITIONAL_REPRESENTATION('',(#7843),#7847);
#7843 = LINE('',#7844,#7845);
#7844 = CARTESIAN_POINT('',(0.,0.));
#7845 = VECTOR('',#7846,1.);
#7846 = DIRECTION('',(0.,-1.));
#7847 = ( GEOMETRIC_REPRESENTATION_CONTEXT(2) 
PARAMETRIC_REPRESENTATION_CONTEXT() REPRESENTATION_CONTEXT('2D SPACE',''
  ) );
#7848 = PCURVE('',#2061,#7849);
#7849 = DEFINITIONAL_REPRESENTATION('',(#7850),#7854);
#7850 = LINE('',#7851,#7852);
#7851 = CARTESIAN_POINT('',(6.28318530718,0.));
#7852 = VECTOR('',#7853,1.);
#7853 = DIRECTION('',(0.,-1.));
#7854 = ( GEOMETRIC_REPRESENTATION_CONTEXT(2) 
PARAMETRIC_REPRESENTATION_CONTEXT() REPRESENTATION_CONTEXT('2D SPACE',''
  ) );
#7855 = ORIENTED_EDGE('',*,*,#5123,.T.);
#7856 = ORIENTED_EDGE('',*,*,#7835,.F.);
#7857 = ORIENTED_EDGE('',*,*,#2040,.F.);
#7858 = ADVANCED_FACE('',(#7859),#2096,.F.);
#7859 = FACE_BOUND('',#7860,.F.);
#7860 = EDGE_LOOP('',(#7861,#7882,#7883,#7884));
#7861 = ORIENTED_EDGE('',*,*,#7862,.T.);
#7862 = EDGE_CURVE('',#2076,#5154,#7863,.T.);
#7863 = SEAM_CURVE('',#7864,(#7868,#7875),.PCURVE_S1.);
#7864 = LINE('',#7865,#7866);
#7865 = CARTESIAN_POINT('',(24.24,88.25,-4.6E-02));
#7866 = VECTOR('',#7867,1.);
#7867 = DIRECTION('',(0.,0.,1.));
#7868 = PCURVE('',#2096,#7869);
#7869 = DEFINITIONAL_REPRESENTATION('',(#7870),#7874);
#7870 = LINE('',#7871,#7872);
#7871 = CARTESIAN_POINT('',(0.,0.));
#7872 = VECTOR('',#7873,1.);
#7873 = DIRECTION('',(0.,-1.));
#7874 = ( GEOMETRIC_REPRESENTATION_CONTEXT(2) 
PARAMETRIC_REPRESENTATION_CONTEXT() REPRESENTATION_CONTEXT('2D SPACE',''
  ) );
#7875 = PCURVE('',#2096,#7876);
#7876 = DEFINITIONAL_REPRESENTATION('',(#7877),#7881);
#7877 = LINE('',#7878,#7879);
#7878 = CARTESIAN_POINT('',(6.28318530718,0.));
#7879 = VECTOR('',#7880,1.);
#7880 = DIRECTION('',(0.,-1.));
#7881 = ( GEOMETRIC_REPRESENTATION_CONTEXT(2) 
PARAMETRIC_REPRESENTATION_CONTEXT() REPRESENTATION_CONTEXT('2D SPACE',''
  ) );
#7882 = ORIENTED_EDGE('',*,*,#5153,.T.);
#7883 = ORIENTED_EDGE('',*,*,#7862,.F.);
#7884 = ORIENTED_EDGE('',*,*,#2075,.F.);
#7885 = ADVANCED_FACE('',(#7886),#2131,.F.);
#7886 = FACE_BOUND('',#7887,.F.);
#7887 = EDGE_LOOP('',(#7888,#7909,#7910,#7911));
#7888 = ORIENTED_EDGE('',*,*,#7889,.T.);
#7889 = EDGE_CURVE('',#2111,#5184,#7890,.T.);
#7890 = SEAM_CURVE('',#7891,(#7895,#7902),.PCURVE_S1.);
#7891 = LINE('',#7892,#7893);
#7892 = CARTESIAN_POINT('',(25.67,74.4,-4.6E-02));
#7893 = VECTOR('',#7894,1.);
#7894 = DIRECTION('',(0.,0.,1.));
#7895 = PCURVE('',#2131,#7896);
#7896 = DEFINITIONAL_REPRESENTATION('',(#7897),#7901);
#7897 = LINE('',#7898,#7899);
#7898 = CARTESIAN_POINT('',(0.,0.));
#7899 = VECTOR('',#7900,1.);
#7900 = DIRECTION('',(0.,-1.));
#7901 = ( GEOMETRIC_REPRESENTATION_CONTEXT(2) 
PARAMETRIC_REPRESENTATION_CONTEXT() REPRESENTATION_CONTEXT('2D SPACE',''
  ) );
#7902 = PCURVE('',#2131,#7903);
#7903 = DEFINITIONAL_REPRESENTATION('',(#7904),#7908);
#7904 = LINE('',#7905,#7906);
#7905 = CARTESIAN_POINT('',(6.28318530718,0.));
#7906 = VECTOR('',#7907,1.);
#7907 = DIRECTION('',(0.,-1.));
#7908 = ( GEOMETRIC_REPRESENTATION_CONTEXT(2) 
PARAMETRIC_REPRESENTATION_CONTEXT() REPRESENTATION_CONTEXT('2D SPACE',''
  ) );
#7909 = ORIENTED_EDGE('',*,*,#5183,.T.);
#7910 = ORIENTED_EDGE('',*,*,#7889,.F.);
#7911 = ORIENTED_EDGE('',*,*,#2110,.F.);
#7912 = ADVANCED_FACE('',(#7913),#2166,.F.);
#7913 = FACE_BOUND('',#7914,.F.);
#7914 = EDGE_LOOP('',(#7915,#7936,#7937,#7938));
#7915 = ORIENTED_EDGE('',*,*,#7916,.T.);
#7916 = EDGE_CURVE('',#2146,#5214,#7917,.T.);
#7917 = SEAM_CURVE('',#7918,(#7922,#7929),.PCURVE_S1.);
#7918 = LINE('',#7919,#7920);
#7919 = CARTESIAN_POINT('',(26.94,77.04,-4.6E-02));
#7920 = VECTOR('',#7921,1.);
#7921 = DIRECTION('',(0.,0.,1.));
#7922 = PCURVE('',#2166,#7923);
#7923 = DEFINITIONAL_REPRESENTATION('',(#7924),#7928);
#7924 = LINE('',#7925,#7926);
#7925 = CARTESIAN_POINT('',(0.,0.));
#7926 = VECTOR('',#7927,1.);
#7927 = DIRECTION('',(0.,-1.));
#7928 = ( GEOMETRIC_REPRESENTATION_CONTEXT(2) 
PARAMETRIC_REPRESENTATION_CONTEXT() REPRESENTATION_CONTEXT('2D SPACE',''
  ) );
#7929 = PCURVE('',#2166,#7930);
#7930 = DEFINITIONAL_REPRESENTATION('',(#7931),#7935);
#7931 = LINE('',#7932,#7933);
#7932 = CARTESIAN_POINT('',(6.28318530718,0.));
#7933 = VECTOR('',#7934,1.);
#7934 = DIRECTION('',(0.,-1.));
#7935 = ( GEOMETRIC_REPRESENTATION_CONTEXT(2) 
PARAMETRIC_REPRESENTATION_CONTEXT() REPRESENTATION_CONTEXT('2D SPACE',''
  ) );
#7936 = ORIENTED_EDGE('',*,*,#5213,.T.);
#7937 = ORIENTED_EDGE('',*,*,#7916,.F.);
#7938 = ORIENTED_EDGE('',*,*,#2145,.F.);
#7939 = ADVANCED_FACE('',(#7940),#2201,.F.);
#7940 = FACE_BOUND('',#7941,.F.);
#7941 = EDGE_LOOP('',(#7942,#7963,#7964,#7965));
#7942 = ORIENTED_EDGE('',*,*,#7943,.T.);
#7943 = EDGE_CURVE('',#2181,#5244,#7944,.T.);
#7944 = SEAM_CURVE('',#7945,(#7949,#7956),.PCURVE_S1.);
#7945 = LINE('',#7946,#7947);
#7946 = CARTESIAN_POINT('',(30.75,73.25,-4.6E-02));
#7947 = VECTOR('',#7948,1.);
#7948 = DIRECTION('',(0.,0.,1.));
#7949 = PCURVE('',#2201,#7950);
#7950 = DEFINITIONAL_REPRESENTATION('',(#7951),#7955);
#7951 = LINE('',#7952,#7953);
#7952 = CARTESIAN_POINT('',(0.,0.));
#7953 = VECTOR('',#7954,1.);
#7954 = DIRECTION('',(0.,-1.));
#7955 = ( GEOMETRIC_REPRESENTATION_CONTEXT(2) 
PARAMETRIC_REPRESENTATION_CONTEXT() REPRESENTATION_CONTEXT('2D SPACE',''
  ) );
#7956 = PCURVE('',#2201,#7957);
#7957 = DEFINITIONAL_REPRESENTATION('',(#7958),#7962);
#7958 = LINE('',#7959,#7960);
#7959 = CARTESIAN_POINT('',(6.28318530718,0.));
#7960 = VECTOR('',#7961,1.);
#7961 = DIRECTION('',(0.,-1.));
#7962 = ( GEOMETRIC_REPRESENTATION_CONTEXT(2) 
PARAMETRIC_REPRESENTATION_CONTEXT() REPRESENTATION_CONTEXT('2D SPACE',''
  ) );
#7963 = ORIENTED_EDGE('',*,*,#5243,.T.);
#7964 = ORIENTED_EDGE('',*,*,#7943,.F.);
#7965 = ORIENTED_EDGE('',*,*,#2180,.F.);
#7966 = ADVANCED_FACE('',(#7967),#2236,.F.);
#7967 = FACE_BOUND('',#7968,.F.);
#7968 = EDGE_LOOP('',(#7969,#7990,#7991,#7992));
#7969 = ORIENTED_EDGE('',*,*,#7970,.T.);
#7970 = EDGE_CURVE('',#2216,#5274,#7971,.T.);
#7971 = SEAM_CURVE('',#7972,(#7976,#7983),.PCURVE_S1.);
#7972 = LINE('',#7973,#7974);
#7973 = CARTESIAN_POINT('',(35.83,74.4,-4.6E-02));
#7974 = VECTOR('',#7975,1.);
#7975 = DIRECTION('',(0.,0.,1.));
#7976 = PCURVE('',#2236,#7977);
#7977 = DEFINITIONAL_REPRESENTATION('',(#7978),#7982);
#7978 = LINE('',#7979,#7980);
#7979 = CARTESIAN_POINT('',(0.,0.));
#7980 = VECTOR('',#7981,1.);
#7981 = DIRECTION('',(0.,-1.));
#7982 = ( GEOMETRIC_REPRESENTATION_CONTEXT(2) 
PARAMETRIC_REPRESENTATION_CONTEXT() REPRESENTATION_CONTEXT('2D SPACE',''
  ) );
#7983 = PCURVE('',#2236,#7984);
#7984 = DEFINITIONAL_REPRESENTATION('',(#7985),#7989);
#7985 = LINE('',#7986,#7987);
#7986 = CARTESIAN_POINT('',(6.28318530718,0.));
#7987 = VECTOR('',#7988,1.);
#7988 = DIRECTION('',(0.,-1.));
#7989 = ( GEOMETRIC_REPRESENTATION_CONTEXT(2) 
PARAMETRIC_REPRESENTATION_CONTEXT() REPRESENTATION_CONTEXT('2D SPACE',''
  ) );
#7990 = ORIENTED_EDGE('',*,*,#5273,.T.);
#7991 = ORIENTED_EDGE('',*,*,#7970,.F.);
#7992 = ORIENTED_EDGE('',*,*,#2215,.F.);
#7993 = ADVANCED_FACE('',(#7994),#2271,.F.);
#7994 = FACE_BOUND('',#7995,.F.);
#7995 = EDGE_LOOP('',(#7996,#8017,#8018,#8019));
#7996 = ORIENTED_EDGE('',*,*,#7997,.T.);
#7997 = EDGE_CURVE('',#2251,#5304,#7998,.T.);
#7998 = SEAM_CURVE('',#7999,(#8003,#8010),.PCURVE_S1.);
#7999 = LINE('',#8000,#8001);
#8000 = CARTESIAN_POINT('',(44.96,74.4,-4.6E-02));
#8001 = VECTOR('',#8002,1.);
#8002 = DIRECTION('',(0.,0.,1.));
#8003 = PCURVE('',#2271,#8004);
#8004 = DEFINITIONAL_REPRESENTATION('',(#8005),#8009);
#8005 = LINE('',#8006,#8007);
#8006 = CARTESIAN_POINT('',(0.,0.));
#8007 = VECTOR('',#8008,1.);
#8008 = DIRECTION('',(0.,-1.));
#8009 = ( GEOMETRIC_REPRESENTATION_CONTEXT(2) 
PARAMETRIC_REPRESENTATION_CONTEXT() REPRESENTATION_CONTEXT('2D SPACE',''
  ) );
#8010 = PCURVE('',#2271,#8011);
#8011 = DEFINITIONAL_REPRESENTATION('',(#8012),#8016);
#8012 = LINE('',#8013,#8014);
#8013 = CARTESIAN_POINT('',(6.28318530718,0.));
#8014 = VECTOR('',#8015,1.);
#8015 = DIRECTION('',(0.,-1.));
#8016 = ( GEOMETRIC_REPRESENTATION_CONTEXT(2) 
PARAMETRIC_REPRESENTATION_CONTEXT() REPRESENTATION_CONTEXT('2D SPACE',''
  ) );
#8017 = ORIENTED_EDGE('',*,*,#5303,.T.);
#8018 = ORIENTED_EDGE('',*,*,#7997,.F.);
#8019 = ORIENTED_EDGE('',*,*,#2250,.F.);
#8020 = ADVANCED_FACE('',(#8021),#2306,.F.);
#8021 = FACE_BOUND('',#8022,.F.);
#8022 = EDGE_LOOP('',(#8023,#8044,#8045,#8046));
#8023 = ORIENTED_EDGE('',*,*,#8024,.T.);
#8024 = EDGE_CURVE('',#2286,#5334,#8025,.T.);
#8025 = SEAM_CURVE('',#8026,(#8030,#8037),.PCURVE_S1.);
#8026 = LINE('',#8027,#8028);
#8027 = CARTESIAN_POINT('',(46.23,77.04,-4.6E-02));
#8028 = VECTOR('',#8029,1.);
#8029 = DIRECTION('',(0.,0.,1.));
#8030 = PCURVE('',#2306,#8031);
#8031 = DEFINITIONAL_REPRESENTATION('',(#8032),#8036);
#8032 = LINE('',#8033,#8034);
#8033 = CARTESIAN_POINT('',(0.,0.));
#8034 = VECTOR('',#8035,1.);
#8035 = DIRECTION('',(0.,-1.));
#8036 = ( GEOMETRIC_REPRESENTATION_CONTEXT(2) 
PARAMETRIC_REPRESENTATION_CONTEXT() REPRESENTATION_CONTEXT('2D SPACE',''
  ) );
#8037 = PCURVE('',#2306,#8038);
#8038 = DEFINITIONAL_REPRESENTATION('',(#8039),#8043);
#8039 = LINE('',#8040,#8041);
#8040 = CARTESIAN_POINT('',(6.28318530718,0.));
#8041 = VECTOR('',#8042,1.);
#8042 = DIRECTION('',(0.,-1.));
#8043 = ( GEOMETRIC_REPRESENTATION_CONTEXT(2) 
PARAMETRIC_REPRESENTATION_CONTEXT() REPRESENTATION_CONTEXT('2D SPACE',''
  ) );
#8044 = ORIENTED_EDGE('',*,*,#5333,.T.);
#8045 = ORIENTED_EDGE('',*,*,#8024,.F.);
#8046 = ORIENTED_EDGE('',*,*,#2285,.F.);
#8047 = ADVANCED_FACE('',(#8048),#2341,.F.);
#8048 = FACE_BOUND('',#8049,.F.);
#8049 = EDGE_LOOP('',(#8050,#8071,#8072,#8073));
#8050 = ORIENTED_EDGE('',*,*,#8051,.T.);
#8051 = EDGE_CURVE('',#2321,#5364,#8052,.T.);
#8052 = SEAM_CURVE('',#8053,(#8057,#8064),.PCURVE_S1.);
#8053 = LINE('',#8054,#8055);
#8054 = CARTESIAN_POINT('',(33.29,79.58,-4.6E-02));
#8055 = VECTOR('',#8056,1.);
#8056 = DIRECTION('',(0.,0.,1.));
#8057 = PCURVE('',#2341,#8058);
#8058 = DEFINITIONAL_REPRESENTATION('',(#8059),#8063);
#8059 = LINE('',#8060,#8061);
#8060 = CARTESIAN_POINT('',(0.,0.));
#8061 = VECTOR('',#8062,1.);
#8062 = DIRECTION('',(0.,-1.));
#8063 = ( GEOMETRIC_REPRESENTATION_CONTEXT(2) 
PARAMETRIC_REPRESENTATION_CONTEXT() REPRESENTATION_CONTEXT('2D SPACE',''
  ) );
#8064 = PCURVE('',#2341,#8065);
#8065 = DEFINITIONAL_REPRESENTATION('',(#8066),#8070);
#8066 = LINE('',#8067,#8068);
#8067 = CARTESIAN_POINT('',(6.28318530718,0.));
#8068 = VECTOR('',#8069,1.);
#8069 = DIRECTION('',(0.,-1.));
#8070 = ( GEOMETRIC_REPRESENTATION_CONTEXT(2) 
PARAMETRIC_REPRESENTATION_CONTEXT() REPRESENTATION_CONTEXT('2D SPACE',''
  ) );
#8071 = ORIENTED_EDGE('',*,*,#5363,.T.);
#8072 = ORIENTED_EDGE('',*,*,#8051,.F.);
#8073 = ORIENTED_EDGE('',*,*,#2320,.F.);
#8074 = ADVANCED_FACE('',(#8075),#2376,.F.);
#8075 = FACE_BOUND('',#8076,.F.);
#8076 = EDGE_LOOP('',(#8077,#8098,#8099,#8100));
#8077 = ORIENTED_EDGE('',*,*,#8078,.T.);
#8078 = EDGE_CURVE('',#2356,#5394,#8079,.T.);
#8079 = SEAM_CURVE('',#8080,(#8084,#8091),.PCURVE_S1.);
#8080 = LINE('',#8081,#8082);
#8081 = CARTESIAN_POINT('',(26.78,88.25,-4.6E-02));
#8082 = VECTOR('',#8083,1.);
#8083 = DIRECTION('',(0.,0.,1.));
#8084 = PCURVE('',#2376,#8085);
#8085 = DEFINITIONAL_REPRESENTATION('',(#8086),#8090);
#8086 = LINE('',#8087,#8088);
#8087 = CARTESIAN_POINT('',(0.,0.));
#8088 = VECTOR('',#8089,1.);
#8089 = DIRECTION('',(0.,-1.));
#8090 = ( GEOMETRIC_REPRESENTATION_CONTEXT(2) 
PARAMETRIC_REPRESENTATION_CONTEXT() REPRESENTATION_CONTEXT('2D SPACE',''
  ) );
#8091 = PCURVE('',#2376,#8092);
#8092 = DEFINITIONAL_REPRESENTATION('',(#8093),#8097);
#8093 = LINE('',#8094,#8095);
#8094 = CARTESIAN_POINT('',(6.28318530718,0.));
#8095 = VECTOR('',#8096,1.);
#8096 = DIRECTION('',(0.,-1.));
#8097 = ( GEOMETRIC_REPRESENTATION_CONTEXT(2) 
PARAMETRIC_REPRESENTATION_CONTEXT() REPRESENTATION_CONTEXT('2D SPACE',''
  ) );
#8098 = ORIENTED_EDGE('',*,*,#5393,.T.);
#8099 = ORIENTED_EDGE('',*,*,#8078,.F.);
#8100 = ORIENTED_EDGE('',*,*,#2355,.F.);
#8101 = ADVANCED_FACE('',(#8102),#2411,.F.);
#8102 = FACE_BOUND('',#8103,.F.);
#8103 = EDGE_LOOP('',(#8104,#8125,#8126,#8127));
#8104 = ORIENTED_EDGE('',*,*,#8105,.T.);
#8105 = EDGE_CURVE('',#2391,#5424,#8106,.T.);
#8106 = SEAM_CURVE('',#8107,(#8111,#8118),.PCURVE_S1.);
#8107 = LINE('',#8108,#8109);
#8108 = CARTESIAN_POINT('',(29.32,88.25,-4.6E-02));
#8109 = VECTOR('',#8110,1.);
#8110 = DIRECTION('',(0.,0.,1.));
#8111 = PCURVE('',#2411,#8112);
#8112 = DEFINITIONAL_REPRESENTATION('',(#8113),#8117);
#8113 = LINE('',#8114,#8115);
#8114 = CARTESIAN_POINT('',(0.,0.));
#8115 = VECTOR('',#8116,1.);
#8116 = DIRECTION('',(0.,-1.));
#8117 = ( GEOMETRIC_REPRESENTATION_CONTEXT(2) 
PARAMETRIC_REPRESENTATION_CONTEXT() REPRESENTATION_CONTEXT('2D SPACE',''
  ) );
#8118 = PCURVE('',#2411,#8119);
#8119 = DEFINITIONAL_REPRESENTATION('',(#8120),#8124);
#8120 = LINE('',#8121,#8122);
#8121 = CARTESIAN_POINT('',(6.28318530718,0.));
#8122 = VECTOR('',#8123,1.);
#8123 = DIRECTION('',(0.,-1.));
#8124 = ( GEOMETRIC_REPRESENTATION_CONTEXT(2) 
PARAMETRIC_REPRESENTATION_CONTEXT() REPRESENTATION_CONTEXT('2D SPACE',''
  ) );
#8125 = ORIENTED_EDGE('',*,*,#5423,.T.);
#8126 = ORIENTED_EDGE('',*,*,#8105,.F.);
#8127 = ORIENTED_EDGE('',*,*,#2390,.F.);
#8128 = ADVANCED_FACE('',(#8129),#2446,.F.);
#8129 = FACE_BOUND('',#8130,.F.);
#8130 = EDGE_LOOP('',(#8131,#8152,#8153,#8154));
#8131 = ORIENTED_EDGE('',*,*,#8132,.T.);
#8132 = EDGE_CURVE('',#2426,#5454,#8133,.T.);
#8133 = SEAM_CURVE('',#8134,(#8138,#8145),.PCURVE_S1.);
#8134 = LINE('',#8135,#8136);
#8135 = CARTESIAN_POINT('',(31.86,88.25,-4.6E-02));
#8136 = VECTOR('',#8137,1.);
#8137 = DIRECTION('',(0.,0.,1.));
#8138 = PCURVE('',#2446,#8139);
#8139 = DEFINITIONAL_REPRESENTATION('',(#8140),#8144);
#8140 = LINE('',#8141,#8142);
#8141 = CARTESIAN_POINT('',(0.,0.));
#8142 = VECTOR('',#8143,1.);
#8143 = DIRECTION('',(0.,-1.));
#8144 = ( GEOMETRIC_REPRESENTATION_CONTEXT(2) 
PARAMETRIC_REPRESENTATION_CONTEXT() REPRESENTATION_CONTEXT('2D SPACE',''
  ) );
#8145 = PCURVE('',#2446,#8146);
#8146 = DEFINITIONAL_REPRESENTATION('',(#8147),#8151);
#8147 = LINE('',#8148,#8149);
#8148 = CARTESIAN_POINT('',(6.28318530718,0.));
#8149 = VECTOR('',#8150,1.);
#8150 = DIRECTION('',(0.,-1.));
#8151 = ( GEOMETRIC_REPRESENTATION_CONTEXT(2) 
PARAMETRIC_REPRESENTATION_CONTEXT() REPRESENTATION_CONTEXT('2D SPACE',''
  ) );
#8152 = ORIENTED_EDGE('',*,*,#5453,.T.);
#8153 = ORIENTED_EDGE('',*,*,#8132,.F.);
#8154 = ORIENTED_EDGE('',*,*,#2425,.F.);
#8155 = ADVANCED_FACE('',(#8156),#2481,.F.);
#8156 = FACE_BOUND('',#8157,.F.);
#8157 = EDGE_LOOP('',(#8158,#8179,#8180,#8181));
#8158 = ORIENTED_EDGE('',*,*,#8159,.T.);
#8159 = EDGE_CURVE('',#2461,#5484,#8160,.T.);
#8160 = SEAM_CURVE('',#8161,(#8165,#8172),.PCURVE_S1.);
#8161 = LINE('',#8162,#8163);
#8162 = CARTESIAN_POINT('',(34.4,88.25,-4.6E-02));
#8163 = VECTOR('',#8164,1.);
#8164 = DIRECTION('',(0.,0.,1.));
#8165 = PCURVE('',#2481,#8166);
#8166 = DEFINITIONAL_REPRESENTATION('',(#8167),#8171);
#8167 = LINE('',#8168,#8169);
#8168 = CARTESIAN_POINT('',(0.,0.));
#8169 = VECTOR('',#8170,1.);
#8170 = DIRECTION('',(0.,-1.));
#8171 = ( GEOMETRIC_REPRESENTATION_CONTEXT(2) 
PARAMETRIC_REPRESENTATION_CONTEXT() REPRESENTATION_CONTEXT('2D SPACE',''
  ) );
#8172 = PCURVE('',#2481,#8173);
#8173 = DEFINITIONAL_REPRESENTATION('',(#8174),#8178);
#8174 = LINE('',#8175,#8176);
#8175 = CARTESIAN_POINT('',(6.28318530718,0.));
#8176 = VECTOR('',#8177,1.);
#8177 = DIRECTION('',(0.,-1.));
#8178 = ( GEOMETRIC_REPRESENTATION_CONTEXT(2) 
PARAMETRIC_REPRESENTATION_CONTEXT() REPRESENTATION_CONTEXT('2D SPACE',''
  ) );
#8179 = ORIENTED_EDGE('',*,*,#5483,.T.);
#8180 = ORIENTED_EDGE('',*,*,#8159,.F.);
#8181 = ORIENTED_EDGE('',*,*,#2460,.F.);
#8182 = ADVANCED_FACE('',(#8183),#2516,.F.);
#8183 = FACE_BOUND('',#8184,.F.);
#8184 = EDGE_LOOP('',(#8185,#8206,#8207,#8208));
#8185 = ORIENTED_EDGE('',*,*,#8186,.T.);
#8186 = EDGE_CURVE('',#2496,#5514,#8187,.T.);
#8187 = SEAM_CURVE('',#8188,(#8192,#8199),.PCURVE_S1.);
#8188 = LINE('',#8189,#8190);
#8189 = CARTESIAN_POINT('',(36.94,88.25,-4.6E-02));
#8190 = VECTOR('',#8191,1.);
#8191 = DIRECTION('',(0.,0.,1.));
#8192 = PCURVE('',#2516,#8193);
#8193 = DEFINITIONAL_REPRESENTATION('',(#8194),#8198);
#8194 = LINE('',#8195,#8196);
#8195 = CARTESIAN_POINT('',(0.,0.));
#8196 = VECTOR('',#8197,1.);
#8197 = DIRECTION('',(0.,-1.));
#8198 = ( GEOMETRIC_REPRESENTATION_CONTEXT(2) 
PARAMETRIC_REPRESENTATION_CONTEXT() REPRESENTATION_CONTEXT('2D SPACE',''
  ) );
#8199 = PCURVE('',#2516,#8200);
#8200 = DEFINITIONAL_REPRESENTATION('',(#8201),#8205);
#8201 = LINE('',#8202,#8203);
#8202 = CARTESIAN_POINT('',(6.28318530718,0.));
#8203 = VECTOR('',#8204,1.);
#8204 = DIRECTION('',(0.,-1.));
#8205 = ( GEOMETRIC_REPRESENTATION_CONTEXT(2) 
PARAMETRIC_REPRESENTATION_CONTEXT() REPRESENTATION_CONTEXT('2D SPACE',''
  ) );
#8206 = ORIENTED_EDGE('',*,*,#5513,.T.);
#8207 = ORIENTED_EDGE('',*,*,#8186,.F.);
#8208 = ORIENTED_EDGE('',*,*,#2495,.F.);
#8209 = ADVANCED_FACE('',(#8210),#2551,.F.);
#8210 = FACE_BOUND('',#8211,.F.);
#8211 = EDGE_LOOP('',(#8212,#8233,#8234,#8235));
#8212 = ORIENTED_EDGE('',*,*,#8213,.T.);
#8213 = EDGE_CURVE('',#2531,#5544,#8214,.T.);
#8214 = SEAM_CURVE('',#8215,(#8219,#8226),.PCURVE_S1.);
#8215 = LINE('',#8216,#8217);
#8216 = CARTESIAN_POINT('',(39.48,88.25,-4.6E-02));
#8217 = VECTOR('',#8218,1.);
#8218 = DIRECTION('',(0.,0.,1.));
#8219 = PCURVE('',#2551,#8220);
#8220 = DEFINITIONAL_REPRESENTATION('',(#8221),#8225);
#8221 = LINE('',#8222,#8223);
#8222 = CARTESIAN_POINT('',(0.,0.));
#8223 = VECTOR('',#8224,1.);
#8224 = DIRECTION('',(0.,-1.));
#8225 = ( GEOMETRIC_REPRESENTATION_CONTEXT(2) 
PARAMETRIC_REPRESENTATION_CONTEXT() REPRESENTATION_CONTEXT('2D SPACE',''
  ) );
#8226 = PCURVE('',#2551,#8227);
#8227 = DEFINITIONAL_REPRESENTATION('',(#8228),#8232);
#8228 = LINE('',#8229,#8230);
#8229 = CARTESIAN_POINT('',(6.28318530718,0.));
#8230 = VECTOR('',#8231,1.);
#8231 = DIRECTION('',(0.,-1.));
#8232 = ( GEOMETRIC_REPRESENTATION_CONTEXT(2) 
PARAMETRIC_REPRESENTATION_CONTEXT() REPRESENTATION_CONTEXT('2D SPACE',''
  ) );
#8233 = ORIENTED_EDGE('',*,*,#5543,.T.);
#8234 = ORIENTED_EDGE('',*,*,#8213,.F.);
#8235 = ORIENTED_EDGE('',*,*,#2530,.F.);
#8236 = ADVANCED_FACE('',(#8237),#2586,.F.);
#8237 = FACE_BOUND('',#8238,.F.);
#8238 = EDGE_LOOP('',(#8239,#8260,#8261,#8262));
#8239 = ORIENTED_EDGE('',*,*,#8240,.T.);
#8240 = EDGE_CURVE('',#2566,#5574,#8241,.T.);
#8241 = SEAM_CURVE('',#8242,(#8246,#8253),.PCURVE_S1.);
#8242 = LINE('',#8243,#8244);
#8243 = CARTESIAN_POINT('',(42.02,88.25,-4.6E-02));
#8244 = VECTOR('',#8245,1.);
#8245 = DIRECTION('',(0.,0.,1.));
#8246 = PCURVE('',#2586,#8247);
#8247 = DEFINITIONAL_REPRESENTATION('',(#8248),#8252);
#8248 = LINE('',#8249,#8250);
#8249 = CARTESIAN_POINT('',(0.,0.));
#8250 = VECTOR('',#8251,1.);
#8251 = DIRECTION('',(0.,-1.));
#8252 = ( GEOMETRIC_REPRESENTATION_CONTEXT(2) 
PARAMETRIC_REPRESENTATION_CONTEXT() REPRESENTATION_CONTEXT('2D SPACE',''
  ) );
#8253 = PCURVE('',#2586,#8254);
#8254 = DEFINITIONAL_REPRESENTATION('',(#8255),#8259);
#8255 = LINE('',#8256,#8257);
#8256 = CARTESIAN_POINT('',(6.28318530718,0.));
#8257 = VECTOR('',#8258,1.);
#8258 = DIRECTION('',(0.,-1.));
#8259 = ( GEOMETRIC_REPRESENTATION_CONTEXT(2) 
PARAMETRIC_REPRESENTATION_CONTEXT() REPRESENTATION_CONTEXT('2D SPACE',''
  ) );
#8260 = ORIENTED_EDGE('',*,*,#5573,.T.);
#8261 = ORIENTED_EDGE('',*,*,#8240,.F.);
#8262 = ORIENTED_EDGE('',*,*,#2565,.F.);
#8263 = ADVANCED_FACE('',(#8264),#2621,.F.);
#8264 = FACE_BOUND('',#8265,.F.);
#8265 = EDGE_LOOP('',(#8266,#8287,#8288,#8289));
#8266 = ORIENTED_EDGE('',*,*,#8267,.T.);
#8267 = EDGE_CURVE('',#2601,#5604,#8268,.T.);
#8268 = SEAM_CURVE('',#8269,(#8273,#8280),.PCURVE_S1.);
#8269 = LINE('',#8270,#8271);
#8270 = CARTESIAN_POINT('',(50.0267,53.96,-4.6E-02));
#8271 = VECTOR('',#8272,1.);
#8272 = DIRECTION('',(0.,0.,1.));
#8273 = PCURVE('',#2621,#8274);
#8274 = DEFINITIONAL_REPRESENTATION('',(#8275),#8279);
#8275 = LINE('',#8276,#8277);
#8276 = CARTESIAN_POINT('',(0.,0.));
#8277 = VECTOR('',#8278,1.);
#8278 = DIRECTION('',(0.,-1.));
#8279 = ( GEOMETRIC_REPRESENTATION_CONTEXT(2) 
PARAMETRIC_REPRESENTATION_CONTEXT() REPRESENTATION_CONTEXT('2D SPACE',''
  ) );
#8280 = PCURVE('',#2621,#8281);
#8281 = DEFINITIONAL_REPRESENTATION('',(#8282),#8286);
#8282 = LINE('',#8283,#8284);
#8283 = CARTESIAN_POINT('',(6.28318530718,0.));
#8284 = VECTOR('',#8285,1.);
#8285 = DIRECTION('',(0.,-1.));
#8286 = ( GEOMETRIC_REPRESENTATION_CONTEXT(2) 
PARAMETRIC_REPRESENTATION_CONTEXT() REPRESENTATION_CONTEXT('2D SPACE',''
  ) );
#8287 = ORIENTED_EDGE('',*,*,#5603,.T.);
#8288 = ORIENTED_EDGE('',*,*,#8267,.F.);
#8289 = ORIENTED_EDGE('',*,*,#2600,.F.);
#8290 = ADVANCED_FACE('',(#8291),#2656,.F.);
#8291 = FACE_BOUND('',#8292,.F.);
#8292 = EDGE_LOOP('',(#8293,#8314,#8315,#8316));
#8293 = ORIENTED_EDGE('',*,*,#8294,.T.);
#8294 = EDGE_CURVE('',#2636,#5634,#8295,.T.);
#8295 = SEAM_CURVE('',#8296,(#8300,#8307),.PCURVE_S1.);
#8296 = LINE('',#8297,#8298);
#8297 = CARTESIAN_POINT('',(55.1067,55.11,-4.6E-02));
#8298 = VECTOR('',#8299,1.);
#8299 = DIRECTION('',(0.,0.,1.));
#8300 = PCURVE('',#2656,#8301);
#8301 = DEFINITIONAL_REPRESENTATION('',(#8302),#8306);
#8302 = LINE('',#8303,#8304);
#8303 = CARTESIAN_POINT('',(0.,0.));
#8304 = VECTOR('',#8305,1.);
#8305 = DIRECTION('',(0.,-1.));
#8306 = ( GEOMETRIC_REPRESENTATION_CONTEXT(2) 
PARAMETRIC_REPRESENTATION_CONTEXT() REPRESENTATION_CONTEXT('2D SPACE',''
  ) );
#8307 = PCURVE('',#2656,#8308);
#8308 = DEFINITIONAL_REPRESENTATION('',(#8309),#8313);
#8309 = LINE('',#8310,#8311);
#8310 = CARTESIAN_POINT('',(6.28318530718,0.));
#8311 = VECTOR('',#8312,1.);
#8312 = DIRECTION('',(0.,-1.));
#8313 = ( GEOMETRIC_REPRESENTATION_CONTEXT(2) 
PARAMETRIC_REPRESENTATION_CONTEXT() REPRESENTATION_CONTEXT('2D SPACE',''
  ) );
#8314 = ORIENTED_EDGE('',*,*,#5633,.T.);
#8315 = ORIENTED_EDGE('',*,*,#8294,.F.);
#8316 = ORIENTED_EDGE('',*,*,#2635,.F.);
#8317 = ADVANCED_FACE('',(#8318),#2691,.F.);
#8318 = FACE_BOUND('',#8319,.F.);
#8319 = EDGE_LOOP('',(#8320,#8341,#8342,#8343));
#8320 = ORIENTED_EDGE('',*,*,#8321,.T.);
#8321 = EDGE_CURVE('',#2671,#5664,#8322,.T.);
#8322 = SEAM_CURVE('',#8323,(#8327,#8334),.PCURVE_S1.);
#8323 = LINE('',#8324,#8325);
#8324 = CARTESIAN_POINT('',(64.23,55.11,-4.6E-02));
#8325 = VECTOR('',#8326,1.);
#8326 = DIRECTION('',(0.,0.,1.));
#8327 = PCURVE('',#2691,#8328);
#8328 = DEFINITIONAL_REPRESENTATION('',(#8329),#8333);
#8329 = LINE('',#8330,#8331);
#8330 = CARTESIAN_POINT('',(0.,0.));
#8331 = VECTOR('',#8332,1.);
#8332 = DIRECTION('',(0.,-1.));
#8333 = ( GEOMETRIC_REPRESENTATION_CONTEXT(2) 
PARAMETRIC_REPRESENTATION_CONTEXT() REPRESENTATION_CONTEXT('2D SPACE',''
  ) );
#8334 = PCURVE('',#2691,#8335);
#8335 = DEFINITIONAL_REPRESENTATION('',(#8336),#8340);
#8336 = LINE('',#8337,#8338);
#8337 = CARTESIAN_POINT('',(6.28318530718,0.));
#8338 = VECTOR('',#8339,1.);
#8339 = DIRECTION('',(0.,-1.));
#8340 = ( GEOMETRIC_REPRESENTATION_CONTEXT(2) 
PARAMETRIC_REPRESENTATION_CONTEXT() REPRESENTATION_CONTEXT('2D SPACE',''
  ) );
#8341 = ORIENTED_EDGE('',*,*,#5663,.T.);
#8342 = ORIENTED_EDGE('',*,*,#8321,.F.);
#8343 = ORIENTED_EDGE('',*,*,#2670,.F.);
#8344 = ADVANCED_FACE('',(#8345),#2726,.F.);
#8345 = FACE_BOUND('',#8346,.F.);
#8346 = EDGE_LOOP('',(#8347,#8368,#8369,#8370));
#8347 = ORIENTED_EDGE('',*,*,#8348,.T.);
#8348 = EDGE_CURVE('',#2706,#5694,#8349,.T.);
#8349 = SEAM_CURVE('',#8350,(#8354,#8361),.PCURVE_S1.);
#8350 = LINE('',#8351,#8352);
#8351 = CARTESIAN_POINT('',(69.31,53.96,-4.6E-02));
#8352 = VECTOR('',#8353,1.);
#8353 = DIRECTION('',(0.,0.,1.));
#8354 = PCURVE('',#2726,#8355);
#8355 = DEFINITIONAL_REPRESENTATION('',(#8356),#8360);
#8356 = LINE('',#8357,#8358);
#8357 = CARTESIAN_POINT('',(0.,0.));
#8358 = VECTOR('',#8359,1.);
#8359 = DIRECTION('',(0.,-1.));
#8360 = ( GEOMETRIC_REPRESENTATION_CONTEXT(2) 
PARAMETRIC_REPRESENTATION_CONTEXT() REPRESENTATION_CONTEXT('2D SPACE',''
  ) );
#8361 = PCURVE('',#2726,#8362);
#8362 = DEFINITIONAL_REPRESENTATION('',(#8363),#8367);
#8363 = LINE('',#8364,#8365);
#8364 = CARTESIAN_POINT('',(6.28318530718,0.));
#8365 = VECTOR('',#8366,1.);
#8366 = DIRECTION('',(0.,-1.));
#8367 = ( GEOMETRIC_REPRESENTATION_CONTEXT(2) 
PARAMETRIC_REPRESENTATION_CONTEXT() REPRESENTATION_CONTEXT('2D SPACE',''
  ) );
#8368 = ORIENTED_EDGE('',*,*,#5693,.T.);
#8369 = ORIENTED_EDGE('',*,*,#8348,.F.);
#8370 = ORIENTED_EDGE('',*,*,#2705,.F.);
#8371 = ADVANCED_FACE('',(#8372),#2761,.F.);
#8372 = FACE_BOUND('',#8373,.F.);
#8373 = EDGE_LOOP('',(#8374,#8395,#8396,#8397));
#8374 = ORIENTED_EDGE('',*,*,#8375,.T.);
#8375 = EDGE_CURVE('',#2741,#5724,#8376,.T.);
#8376 = SEAM_CURVE('',#8377,(#8381,#8388),.PCURVE_S1.);
#8377 = LINE('',#8378,#8379);
#8378 = CARTESIAN_POINT('',(52.5667,60.29,-4.6E-02));
#8379 = VECTOR('',#8380,1.);
#8380 = DIRECTION('',(0.,0.,1.));
#8381 = PCURVE('',#2761,#8382);
#8382 = DEFINITIONAL_REPRESENTATION('',(#8383),#8387);
#8383 = LINE('',#8384,#8385);
#8384 = CARTESIAN_POINT('',(0.,0.));
#8385 = VECTOR('',#8386,1.);
#8386 = DIRECTION('',(0.,-1.));
#8387 = ( GEOMETRIC_REPRESENTATION_CONTEXT(2) 
PARAMETRIC_REPRESENTATION_CONTEXT() REPRESENTATION_CONTEXT('2D SPACE',''
  ) );
#8388 = PCURVE('',#2761,#8389);
#8389 = DEFINITIONAL_REPRESENTATION('',(#8390),#8394);
#8390 = LINE('',#8391,#8392);
#8391 = CARTESIAN_POINT('',(6.28318530718,0.));
#8392 = VECTOR('',#8393,1.);
#8393 = DIRECTION('',(0.,-1.));
#8394 = ( GEOMETRIC_REPRESENTATION_CONTEXT(2) 
PARAMETRIC_REPRESENTATION_CONTEXT() REPRESENTATION_CONTEXT('2D SPACE',''
  ) );
#8395 = ORIENTED_EDGE('',*,*,#5723,.T.);
#8396 = ORIENTED_EDGE('',*,*,#8375,.F.);
#8397 = ORIENTED_EDGE('',*,*,#2740,.F.);
#8398 = ADVANCED_FACE('',(#8399),#2796,.F.);
#8399 = FACE_BOUND('',#8400,.F.);
#8400 = EDGE_LOOP('',(#8401,#8422,#8423,#8424));
#8401 = ORIENTED_EDGE('',*,*,#8402,.T.);
#8402 = EDGE_CURVE('',#2776,#5754,#8403,.T.);
#8403 = SEAM_CURVE('',#8404,(#8408,#8415),.PCURVE_S1.);
#8404 = LINE('',#8405,#8406);
#8405 = CARTESIAN_POINT('',(65.5,57.75,-4.6E-02));
#8406 = VECTOR('',#8407,1.);
#8407 = DIRECTION('',(0.,0.,1.));
#8408 = PCURVE('',#2796,#8409);
#8409 = DEFINITIONAL_REPRESENTATION('',(#8410),#8414);
#8410 = LINE('',#8411,#8412);
#8411 = CARTESIAN_POINT('',(0.,0.));
#8412 = VECTOR('',#8413,1.);
#8413 = DIRECTION('',(0.,-1.));
#8414 = ( GEOMETRIC_REPRESENTATION_CONTEXT(2) 
PARAMETRIC_REPRESENTATION_CONTEXT() REPRESENTATION_CONTEXT('2D SPACE',''
  ) );
#8415 = PCURVE('',#2796,#8416);
#8416 = DEFINITIONAL_REPRESENTATION('',(#8417),#8421);
#8417 = LINE('',#8418,#8419);
#8418 = CARTESIAN_POINT('',(6.28318530718,0.));
#8419 = VECTOR('',#8420,1.);
#8420 = DIRECTION('',(0.,-1.));
#8421 = ( GEOMETRIC_REPRESENTATION_CONTEXT(2) 
PARAMETRIC_REPRESENTATION_CONTEXT() REPRESENTATION_CONTEXT('2D SPACE',''
  ) );
#8422 = ORIENTED_EDGE('',*,*,#5753,.T.);
#8423 = ORIENTED_EDGE('',*,*,#8402,.F.);
#8424 = ORIENTED_EDGE('',*,*,#2775,.F.);
#8425 = ADVANCED_FACE('',(#8426),#2831,.F.);
#8426 = FACE_BOUND('',#8427,.F.);
#8427 = EDGE_LOOP('',(#8428,#8449,#8450,#8451));
#8428 = ORIENTED_EDGE('',*,*,#8429,.T.);
#8429 = EDGE_CURVE('',#2811,#5784,#8430,.T.);
#8430 = SEAM_CURVE('',#8431,(#8435,#8442),.PCURVE_S1.);
#8431 = LINE('',#8432,#8433);
#8432 = CARTESIAN_POINT('',(74.39,55.11,-4.6E-02));
#8433 = VECTOR('',#8434,1.);
#8434 = DIRECTION('',(0.,0.,1.));
#8435 = PCURVE('',#2831,#8436);
#8436 = DEFINITIONAL_REPRESENTATION('',(#8437),#8441);
#8437 = LINE('',#8438,#8439);
#8438 = CARTESIAN_POINT('',(0.,0.));
#8439 = VECTOR('',#8440,1.);
#8440 = DIRECTION('',(0.,-1.));
#8441 = ( GEOMETRIC_REPRESENTATION_CONTEXT(2) 
PARAMETRIC_REPRESENTATION_CONTEXT() REPRESENTATION_CONTEXT('2D SPACE',''
  ) );
#8442 = PCURVE('',#2831,#8443);
#8443 = DEFINITIONAL_REPRESENTATION('',(#8444),#8448);
#8444 = LINE('',#8445,#8446);
#8445 = CARTESIAN_POINT('',(6.28318530718,0.));
#8446 = VECTOR('',#8447,1.);
#8447 = DIRECTION('',(0.,-1.));
#8448 = ( GEOMETRIC_REPRESENTATION_CONTEXT(2) 
PARAMETRIC_REPRESENTATION_CONTEXT() REPRESENTATION_CONTEXT('2D SPACE',''
  ) );
#8449 = ORIENTED_EDGE('',*,*,#5783,.T.);
#8450 = ORIENTED_EDGE('',*,*,#8429,.F.);
#8451 = ORIENTED_EDGE('',*,*,#2810,.F.);
#8452 = ADVANCED_FACE('',(#8453),#2866,.F.);
#8453 = FACE_BOUND('',#8454,.F.);
#8454 = EDGE_LOOP('',(#8455,#8476,#8477,#8478));
#8455 = ORIENTED_EDGE('',*,*,#8456,.T.);
#8456 = EDGE_CURVE('',#2846,#5814,#8457,.T.);
#8457 = SEAM_CURVE('',#8458,(#8462,#8469),.PCURVE_S1.);
#8458 = LINE('',#8459,#8460);
#8459 = CARTESIAN_POINT('',(86.15,55.75,-4.6E-02));
#8460 = VECTOR('',#8461,1.);
#8461 = DIRECTION('',(0.,0.,1.));
#8462 = PCURVE('',#2866,#8463);
#8463 = DEFINITIONAL_REPRESENTATION('',(#8464),#8468);
#8464 = LINE('',#8465,#8466);
#8465 = CARTESIAN_POINT('',(0.,0.));
#8466 = VECTOR('',#8467,1.);
#8467 = DIRECTION('',(0.,-1.));
#8468 = ( GEOMETRIC_REPRESENTATION_CONTEXT(2) 
PARAMETRIC_REPRESENTATION_CONTEXT() REPRESENTATION_CONTEXT('2D SPACE',''
  ) );
#8469 = PCURVE('',#2866,#8470);
#8470 = DEFINITIONAL_REPRESENTATION('',(#8471),#8475);
#8471 = LINE('',#8472,#8473);
#8472 = CARTESIAN_POINT('',(6.28318530718,0.));
#8473 = VECTOR('',#8474,1.);
#8474 = DIRECTION('',(0.,-1.));
#8475 = ( GEOMETRIC_REPRESENTATION_CONTEXT(2) 
PARAMETRIC_REPRESENTATION_CONTEXT() REPRESENTATION_CONTEXT('2D SPACE',''
  ) );
#8476 = ORIENTED_EDGE('',*,*,#5813,.T.);
#8477 = ORIENTED_EDGE('',*,*,#8456,.F.);
#8478 = ORIENTED_EDGE('',*,*,#2845,.F.);
#8479 = ADVANCED_FACE('',(#8480),#2901,.F.);
#8480 = FACE_BOUND('',#8481,.F.);
#8481 = EDGE_LOOP('',(#8482,#8503,#8504,#8505));
#8482 = ORIENTED_EDGE('',*,*,#8483,.T.);
#8483 = EDGE_CURVE('',#2881,#5844,#8484,.T.);
#8484 = SEAM_CURVE('',#8485,(#8489,#8496),.PCURVE_S1.);
#8485 = LINE('',#8486,#8487);
#8486 = CARTESIAN_POINT('',(93.75,55.75,-4.6E-02));
#8487 = VECTOR('',#8488,1.);
#8488 = DIRECTION('',(0.,0.,1.));
#8489 = PCURVE('',#2901,#8490);
#8490 = DEFINITIONAL_REPRESENTATION('',(#8491),#8495);
#8491 = LINE('',#8492,#8493);
#8492 = CARTESIAN_POINT('',(0.,0.));
#8493 = VECTOR('',#8494,1.);
#8494 = DIRECTION('',(0.,-1.));
#8495 = ( GEOMETRIC_REPRESENTATION_CONTEXT(2) 
PARAMETRIC_REPRESENTATION_CONTEXT() REPRESENTATION_CONTEXT('2D SPACE',''
  ) );
#8496 = PCURVE('',#2901,#8497);
#8497 = DEFINITIONAL_REPRESENTATION('',(#8498),#8502);
#8498 = LINE('',#8499,#8500);
#8499 = CARTESIAN_POINT('',(6.28318530718,0.));
#8500 = VECTOR('',#8501,1.);
#8501 = DIRECTION('',(0.,-1.));
#8502 = ( GEOMETRIC_REPRESENTATION_CONTEXT(2) 
PARAMETRIC_REPRESENTATION_CONTEXT() REPRESENTATION_CONTEXT('2D SPACE',''
  ) );
#8503 = ORIENTED_EDGE('',*,*,#5843,.T.);
#8504 = ORIENTED_EDGE('',*,*,#8483,.F.);
#8505 = ORIENTED_EDGE('',*,*,#2880,.F.);
#8506 = ADVANCED_FACE('',(#8507),#2936,.F.);
#8507 = FACE_BOUND('',#8508,.F.);
#8508 = EDGE_LOOP('',(#8509,#8530,#8531,#8532));
#8509 = ORIENTED_EDGE('',*,*,#8510,.T.);
#8510 = EDGE_CURVE('',#2916,#5874,#8511,.T.);
#8511 = SEAM_CURVE('',#8512,(#8516,#8523),.PCURVE_S1.);
#8512 = LINE('',#8513,#8514);
#8513 = CARTESIAN_POINT('',(71.85,60.29,-4.6E-02));
#8514 = VECTOR('',#8515,1.);
#8515 = DIRECTION('',(0.,0.,1.));
#8516 = PCURVE('',#2936,#8517);
#8517 = DEFINITIONAL_REPRESENTATION('',(#8518),#8522);
#8518 = LINE('',#8519,#8520);
#8519 = CARTESIAN_POINT('',(0.,0.));
#8520 = VECTOR('',#8521,1.);
#8521 = DIRECTION('',(0.,-1.));
#8522 = ( GEOMETRIC_REPRESENTATION_CONTEXT(2) 
PARAMETRIC_REPRESENTATION_CONTEXT() REPRESENTATION_CONTEXT('2D SPACE',''
  ) );
#8523 = PCURVE('',#2936,#8524);
#8524 = DEFINITIONAL_REPRESENTATION('',(#8525),#8529);
#8525 = LINE('',#8526,#8527);
#8526 = CARTESIAN_POINT('',(6.28318530718,0.));
#8527 = VECTOR('',#8528,1.);
#8528 = DIRECTION('',(0.,-1.));
#8529 = ( GEOMETRIC_REPRESENTATION_CONTEXT(2) 
PARAMETRIC_REPRESENTATION_CONTEXT() REPRESENTATION_CONTEXT('2D SPACE',''
  ) );
#8530 = ORIENTED_EDGE('',*,*,#5873,.T.);
#8531 = ORIENTED_EDGE('',*,*,#8510,.F.);
#8532 = ORIENTED_EDGE('',*,*,#2915,.F.);
#8533 = ADVANCED_FACE('',(#8534),#2971,.F.);
#8534 = FACE_BOUND('',#8535,.F.);
#8535 = EDGE_LOOP('',(#8536,#8557,#8558,#8559));
#8536 = ORIENTED_EDGE('',*,*,#8537,.T.);
#8537 = EDGE_CURVE('',#2951,#5904,#8538,.T.);
#8538 = SEAM_CURVE('',#8539,(#8543,#8550),.PCURVE_S1.);
#8539 = LINE('',#8540,#8541);
#8540 = CARTESIAN_POINT('',(86.25,67.,-4.6E-02));
#8541 = VECTOR('',#8542,1.);
#8542 = DIRECTION('',(0.,0.,1.));
#8543 = PCURVE('',#2971,#8544);
#8544 = DEFINITIONAL_REPRESENTATION('',(#8545),#8549);
#8545 = LINE('',#8546,#8547);
#8546 = CARTESIAN_POINT('',(0.,0.));
#8547 = VECTOR('',#8548,1.);
#8548 = DIRECTION('',(0.,-1.));
#8549 = ( GEOMETRIC_REPRESENTATION_CONTEXT(2) 
PARAMETRIC_REPRESENTATION_CONTEXT() REPRESENTATION_CONTEXT('2D SPACE',''
  ) );
#8550 = PCURVE('',#2971,#8551);
#8551 = DEFINITIONAL_REPRESENTATION('',(#8552),#8556);
#8552 = LINE('',#8553,#8554);
#8553 = CARTESIAN_POINT('',(6.28318530718,0.));
#8554 = VECTOR('',#8555,1.);
#8555 = DIRECTION('',(0.,-1.));
#8556 = ( GEOMETRIC_REPRESENTATION_CONTEXT(2) 
PARAMETRIC_REPRESENTATION_CONTEXT() REPRESENTATION_CONTEXT('2D SPACE',''
  ) );
#8557 = ORIENTED_EDGE('',*,*,#5903,.T.);
#8558 = ORIENTED_EDGE('',*,*,#8537,.F.);
#8559 = ORIENTED_EDGE('',*,*,#2950,.F.);
#8560 = ADVANCED_FACE('',(#8561),#3006,.F.);
#8561 = FACE_BOUND('',#8562,.F.);
#8562 = EDGE_LOOP('',(#8563,#8584,#8585,#8586));
#8563 = ORIENTED_EDGE('',*,*,#8564,.T.);
#8564 = EDGE_CURVE('',#2986,#5934,#8565,.T.);
#8565 = SEAM_CURVE('',#8566,(#8570,#8577),.PCURVE_S1.);
#8566 = LINE('',#8567,#8568);
#8567 = CARTESIAN_POINT('',(91.25,67.,-4.6E-02));
#8568 = VECTOR('',#8569,1.);
#8569 = DIRECTION('',(0.,0.,1.));
#8570 = PCURVE('',#3006,#8571);
#8571 = DEFINITIONAL_REPRESENTATION('',(#8572),#8576);
#8572 = LINE('',#8573,#8574);
#8573 = CARTESIAN_POINT('',(0.,0.));
#8574 = VECTOR('',#8575,1.);
#8575 = DIRECTION('',(0.,-1.));
#8576 = ( GEOMETRIC_REPRESENTATION_CONTEXT(2) 
PARAMETRIC_REPRESENTATION_CONTEXT() REPRESENTATION_CONTEXT('2D SPACE',''
  ) );
#8577 = PCURVE('',#3006,#8578);
#8578 = DEFINITIONAL_REPRESENTATION('',(#8579),#8583);
#8579 = LINE('',#8580,#8581);
#8580 = CARTESIAN_POINT('',(6.28318530718,0.));
#8581 = VECTOR('',#8582,1.);
#8582 = DIRECTION('',(0.,-1.));
#8583 = ( GEOMETRIC_REPRESENTATION_CONTEXT(2) 
PARAMETRIC_REPRESENTATION_CONTEXT() REPRESENTATION_CONTEXT('2D SPACE',''
  ) );
#8584 = ORIENTED_EDGE('',*,*,#5933,.T.);
#8585 = ORIENTED_EDGE('',*,*,#8564,.F.);
#8586 = ORIENTED_EDGE('',*,*,#2985,.F.);
#8587 = ADVANCED_FACE('',(#8588),#3041,.F.);
#8588 = FACE_BOUND('',#8589,.F.);
#8589 = EDGE_LOOP('',(#8590,#8611,#8612,#8613));
#8590 = ORIENTED_EDGE('',*,*,#8591,.T.);
#8591 = EDGE_CURVE('',#3021,#5964,#8592,.T.);
#8592 = SEAM_CURVE('',#8593,(#8597,#8604),.PCURVE_S1.);
#8593 = LINE('',#8594,#8595);
#8594 = CARTESIAN_POINT('',(50.04,73.25,-4.6E-02));
#8595 = VECTOR('',#8596,1.);
#8596 = DIRECTION('',(0.,0.,1.));
#8597 = PCURVE('',#3041,#8598);
#8598 = DEFINITIONAL_REPRESENTATION('',(#8599),#8603);
#8599 = LINE('',#8600,#8601);
#8600 = CARTESIAN_POINT('',(0.,0.));
#8601 = VECTOR('',#8602,1.);
#8602 = DIRECTION('',(0.,-1.));
#8603 = ( GEOMETRIC_REPRESENTATION_CONTEXT(2) 
PARAMETRIC_REPRESENTATION_CONTEXT() REPRESENTATION_CONTEXT('2D SPACE',''
  ) );
#8604 = PCURVE('',#3041,#8605);
#8605 = DEFINITIONAL_REPRESENTATION('',(#8606),#8610);
#8606 = LINE('',#8607,#8608);
#8607 = CARTESIAN_POINT('',(6.28318530718,0.));
#8608 = VECTOR('',#8609,1.);
#8609 = DIRECTION('',(0.,-1.));
#8610 = ( GEOMETRIC_REPRESENTATION_CONTEXT(2) 
PARAMETRIC_REPRESENTATION_CONTEXT() REPRESENTATION_CONTEXT('2D SPACE',''
  ) );
#8611 = ORIENTED_EDGE('',*,*,#5963,.T.);
#8612 = ORIENTED_EDGE('',*,*,#8591,.F.);
#8613 = ORIENTED_EDGE('',*,*,#3020,.F.);
#8614 = ADVANCED_FACE('',(#8615),#3076,.F.);
#8615 = FACE_BOUND('',#8616,.F.);
#8616 = EDGE_LOOP('',(#8617,#8638,#8639,#8640));
#8617 = ORIENTED_EDGE('',*,*,#8618,.T.);
#8618 = EDGE_CURVE('',#3056,#5994,#8619,.T.);
#8619 = SEAM_CURVE('',#8620,(#8624,#8631),.PCURVE_S1.);
#8620 = LINE('',#8621,#8622);
#8621 = CARTESIAN_POINT('',(55.12,74.4,-4.6E-02));
#8622 = VECTOR('',#8623,1.);
#8623 = DIRECTION('',(0.,0.,1.));
#8624 = PCURVE('',#3076,#8625);
#8625 = DEFINITIONAL_REPRESENTATION('',(#8626),#8630);
#8626 = LINE('',#8627,#8628);
#8627 = CARTESIAN_POINT('',(0.,0.));
#8628 = VECTOR('',#8629,1.);
#8629 = DIRECTION('',(0.,-1.));
#8630 = ( GEOMETRIC_REPRESENTATION_CONTEXT(2) 
PARAMETRIC_REPRESENTATION_CONTEXT() REPRESENTATION_CONTEXT('2D SPACE',''
  ) );
#8631 = PCURVE('',#3076,#8632);
#8632 = DEFINITIONAL_REPRESENTATION('',(#8633),#8637);
#8633 = LINE('',#8634,#8635);
#8634 = CARTESIAN_POINT('',(6.28318530718,0.));
#8635 = VECTOR('',#8636,1.);
#8636 = DIRECTION('',(0.,-1.));
#8637 = ( GEOMETRIC_REPRESENTATION_CONTEXT(2) 
PARAMETRIC_REPRESENTATION_CONTEXT() REPRESENTATION_CONTEXT('2D SPACE',''
  ) );
#8638 = ORIENTED_EDGE('',*,*,#5993,.T.);
#8639 = ORIENTED_EDGE('',*,*,#8618,.F.);
#8640 = ORIENTED_EDGE('',*,*,#3055,.F.);
#8641 = ADVANCED_FACE('',(#8642),#3111,.F.);
#8642 = FACE_BOUND('',#8643,.F.);
#8643 = EDGE_LOOP('',(#8644,#8665,#8666,#8667));
#8644 = ORIENTED_EDGE('',*,*,#8645,.T.);
#8645 = EDGE_CURVE('',#3091,#6024,#8646,.T.);
#8646 = SEAM_CURVE('',#8647,(#8651,#8658),.PCURVE_S1.);
#8647 = LINE('',#8648,#8649);
#8648 = CARTESIAN_POINT('',(64.25,74.4,-4.6E-02));
#8649 = VECTOR('',#8650,1.);
#8650 = DIRECTION('',(0.,0.,1.));
#8651 = PCURVE('',#3111,#8652);
#8652 = DEFINITIONAL_REPRESENTATION('',(#8653),#8657);
#8653 = LINE('',#8654,#8655);
#8654 = CARTESIAN_POINT('',(0.,0.));
#8655 = VECTOR('',#8656,1.);
#8656 = DIRECTION('',(0.,-1.));
#8657 = ( GEOMETRIC_REPRESENTATION_CONTEXT(2) 
PARAMETRIC_REPRESENTATION_CONTEXT() REPRESENTATION_CONTEXT('2D SPACE',''
  ) );
#8658 = PCURVE('',#3111,#8659);
#8659 = DEFINITIONAL_REPRESENTATION('',(#8660),#8664);
#8660 = LINE('',#8661,#8662);
#8661 = CARTESIAN_POINT('',(6.28318530718,0.));
#8662 = VECTOR('',#8663,1.);
#8663 = DIRECTION('',(0.,-1.));
#8664 = ( GEOMETRIC_REPRESENTATION_CONTEXT(2) 
PARAMETRIC_REPRESENTATION_CONTEXT() REPRESENTATION_CONTEXT('2D SPACE',''
  ) );
#8665 = ORIENTED_EDGE('',*,*,#6023,.T.);
#8666 = ORIENTED_EDGE('',*,*,#8645,.F.);
#8667 = ORIENTED_EDGE('',*,*,#3090,.F.);
#8668 = ADVANCED_FACE('',(#8669),#3146,.F.);
#8669 = FACE_BOUND('',#8670,.F.);
#8670 = EDGE_LOOP('',(#8671,#8692,#8693,#8694));
#8671 = ORIENTED_EDGE('',*,*,#8672,.T.);
#8672 = EDGE_CURVE('',#3126,#6054,#8673,.T.);
#8673 = SEAM_CURVE('',#8674,(#8678,#8685),.PCURVE_S1.);
#8674 = LINE('',#8675,#8676);
#8675 = CARTESIAN_POINT('',(65.52,77.04,-4.6E-02));
#8676 = VECTOR('',#8677,1.);
#8677 = DIRECTION('',(0.,0.,1.));
#8678 = PCURVE('',#3146,#8679);
#8679 = DEFINITIONAL_REPRESENTATION('',(#8680),#8684);
#8680 = LINE('',#8681,#8682);
#8681 = CARTESIAN_POINT('',(0.,0.));
#8682 = VECTOR('',#8683,1.);
#8683 = DIRECTION('',(0.,-1.));
#8684 = ( GEOMETRIC_REPRESENTATION_CONTEXT(2) 
PARAMETRIC_REPRESENTATION_CONTEXT() REPRESENTATION_CONTEXT('2D SPACE',''
  ) );
#8685 = PCURVE('',#3146,#8686);
#8686 = DEFINITIONAL_REPRESENTATION('',(#8687),#8691);
#8687 = LINE('',#8688,#8689);
#8688 = CARTESIAN_POINT('',(6.28318530718,0.));
#8689 = VECTOR('',#8690,1.);
#8690 = DIRECTION('',(0.,-1.));
#8691 = ( GEOMETRIC_REPRESENTATION_CONTEXT(2) 
PARAMETRIC_REPRESENTATION_CONTEXT() REPRESENTATION_CONTEXT('2D SPACE',''
  ) );
#8692 = ORIENTED_EDGE('',*,*,#6053,.T.);
#8693 = ORIENTED_EDGE('',*,*,#8672,.F.);
#8694 = ORIENTED_EDGE('',*,*,#3125,.F.);
#8695 = ADVANCED_FACE('',(#8696),#3181,.F.);
#8696 = FACE_BOUND('',#8697,.F.);
#8697 = EDGE_LOOP('',(#8698,#8719,#8720,#8721));
#8698 = ORIENTED_EDGE('',*,*,#8699,.T.);
#8699 = EDGE_CURVE('',#3161,#6084,#8700,.T.);
#8700 = SEAM_CURVE('',#8701,(#8705,#8712),.PCURVE_S1.);
#8701 = LINE('',#8702,#8703);
#8702 = CARTESIAN_POINT('',(69.33,73.25,-4.6E-02));
#8703 = VECTOR('',#8704,1.);
#8704 = DIRECTION('',(0.,0.,1.));
#8705 = PCURVE('',#3181,#8706);
#8706 = DEFINITIONAL_REPRESENTATION('',(#8707),#8711);
#8707 = LINE('',#8708,#8709);
#8708 = CARTESIAN_POINT('',(0.,0.));
#8709 = VECTOR('',#8710,1.);
#8710 = DIRECTION('',(0.,-1.));
#8711 = ( GEOMETRIC_REPRESENTATION_CONTEXT(2) 
PARAMETRIC_REPRESENTATION_CONTEXT() REPRESENTATION_CONTEXT('2D SPACE',''
  ) );
#8712 = PCURVE('',#3181,#8713);
#8713 = DEFINITIONAL_REPRESENTATION('',(#8714),#8718);
#8714 = LINE('',#8715,#8716);
#8715 = CARTESIAN_POINT('',(6.28318530718,0.));
#8716 = VECTOR('',#8717,1.);
#8717 = DIRECTION('',(0.,-1.));
#8718 = ( GEOMETRIC_REPRESENTATION_CONTEXT(2) 
PARAMETRIC_REPRESENTATION_CONTEXT() REPRESENTATION_CONTEXT('2D SPACE',''
  ) );
#8719 = ORIENTED_EDGE('',*,*,#6083,.T.);
#8720 = ORIENTED_EDGE('',*,*,#8699,.F.);
#8721 = ORIENTED_EDGE('',*,*,#3160,.F.);
#8722 = ADVANCED_FACE('',(#8723),#3216,.F.);
#8723 = FACE_BOUND('',#8724,.F.);
#8724 = EDGE_LOOP('',(#8725,#8746,#8747,#8748));
#8725 = ORIENTED_EDGE('',*,*,#8726,.T.);
#8726 = EDGE_CURVE('',#3196,#6114,#8727,.T.);
#8727 = SEAM_CURVE('',#8728,(#8732,#8739),.PCURVE_S1.);
#8728 = LINE('',#8729,#8730);
#8729 = CARTESIAN_POINT('',(52.58,79.58,-4.6E-02));
#8730 = VECTOR('',#8731,1.);
#8731 = DIRECTION('',(0.,0.,1.));
#8732 = PCURVE('',#3216,#8733);
#8733 = DEFINITIONAL_REPRESENTATION('',(#8734),#8738);
#8734 = LINE('',#8735,#8736);
#8735 = CARTESIAN_POINT('',(0.,0.));
#8736 = VECTOR('',#8737,1.);
#8737 = DIRECTION('',(0.,-1.));
#8738 = ( GEOMETRIC_REPRESENTATION_CONTEXT(2) 
PARAMETRIC_REPRESENTATION_CONTEXT() REPRESENTATION_CONTEXT('2D SPACE',''
  ) );
#8739 = PCURVE('',#3216,#8740);
#8740 = DEFINITIONAL_REPRESENTATION('',(#8741),#8745);
#8741 = LINE('',#8742,#8743);
#8742 = CARTESIAN_POINT('',(6.28318530718,0.));
#8743 = VECTOR('',#8744,1.);
#8744 = DIRECTION('',(0.,-1.));
#8745 = ( GEOMETRIC_REPRESENTATION_CONTEXT(2) 
PARAMETRIC_REPRESENTATION_CONTEXT() REPRESENTATION_CONTEXT('2D SPACE',''
  ) );
#8746 = ORIENTED_EDGE('',*,*,#6113,.T.);
#8747 = ORIENTED_EDGE('',*,*,#8726,.F.);
#8748 = ORIENTED_EDGE('',*,*,#3195,.F.);
#8749 = ADVANCED_FACE('',(#8750),#3251,.F.);
#8750 = FACE_BOUND('',#8751,.F.);
#8751 = EDGE_LOOP('',(#8752,#8773,#8774,#8775));
#8752 = ORIENTED_EDGE('',*,*,#8753,.T.);
#8753 = EDGE_CURVE('',#3231,#6144,#8754,.T.);
#8754 = SEAM_CURVE('',#8755,(#8759,#8766),.PCURVE_S1.);
#8755 = LINE('',#8756,#8757);
#8756 = CARTESIAN_POINT('',(74.41,74.4,-4.6E-02));
#8757 = VECTOR('',#8758,1.);
#8758 = DIRECTION('',(0.,0.,1.));
#8759 = PCURVE('',#3251,#8760);
#8760 = DEFINITIONAL_REPRESENTATION('',(#8761),#8765);
#8761 = LINE('',#8762,#8763);
#8762 = CARTESIAN_POINT('',(0.,0.));
#8763 = VECTOR('',#8764,1.);
#8764 = DIRECTION('',(0.,-1.));
#8765 = ( GEOMETRIC_REPRESENTATION_CONTEXT(2) 
PARAMETRIC_REPRESENTATION_CONTEXT() REPRESENTATION_CONTEXT('2D SPACE',''
  ) );
#8766 = PCURVE('',#3251,#8767);
#8767 = DEFINITIONAL_REPRESENTATION('',(#8768),#8772);
#8768 = LINE('',#8769,#8770);
#8769 = CARTESIAN_POINT('',(6.28318530718,0.));
#8770 = VECTOR('',#8771,1.);
#8771 = DIRECTION('',(0.,-1.));
#8772 = ( GEOMETRIC_REPRESENTATION_CONTEXT(2) 
PARAMETRIC_REPRESENTATION_CONTEXT() REPRESENTATION_CONTEXT('2D SPACE',''
  ) );
#8773 = ORIENTED_EDGE('',*,*,#6143,.T.);
#8774 = ORIENTED_EDGE('',*,*,#8753,.F.);
#8775 = ORIENTED_EDGE('',*,*,#3230,.F.);
#8776 = ADVANCED_FACE('',(#8777),#3288,.F.);
#8777 = FACE_BOUND('',#8778,.F.);
#8778 = EDGE_LOOP('',(#8779,#8800,#8801,#8822));
#8779 = ORIENTED_EDGE('',*,*,#8780,.T.);
#8780 = EDGE_CURVE('',#3266,#6174,#8781,.T.);
#8781 = SURFACE_CURVE('',#8782,(#8786,#8793),.PCURVE_S1.);
#8782 = LINE('',#8783,#8784);
#8783 = CARTESIAN_POINT('',(83.9,73.85,-4.6E-02));
#8784 = VECTOR('',#8785,1.);
#8785 = DIRECTION('',(0.,0.,1.));
#8786 = PCURVE('',#3288,#8787);
#8787 = DEFINITIONAL_REPRESENTATION('',(#8788),#8792);
#8788 = LINE('',#8789,#8790);
#8789 = CARTESIAN_POINT('',(3.14159265359,0.));
#8790 = VECTOR('',#8791,1.);
#8791 = DIRECTION('',(0.,-1.));
#8792 = ( GEOMETRIC_REPRESENTATION_CONTEXT(2) 
PARAMETRIC_REPRESENTATION_CONTEXT() REPRESENTATION_CONTEXT('2D SPACE',''
  ) );
#8793 = PCURVE('',#3375,#8794);
#8794 = DEFINITIONAL_REPRESENTATION('',(#8795),#8799);
#8795 = LINE('',#8796,#8797);
#8796 = CARTESIAN_POINT('',(0.,0.));
#8797 = VECTOR('',#8798,1.);
#8798 = DIRECTION('',(0.,-1.));
#8799 = ( GEOMETRIC_REPRESENTATION_CONTEXT(2) 
PARAMETRIC_REPRESENTATION_CONTEXT() REPRESENTATION_CONTEXT('2D SPACE',''
  ) );
#8800 = ORIENTED_EDGE('',*,*,#6173,.T.);
#8801 = ORIENTED_EDGE('',*,*,#8802,.F.);
#8802 = EDGE_CURVE('',#3268,#6176,#8803,.T.);
#8803 = SURFACE_CURVE('',#8804,(#8808,#8815),.PCURVE_S1.);
#8804 = LINE('',#8805,#8806);
#8805 = CARTESIAN_POINT('',(82.4,73.85,-4.6E-02));
#8806 = VECTOR('',#8807,1.);
#8807 = DIRECTION('',(0.,0.,1.));
#8808 = PCURVE('',#3288,#8809);
#8809 = DEFINITIONAL_REPRESENTATION('',(#8810),#8814);
#8810 = LINE('',#8811,#8812);
#8811 = CARTESIAN_POINT('',(6.28318530718,0.));
#8812 = VECTOR('',#8813,1.);
#8813 = DIRECTION('',(0.,-1.));
#8814 = ( GEOMETRIC_REPRESENTATION_CONTEXT(2) 
PARAMETRIC_REPRESENTATION_CONTEXT() REPRESENTATION_CONTEXT('2D SPACE',''
  ) );
#8815 = PCURVE('',#3316,#8816);
#8816 = DEFINITIONAL_REPRESENTATION('',(#8817),#8821);
#8817 = LINE('',#8818,#8819);
#8818 = CARTESIAN_POINT('',(1.3,0.));
#8819 = VECTOR('',#8820,1.);
#8820 = DIRECTION('',(0.,-1.));
#8821 = ( GEOMETRIC_REPRESENTATION_CONTEXT(2) 
PARAMETRIC_REPRESENTATION_CONTEXT() REPRESENTATION_CONTEXT('2D SPACE',''
  ) );
#8822 = ORIENTED_EDGE('',*,*,#3265,.F.);
#8823 = ADVANCED_FACE('',(#8824),#3375,.T.);
#8824 = FACE_BOUND('',#8825,.T.);
#8825 = EDGE_LOOP('',(#8826,#8827,#8828,#8829));
#8826 = ORIENTED_EDGE('',*,*,#3361,.T.);
#8827 = ORIENTED_EDGE('',*,*,#8780,.T.);
#8828 = ORIENTED_EDGE('',*,*,#6254,.F.);
#8829 = ORIENTED_EDGE('',*,*,#8830,.F.);
#8830 = EDGE_CURVE('',#3329,#6227,#8831,.T.);
#8831 = SURFACE_CURVE('',#8832,(#8836,#8843),.PCURVE_S1.);
#8832 = LINE('',#8833,#8834);
#8833 = CARTESIAN_POINT('',(83.9,75.15,-4.6E-02));
#8834 = VECTOR('',#8835,1.);
#8835 = DIRECTION('',(0.,0.,1.));
#8836 = PCURVE('',#3375,#8837);
#8837 = DEFINITIONAL_REPRESENTATION('',(#8838),#8842);
#8838 = LINE('',#8839,#8840);
#8839 = CARTESIAN_POINT('',(1.3,0.));
#8840 = VECTOR('',#8841,1.);
#8841 = DIRECTION('',(0.,-1.));
#8842 = ( GEOMETRIC_REPRESENTATION_CONTEXT(2) 
PARAMETRIC_REPRESENTATION_CONTEXT() REPRESENTATION_CONTEXT('2D SPACE',''
  ) );
#8843 = PCURVE('',#3349,#8844);
#8844 = DEFINITIONAL_REPRESENTATION('',(#8845),#8849);
#8845 = LINE('',#8846,#8847);
#8846 = CARTESIAN_POINT('',(6.28318530718,0.));
#8847 = VECTOR('',#8848,1.);
#8848 = DIRECTION('',(0.,-1.));
#8849 = ( GEOMETRIC_REPRESENTATION_CONTEXT(2) 
PARAMETRIC_REPRESENTATION_CONTEXT() REPRESENTATION_CONTEXT('2D SPACE',''
  ) );
#8850 = ADVANCED_FACE('',(#8851),#3349,.F.);
#8851 = FACE_BOUND('',#8852,.F.);
#8852 = EDGE_LOOP('',(#8853,#8874,#8875,#8876));
#8853 = ORIENTED_EDGE('',*,*,#8854,.T.);
#8854 = EDGE_CURVE('',#3301,#6204,#8855,.T.);
#8855 = SURFACE_CURVE('',#8856,(#8860,#8867),.PCURVE_S1.);
#8856 = LINE('',#8857,#8858);
#8857 = CARTESIAN_POINT('',(82.4,75.15,-4.6E-02));
#8858 = VECTOR('',#8859,1.);
#8859 = DIRECTION('',(0.,0.,1.));
#8860 = PCURVE('',#3349,#8861);
#8861 = DEFINITIONAL_REPRESENTATION('',(#8862),#8866);
#8862 = LINE('',#8863,#8864);
#8863 = CARTESIAN_POINT('',(3.14159265359,0.));
#8864 = VECTOR('',#8865,1.);
#8865 = DIRECTION('',(0.,-1.));
#8866 = ( GEOMETRIC_REPRESENTATION_CONTEXT(2) 
PARAMETRIC_REPRESENTATION_CONTEXT() REPRESENTATION_CONTEXT('2D SPACE',''
  ) );
#8867 = PCURVE('',#3316,#8868);
#8868 = DEFINITIONAL_REPRESENTATION('',(#8869),#8873);
#8869 = LINE('',#8870,#8871);
#8870 = CARTESIAN_POINT('',(0.,0.));
#8871 = VECTOR('',#8872,1.);
#8872 = DIRECTION('',(0.,-1.));
#8873 = ( GEOMETRIC_REPRESENTATION_CONTEXT(2) 
PARAMETRIC_REPRESENTATION_CONTEXT() REPRESENTATION_CONTEXT('2D SPACE',''
  ) );
#8874 = ORIENTED_EDGE('',*,*,#6226,.T.);
#8875 = ORIENTED_EDGE('',*,*,#8830,.F.);
#8876 = ORIENTED_EDGE('',*,*,#3328,.F.);
#8877 = ADVANCED_FACE('',(#8878),#3316,.T.);
#8878 = FACE_BOUND('',#8879,.T.);
#8879 = EDGE_LOOP('',(#8880,#8881,#8882,#8883));
#8880 = ORIENTED_EDGE('',*,*,#3300,.T.);
#8881 = ORIENTED_EDGE('',*,*,#8854,.T.);
#8882 = ORIENTED_EDGE('',*,*,#6203,.F.);
#8883 = ORIENTED_EDGE('',*,*,#8802,.F.);
#8884 = ADVANCED_FACE('',(#8885),#3412,.F.);
#8885 = FACE_BOUND('',#8886,.F.);
#8886 = EDGE_LOOP('',(#8887,#8908,#8909,#8930));
#8887 = ORIENTED_EDGE('',*,*,#8888,.T.);
#8888 = EDGE_CURVE('',#3390,#6278,#8889,.T.);
#8889 = SURFACE_CURVE('',#8890,(#8894,#8901),.PCURVE_S1.);
#8890 = LINE('',#8891,#8892);
#8891 = CARTESIAN_POINT('',(95.1,73.85,-4.6E-02));
#8892 = VECTOR('',#8893,1.);
#8893 = DIRECTION('',(0.,0.,1.));
#8894 = PCURVE('',#3412,#8895);
#8895 = DEFINITIONAL_REPRESENTATION('',(#8896),#8900);
#8896 = LINE('',#8897,#8898);
#8897 = CARTESIAN_POINT('',(3.14159265359,0.));
#8898 = VECTOR('',#8899,1.);
#8899 = DIRECTION('',(0.,-1.));
#8900 = ( GEOMETRIC_REPRESENTATION_CONTEXT(2) 
PARAMETRIC_REPRESENTATION_CONTEXT() REPRESENTATION_CONTEXT('2D SPACE',''
  ) );
#8901 = PCURVE('',#3499,#8902);
#8902 = DEFINITIONAL_REPRESENTATION('',(#8903),#8907);
#8903 = LINE('',#8904,#8905);
#8904 = CARTESIAN_POINT('',(0.,0.));
#8905 = VECTOR('',#8906,1.);
#8906 = DIRECTION('',(0.,-1.));
#8907 = ( GEOMETRIC_REPRESENTATION_CONTEXT(2) 
PARAMETRIC_REPRESENTATION_CONTEXT() REPRESENTATION_CONTEXT('2D SPACE',''
  ) );
#8908 = ORIENTED_EDGE('',*,*,#6277,.T.);
#8909 = ORIENTED_EDGE('',*,*,#8910,.F.);
#8910 = EDGE_CURVE('',#3392,#6280,#8911,.T.);
#8911 = SURFACE_CURVE('',#8912,(#8916,#8923),.PCURVE_S1.);
#8912 = LINE('',#8913,#8914);
#8913 = CARTESIAN_POINT('',(93.6,73.85,-4.6E-02));
#8914 = VECTOR('',#8915,1.);
#8915 = DIRECTION('',(0.,0.,1.));
#8916 = PCURVE('',#3412,#8917);
#8917 = DEFINITIONAL_REPRESENTATION('',(#8918),#8922);
#8918 = LINE('',#8919,#8920);
#8919 = CARTESIAN_POINT('',(6.28318530718,0.));
#8920 = VECTOR('',#8921,1.);
#8921 = DIRECTION('',(0.,-1.));
#8922 = ( GEOMETRIC_REPRESENTATION_CONTEXT(2) 
PARAMETRIC_REPRESENTATION_CONTEXT() REPRESENTATION_CONTEXT('2D SPACE',''
  ) );
#8923 = PCURVE('',#3440,#8924);
#8924 = DEFINITIONAL_REPRESENTATION('',(#8925),#8929);
#8925 = LINE('',#8926,#8927);
#8926 = CARTESIAN_POINT('',(1.3,0.));
#8927 = VECTOR('',#8928,1.);
#8928 = DIRECTION('',(0.,-1.));
#8929 = ( GEOMETRIC_REPRESENTATION_CONTEXT(2) 
PARAMETRIC_REPRESENTATION_CONTEXT() REPRESENTATION_CONTEXT('2D SPACE',''
  ) );
#8930 = ORIENTED_EDGE('',*,*,#3389,.F.);
#8931 = ADVANCED_FACE('',(#8932),#3499,.T.);
#8932 = FACE_BOUND('',#8933,.T.);
#8933 = EDGE_LOOP('',(#8934,#8935,#8936,#8937));
#8934 = ORIENTED_EDGE('',*,*,#3485,.T.);
#8935 = ORIENTED_EDGE('',*,*,#8888,.T.);
#8936 = ORIENTED_EDGE('',*,*,#6358,.F.);
#8937 = ORIENTED_EDGE('',*,*,#8938,.F.);
#8938 = EDGE_CURVE('',#3453,#6331,#8939,.T.);
#8939 = SURFACE_CURVE('',#8940,(#8944,#8951),.PCURVE_S1.);
#8940 = LINE('',#8941,#8942);
#8941 = CARTESIAN_POINT('',(95.1,75.15,-4.6E-02));
#8942 = VECTOR('',#8943,1.);
#8943 = DIRECTION('',(0.,0.,1.));
#8944 = PCURVE('',#3499,#8945);
#8945 = DEFINITIONAL_REPRESENTATION('',(#8946),#8950);
#8946 = LINE('',#8947,#8948);
#8947 = CARTESIAN_POINT('',(1.3,0.));
#8948 = VECTOR('',#8949,1.);
#8949 = DIRECTION('',(0.,-1.));
#8950 = ( GEOMETRIC_REPRESENTATION_CONTEXT(2) 
PARAMETRIC_REPRESENTATION_CONTEXT() REPRESENTATION_CONTEXT('2D SPACE',''
  ) );
#8951 = PCURVE('',#3473,#8952);
#8952 = DEFINITIONAL_REPRESENTATION('',(#8953),#8957);
#8953 = LINE('',#8954,#8955);
#8954 = CARTESIAN_POINT('',(6.28318530718,0.));
#8955 = VECTOR('',#8956,1.);
#8956 = DIRECTION('',(0.,-1.));
#8957 = ( GEOMETRIC_REPRESENTATION_CONTEXT(2) 
PARAMETRIC_REPRESENTATION_CONTEXT() REPRESENTATION_CONTEXT('2D SPACE',''
  ) );
#8958 = ADVANCED_FACE('',(#8959),#3473,.F.);
#8959 = FACE_BOUND('',#8960,.F.);
#8960 = EDGE_LOOP('',(#8961,#8982,#8983,#8984));
#8961 = ORIENTED_EDGE('',*,*,#8962,.T.);
#8962 = EDGE_CURVE('',#3425,#6308,#8963,.T.);
#8963 = SURFACE_CURVE('',#8964,(#8968,#8975),.PCURVE_S1.);
#8964 = LINE('',#8965,#8966);
#8965 = CARTESIAN_POINT('',(93.6,75.15,-4.6E-02));
#8966 = VECTOR('',#8967,1.);
#8967 = DIRECTION('',(0.,0.,1.));
#8968 = PCURVE('',#3473,#8969);
#8969 = DEFINITIONAL_REPRESENTATION('',(#8970),#8974);
#8970 = LINE('',#8971,#8972);
#8971 = CARTESIAN_POINT('',(3.14159265359,0.));
#8972 = VECTOR('',#8973,1.);
#8973 = DIRECTION('',(0.,-1.));
#8974 = ( GEOMETRIC_REPRESENTATION_CONTEXT(2) 
PARAMETRIC_REPRESENTATION_CONTEXT() REPRESENTATION_CONTEXT('2D SPACE',''
  ) );
#8975 = PCURVE('',#3440,#8976);
#8976 = DEFINITIONAL_REPRESENTATION('',(#8977),#8981);
#8977 = LINE('',#8978,#8979);
#8978 = CARTESIAN_POINT('',(0.,0.));
#8979 = VECTOR('',#8980,1.);
#8980 = DIRECTION('',(0.,-1.));
#8981 = ( GEOMETRIC_REPRESENTATION_CONTEXT(2) 
PARAMETRIC_REPRESENTATION_CONTEXT() REPRESENTATION_CONTEXT('2D SPACE',''
  ) );
#8982 = ORIENTED_EDGE('',*,*,#6330,.T.);
#8983 = ORIENTED_EDGE('',*,*,#8938,.F.);
#8984 = ORIENTED_EDGE('',*,*,#3452,.F.);
#8985 = ADVANCED_FACE('',(#8986),#3440,.T.);
#8986 = FACE_BOUND('',#8987,.T.);
#8987 = EDGE_LOOP('',(#8988,#8989,#8990,#8991));
#8988 = ORIENTED_EDGE('',*,*,#3424,.T.);
#8989 = ORIENTED_EDGE('',*,*,#8962,.T.);
#8990 = ORIENTED_EDGE('',*,*,#6307,.F.);
#8991 = ORIENTED_EDGE('',*,*,#8910,.F.);
#8992 = ADVANCED_FACE('',(#8993),#3534,.F.);
#8993 = FACE_BOUND('',#8994,.F.);
#8994 = EDGE_LOOP('',(#8995,#9016,#9017,#9018));
#8995 = ORIENTED_EDGE('',*,*,#8996,.T.);
#8996 = EDGE_CURVE('',#3514,#6382,#8997,.T.);
#8997 = SEAM_CURVE('',#8998,(#9002,#9009),.PCURVE_S1.);
#8998 = LINE('',#8999,#9000);
#8999 = CARTESIAN_POINT('',(71.87,79.58,-4.6E-02));
#9000 = VECTOR('',#9001,1.);
#9001 = DIRECTION('',(0.,0.,1.));
#9002 = PCURVE('',#3534,#9003);
#9003 = DEFINITIONAL_REPRESENTATION('',(#9004),#9008);
#9004 = LINE('',#9005,#9006);
#9005 = CARTESIAN_POINT('',(0.,0.));
#9006 = VECTOR('',#9007,1.);
#9007 = DIRECTION('',(0.,-1.));
#9008 = ( GEOMETRIC_REPRESENTATION_CONTEXT(2) 
PARAMETRIC_REPRESENTATION_CONTEXT() REPRESENTATION_CONTEXT('2D SPACE',''
  ) );
#9009 = PCURVE('',#3534,#9010);
#9010 = DEFINITIONAL_REPRESENTATION('',(#9011),#9015);
#9011 = LINE('',#9012,#9013);
#9012 = CARTESIAN_POINT('',(6.28318530718,0.));
#9013 = VECTOR('',#9014,1.);
#9014 = DIRECTION('',(0.,-1.));
#9015 = ( GEOMETRIC_REPRESENTATION_CONTEXT(2) 
PARAMETRIC_REPRESENTATION_CONTEXT() REPRESENTATION_CONTEXT('2D SPACE',''
  ) );
#9016 = ORIENTED_EDGE('',*,*,#6381,.T.);
#9017 = ORIENTED_EDGE('',*,*,#8996,.F.);
#9018 = ORIENTED_EDGE('',*,*,#3513,.F.);
#9019 = ADVANCED_FACE('',(#9020),#3569,.F.);
#9020 = FACE_BOUND('',#9021,.F.);
#9021 = EDGE_LOOP('',(#9022,#9043,#9044,#9045));
#9022 = ORIENTED_EDGE('',*,*,#9023,.T.);
#9023 = EDGE_CURVE('',#3549,#6412,#9024,.T.);
#9024 = SEAM_CURVE('',#9025,(#9029,#9036),.PCURVE_S1.);
#9025 = LINE('',#9026,#9027);
#9026 = CARTESIAN_POINT('',(86.25,81.5,-4.6E-02));
#9027 = VECTOR('',#9028,1.);
#9028 = DIRECTION('',(0.,0.,1.));
#9029 = PCURVE('',#3569,#9030);
#9030 = DEFINITIONAL_REPRESENTATION('',(#9031),#9035);
#9031 = LINE('',#9032,#9033);
#9032 = CARTESIAN_POINT('',(0.,0.));
#9033 = VECTOR('',#9034,1.);
#9034 = DIRECTION('',(0.,-1.));
#9035 = ( GEOMETRIC_REPRESENTATION_CONTEXT(2) 
PARAMETRIC_REPRESENTATION_CONTEXT() REPRESENTATION_CONTEXT('2D SPACE',''
  ) );
#9036 = PCURVE('',#3569,#9037);
#9037 = DEFINITIONAL_REPRESENTATION('',(#9038),#9042);
#9038 = LINE('',#9039,#9040);
#9039 = CARTESIAN_POINT('',(6.28318530718,0.));
#9040 = VECTOR('',#9041,1.);
#9041 = DIRECTION('',(0.,-1.));
#9042 = ( GEOMETRIC_REPRESENTATION_CONTEXT(2) 
PARAMETRIC_REPRESENTATION_CONTEXT() REPRESENTATION_CONTEXT('2D SPACE',''
  ) );
#9043 = ORIENTED_EDGE('',*,*,#6411,.T.);
#9044 = ORIENTED_EDGE('',*,*,#9023,.F.);
#9045 = ORIENTED_EDGE('',*,*,#3548,.F.);
#9046 = ADVANCED_FACE('',(#9047),#3604,.F.);
#9047 = FACE_BOUND('',#9048,.F.);
#9048 = EDGE_LOOP('',(#9049,#9070,#9071,#9072));
#9049 = ORIENTED_EDGE('',*,*,#9050,.T.);
#9050 = EDGE_CURVE('',#3584,#6442,#9051,.T.);
#9051 = SEAM_CURVE('',#9052,(#9056,#9063),.PCURVE_S1.);
#9052 = LINE('',#9053,#9054);
#9053 = CARTESIAN_POINT('',(88.75,81.5,-4.6E-02));
#9054 = VECTOR('',#9055,1.);
#9055 = DIRECTION('',(0.,0.,1.));
#9056 = PCURVE('',#3604,#9057);
#9057 = DEFINITIONAL_REPRESENTATION('',(#9058),#9062);
#9058 = LINE('',#9059,#9060);
#9059 = CARTESIAN_POINT('',(0.,0.));
#9060 = VECTOR('',#9061,1.);
#9061 = DIRECTION('',(0.,-1.));
#9062 = ( GEOMETRIC_REPRESENTATION_CONTEXT(2) 
PARAMETRIC_REPRESENTATION_CONTEXT() REPRESENTATION_CONTEXT('2D SPACE',''
  ) );
#9063 = PCURVE('',#3604,#9064);
#9064 = DEFINITIONAL_REPRESENTATION('',(#9065),#9069);
#9065 = LINE('',#9066,#9067);
#9066 = CARTESIAN_POINT('',(6.28318530718,0.));
#9067 = VECTOR('',#9068,1.);
#9068 = DIRECTION('',(0.,-1.));
#9069 = ( GEOMETRIC_REPRESENTATION_CONTEXT(2) 
PARAMETRIC_REPRESENTATION_CONTEXT() REPRESENTATION_CONTEXT('2D SPACE',''
  ) );
#9070 = ORIENTED_EDGE('',*,*,#6441,.T.);
#9071 = ORIENTED_EDGE('',*,*,#9050,.F.);
#9072 = ORIENTED_EDGE('',*,*,#3583,.F.);
#9073 = ADVANCED_FACE('',(#9074),#3639,.F.);
#9074 = FACE_BOUND('',#9075,.F.);
#9075 = EDGE_LOOP('',(#9076,#9097,#9098,#9099));
#9076 = ORIENTED_EDGE('',*,*,#9077,.T.);
#9077 = EDGE_CURVE('',#3619,#6472,#9078,.T.);
#9078 = SEAM_CURVE('',#9079,(#9083,#9090),.PCURVE_S1.);
#9079 = LINE('',#9080,#9081);
#9080 = CARTESIAN_POINT('',(91.25,81.5,-4.6E-02));
#9081 = VECTOR('',#9082,1.);
#9082 = DIRECTION('',(0.,0.,1.));
#9083 = PCURVE('',#3639,#9084);
#9084 = DEFINITIONAL_REPRESENTATION('',(#9085),#9089);
#9085 = LINE('',#9086,#9087);
#9086 = CARTESIAN_POINT('',(0.,0.));
#9087 = VECTOR('',#9088,1.);
#9088 = DIRECTION('',(0.,-1.));
#9089 = ( GEOMETRIC_REPRESENTATION_CONTEXT(2) 
PARAMETRIC_REPRESENTATION_CONTEXT() REPRESENTATION_CONTEXT('2D SPACE',''
  ) );
#9090 = PCURVE('',#3639,#9091);
#9091 = DEFINITIONAL_REPRESENTATION('',(#9092),#9096);
#9092 = LINE('',#9093,#9094);
#9093 = CARTESIAN_POINT('',(6.28318530718,0.));
#9094 = VECTOR('',#9095,1.);
#9095 = DIRECTION('',(0.,-1.));
#9096 = ( GEOMETRIC_REPRESENTATION_CONTEXT(2) 
PARAMETRIC_REPRESENTATION_CONTEXT() REPRESENTATION_CONTEXT('2D SPACE',''
  ) );
#9097 = ORIENTED_EDGE('',*,*,#6471,.T.);
#9098 = ORIENTED_EDGE('',*,*,#9077,.F.);
#9099 = ORIENTED_EDGE('',*,*,#3618,.F.);
#9100 = ADVANCED_FACE('',(#9101),#3674,.F.);
#9101 = FACE_BOUND('',#9102,.F.);
#9102 = EDGE_LOOP('',(#9103,#9124,#9125,#9126));
#9103 = ORIENTED_EDGE('',*,*,#9104,.T.);
#9104 = EDGE_CURVE('',#3654,#6502,#9105,.T.);
#9105 = SEAM_CURVE('',#9106,(#9110,#9117),.PCURVE_S1.);
#9106 = LINE('',#9107,#9108);
#9107 = CARTESIAN_POINT('',(92.75,87.45,-4.6E-02));
#9108 = VECTOR('',#9109,1.);
#9109 = DIRECTION('',(0.,0.,1.));
#9110 = PCURVE('',#3674,#9111);
#9111 = DEFINITIONAL_REPRESENTATION('',(#9112),#9116);
#9112 = LINE('',#9113,#9114);
#9113 = CARTESIAN_POINT('',(0.,0.));
#9114 = VECTOR('',#9115,1.);
#9115 = DIRECTION('',(0.,-1.));
#9116 = ( GEOMETRIC_REPRESENTATION_CONTEXT(2) 
PARAMETRIC_REPRESENTATION_CONTEXT() REPRESENTATION_CONTEXT('2D SPACE',''
  ) );
#9117 = PCURVE('',#3674,#9118);
#9118 = DEFINITIONAL_REPRESENTATION('',(#9119),#9123);
#9119 = LINE('',#9120,#9121);
#9120 = CARTESIAN_POINT('',(6.28318530718,0.));
#9121 = VECTOR('',#9122,1.);
#9122 = DIRECTION('',(0.,-1.));
#9123 = ( GEOMETRIC_REPRESENTATION_CONTEXT(2) 
PARAMETRIC_REPRESENTATION_CONTEXT() REPRESENTATION_CONTEXT('2D SPACE',''
  ) );
#9124 = ORIENTED_EDGE('',*,*,#6501,.T.);
#9125 = ORIENTED_EDGE('',*,*,#9104,.F.);
#9126 = ORIENTED_EDGE('',*,*,#3653,.F.);
#9127 = ( GEOMETRIC_REPRESENTATION_CONTEXT(3) 
GLOBAL_UNCERTAINTY_ASSIGNED_CONTEXT((#9131)) 
GLOBAL_UNIT_ASSIGNED_CONTEXT((#9128,#9129,#9130)) REPRESENTATION_CONTEXT
('Context #1','3D Context with UNIT and UNCERTAINTY') );
#9128 = ( LENGTH_UNIT() NAMED_UNIT(*) SI_UNIT(.MILLI.,.METRE.) );
#9129 = ( NAMED_UNIT(*) PLANE_ANGLE_UNIT() SI_UNIT($,.RADIAN.) );
#9130 = ( NAMED_UNIT(*) SI_UNIT($,.STERADIAN.) SOLID_ANGLE_UNIT() );
#9131 = UNCERTAINTY_MEASURE_WITH_UNIT(LENGTH_MEASURE(1.E-07),#9128,
  'distance_accuracy_value','confusion accuracy');
#9132 = CONTEXT_DEPENDENT_SHAPE_REPRESENTATION(#9133,#9135);
#9133 = ( REPRESENTATION_RELATIONSHIP('','',#92,#10) 
REPRESENTATION_RELATIONSHIP_WITH_TRANSFORMATION(#9134) 
SHAPE_REPRESENTATION_RELATIONSHIP() );
#9134 = ITEM_DEFINED_TRANSFORMATION('','',#11,#15);
#9135 = PRODUCT_DEFINITION_SHAPE('Placement','Placement of an item',
  #9136);
#9136 = NEXT_ASSEMBLY_USAGE_OCCURRENCE('9','PCB outline and holes','',#5
  ,#87,$);
#9137 = PRODUCT_RELATED_PRODUCT_CATEGORY('part',$,(#89));
#9138 = SHAPE_DEFINITION_REPRESENTATION(#9139,#9145);
#9139 = PRODUCT_DEFINITION_SHAPE('','',#9140);
#9140 = PRODUCT_DEFINITION('design','',#9141,#9144);
#9141 = PRODUCT_DEFINITION_FORMATION('','',#9142);
#9142 = PRODUCT('Component envelope 1','Component envelope 1','',(#9143)
  );
#9143 = PRODUCT_CONTEXT('',#2,'mechanical');
#9144 = PRODUCT_DEFINITION_CONTEXT('part definition',#2,'design');
#9145 = ADVANCED_BREP_SHAPE_REPRESENTATION('',(#11,#9146),#9476);
#9146 = MANIFOLD_SOLID_BREP('',#9147);
#9147 = CLOSED_SHELL('',(#9148,#9268,#9368,#9415,#9462,#9469));
#9148 = ADVANCED_FACE('',(#9149),#9163,.F.);
#9149 = FACE_BOUND('',#9150,.F.);
#9150 = EDGE_LOOP('',(#9151,#9186,#9214,#9242));
#9151 = ORIENTED_EDGE('',*,*,#9152,.F.);
#9152 = EDGE_CURVE('',#9153,#9155,#9157,.T.);
#9153 = VERTEX_POINT('',#9154);
#9154 = CARTESIAN_POINT('',(7.73,87.48,-1.405000000002));
#9155 = VERTEX_POINT('',#9156);
#9156 = CARTESIAN_POINT('',(7.73,87.48,10.135000000002));
#9157 = SURFACE_CURVE('',#9158,(#9162,#9174),.PCURVE_S1.);
#9158 = LINE('',#9159,#9160);
#9159 = CARTESIAN_POINT('',(7.73,87.48,-1.405000000002));
#9160 = VECTOR('',#9161,1.);
#9161 = DIRECTION('',(0.,0.,1.));
#9162 = PCURVE('',#9163,#9168);
#9163 = PLANE('',#9164);
#9164 = AXIS2_PLACEMENT_3D('',#9165,#9166,#9167);
#9165 = CARTESIAN_POINT('',(7.73,87.48,-1.405000000002));
#9166 = DIRECTION('',(1.,0.,0.));
#9167 = DIRECTION('',(0.,0.,1.));
#9168 = DEFINITIONAL_REPRESENTATION('',(#9169),#9173);
#9169 = LINE('',#9170,#9171);
#9170 = CARTESIAN_POINT('',(0.,0.));
#9171 = VECTOR('',#9172,1.);
#9172 = DIRECTION('',(1.,0.));
#9173 = ( GEOMETRIC_REPRESENTATION_CONTEXT(2) 
PARAMETRIC_REPRESENTATION_CONTEXT() REPRESENTATION_CONTEXT('2D SPACE',''
  ) );
#9174 = PCURVE('',#9175,#9180);
#9175 = PLANE('',#9176);
#9176 = AXIS2_PLACEMENT_3D('',#9177,#9178,#9179);
#9177 = CARTESIAN_POINT('',(7.73,87.48,-1.405000000002));
#9178 = DIRECTION('',(0.,1.,0.));
#9179 = DIRECTION('',(0.,0.,1.));
#9180 = DEFINITIONAL_REPRESENTATION('',(#9181),#9185);
#9181 = LINE('',#9182,#9183);
#9182 = CARTESIAN_POINT('',(0.,0.));
#9183 = VECTOR('',#9184,1.);
#9184 = DIRECTION('',(1.,0.));
#9185 = ( GEOMETRIC_REPRESENTATION_CONTEXT(2) 
PARAMETRIC_REPRESENTATION_CONTEXT() REPRESENTATION_CONTEXT('2D SPACE',''
  ) );
#9186 = ORIENTED_EDGE('',*,*,#9187,.T.);
#9187 = EDGE_CURVE('',#9153,#9188,#9190,.T.);
#9188 = VERTEX_POINT('',#9189);
#9189 = CARTESIAN_POINT('',(7.73,90.02,-1.405000000002));
#9190 = SURFACE_CURVE('',#9191,(#9195,#9202),.PCURVE_S1.);
#9191 = LINE('',#9192,#9193);
#9192 = CARTESIAN_POINT('',(7.73,87.48,-1.405000000002));
#9193 = VECTOR('',#9194,1.);
#9194 = DIRECTION('',(0.,1.,0.));
#9195 = PCURVE('',#9163,#9196);
#9196 = DEFINITIONAL_REPRESENTATION('',(#9197),#9201);
#9197 = LINE('',#9198,#9199);
#9198 = CARTESIAN_POINT('',(0.,0.));
#9199 = VECTOR('',#9200,1.);
#9200 = DIRECTION('',(0.,-1.));
#9201 = ( GEOMETRIC_REPRESENTATION_CONTEXT(2) 
PARAMETRIC_REPRESENTATION_CONTEXT() REPRESENTATION_CONTEXT('2D SPACE',''
  ) );
#9202 = PCURVE('',#9203,#9208);
#9203 = PLANE('',#9204);
#9204 = AXIS2_PLACEMENT_3D('',#9205,#9206,#9207);
#9205 = CARTESIAN_POINT('',(7.73,87.48,-1.405000000002));
#9206 = DIRECTION('',(0.,0.,1.));
#9207 = DIRECTION('',(1.,0.,0.));
#9208 = DEFINITIONAL_REPRESENTATION('',(#9209),#9213);
#9209 = LINE('',#9210,#9211);
#9210 = CARTESIAN_POINT('',(0.,0.));
#9211 = VECTOR('',#9212,1.);
#9212 = DIRECTION('',(0.,1.));
#9213 = ( GEOMETRIC_REPRESENTATION_CONTEXT(2) 
PARAMETRIC_REPRESENTATION_CONTEXT() REPRESENTATION_CONTEXT('2D SPACE',''
  ) );
#9214 = ORIENTED_EDGE('',*,*,#9215,.T.);
#9215 = EDGE_CURVE('',#9188,#9216,#9218,.T.);
#9216 = VERTEX_POINT('',#9217);
#9217 = CARTESIAN_POINT('',(7.73,90.02,10.135000000002));
#9218 = SURFACE_CURVE('',#9219,(#9223,#9230),.PCURVE_S1.);
#9219 = LINE('',#9220,#9221);
#9220 = CARTESIAN_POINT('',(7.73,90.02,-1.405000000002));
#9221 = VECTOR('',#9222,1.);
#9222 = DIRECTION('',(0.,0.,1.));
#9223 = PCURVE('',#9163,#9224);
#9224 = DEFINITIONAL_REPRESENTATION('',(#9225),#9229);
#9225 = LINE('',#9226,#9227);
#9226 = CARTESIAN_POINT('',(0.,-2.54));
#9227 = VECTOR('',#9228,1.);
#9228 = DIRECTION('',(1.,0.));
#9229 = ( GEOMETRIC_REPRESENTATION_CONTEXT(2) 
PARAMETRIC_REPRESENTATION_CONTEXT() REPRESENTATION_CONTEXT('2D SPACE',''
  ) );
#9230 = PCURVE('',#9231,#9236);
#9231 = PLANE('',#9232);
#9232 = AXIS2_PLACEMENT_3D('',#9233,#9234,#9235);
#9233 = CARTESIAN_POINT('',(7.73,90.02,-1.405000000002));
#9234 = DIRECTION('',(0.,1.,0.));
#9235 = DIRECTION('',(0.,0.,1.));
#9236 = DEFINITIONAL_REPRESENTATION('',(#9237),#9241);
#9237 = LINE('',#9238,#9239);
#9238 = CARTESIAN_POINT('',(0.,0.));
#9239 = VECTOR('',#9240,1.);
#9240 = DIRECTION('',(1.,0.));
#9241 = ( GEOMETRIC_REPRESENTATION_CONTEXT(2) 
PARAMETRIC_REPRESENTATION_CONTEXT() REPRESENTATION_CONTEXT('2D SPACE',''
  ) );
#9242 = ORIENTED_EDGE('',*,*,#9243,.F.);
#9243 = EDGE_CURVE('',#9155,#9216,#9244,.T.);
#9244 = SURFACE_CURVE('',#9245,(#9249,#9256),.PCURVE_S1.);
#9245 = LINE('',#9246,#9247);
#9246 = CARTESIAN_POINT('',(7.73,87.48,10.135000000002));
#9247 = VECTOR('',#9248,1.);
#9248 = DIRECTION('',(0.,1.,0.));
#9249 = PCURVE('',#9163,#9250);
#9250 = DEFINITIONAL_REPRESENTATION('',(#9251),#9255);
#9251 = LINE('',#9252,#9253);
#9252 = CARTESIAN_POINT('',(11.540000000005,0.));
#9253 = VECTOR('',#9254,1.);
#9254 = DIRECTION('',(0.,-1.));
#9255 = ( GEOMETRIC_REPRESENTATION_CONTEXT(2) 
PARAMETRIC_REPRESENTATION_CONTEXT() REPRESENTATION_CONTEXT('2D SPACE',''
  ) );
#9256 = PCURVE('',#9257,#9262);
#9257 = PLANE('',#9258);
#9258 = AXIS2_PLACEMENT_3D('',#9259,#9260,#9261);
#9259 = CARTESIAN_POINT('',(7.73,87.48,10.135000000002));
#9260 = DIRECTION('',(0.,0.,1.));
#9261 = DIRECTION('',(1.,0.,0.));
#9262 = DEFINITIONAL_REPRESENTATION('',(#9263),#9267);
#9263 = LINE('',#9264,#9265);
#9264 = CARTESIAN_POINT('',(0.,0.));
#9265 = VECTOR('',#9266,1.);
#9266 = DIRECTION('',(0.,1.));
#9267 = ( GEOMETRIC_REPRESENTATION_CONTEXT(2) 
PARAMETRIC_REPRESENTATION_CONTEXT() REPRESENTATION_CONTEXT('2D SPACE',''
  ) );
#9268 = ADVANCED_FACE('',(#9269),#9283,.T.);
#9269 = FACE_BOUND('',#9270,.T.);
#9270 = EDGE_LOOP('',(#9271,#9301,#9324,#9347));
#9271 = ORIENTED_EDGE('',*,*,#9272,.F.);
#9272 = EDGE_CURVE('',#9273,#9275,#9277,.T.);
#9273 = VERTEX_POINT('',#9274);
#9274 = CARTESIAN_POINT('',(43.29,87.48,-1.405000000002));
#9275 = VERTEX_POINT('',#9276);
#9276 = CARTESIAN_POINT('',(43.29,87.48,10.135000000002));
#9277 = SURFACE_CURVE('',#9278,(#9282,#9294),.PCURVE_S1.);
#9278 = LINE('',#9279,#9280);
#9279 = CARTESIAN_POINT('',(43.29,87.48,-1.405000000002));
#9280 = VECTOR('',#9281,1.);
#9281 = DIRECTION('',(0.,0.,1.));
#9282 = PCURVE('',#9283,#9288);
#9283 = PLANE('',#9284);
#9284 = AXIS2_PLACEMENT_3D('',#9285,#9286,#9287);
#9285 = CARTESIAN_POINT('',(43.29,87.48,-1.405000000002));
#9286 = DIRECTION('',(1.,0.,0.));
#9287 = DIRECTION('',(0.,0.,1.));
#9288 = DEFINITIONAL_REPRESENTATION('',(#9289),#9293);
#9289 = LINE('',#9290,#9291);
#9290 = CARTESIAN_POINT('',(0.,0.));
#9291 = VECTOR('',#9292,1.);
#9292 = DIRECTION('',(1.,0.));
#9293 = ( GEOMETRIC_REPRESENTATION_CONTEXT(2) 
PARAMETRIC_REPRESENTATION_CONTEXT() REPRESENTATION_CONTEXT('2D SPACE',''
  ) );
#9294 = PCURVE('',#9175,#9295);
#9295 = DEFINITIONAL_REPRESENTATION('',(#9296),#9300);
#9296 = LINE('',#9297,#9298);
#9297 = CARTESIAN_POINT('',(0.,35.56));
#9298 = VECTOR('',#9299,1.);
#9299 = DIRECTION('',(1.,0.));
#9300 = ( GEOMETRIC_REPRESENTATION_CONTEXT(2) 
PARAMETRIC_REPRESENTATION_CONTEXT() REPRESENTATION_CONTEXT('2D SPACE',''
  ) );
#9301 = ORIENTED_EDGE('',*,*,#9302,.T.);
#9302 = EDGE_CURVE('',#9273,#9303,#9305,.T.);
#9303 = VERTEX_POINT('',#9304);
#9304 = CARTESIAN_POINT('',(43.29,90.02,-1.405000000002));
#9305 = SURFACE_CURVE('',#9306,(#9310,#9317),.PCURVE_S1.);
#9306 = LINE('',#9307,#9308);
#9307 = CARTESIAN_POINT('',(43.29,87.48,-1.405000000002));
#9308 = VECTOR('',#9309,1.);
#9309 = DIRECTION('',(0.,1.,0.));
#9310 = PCURVE('',#9283,#9311);
#9311 = DEFINITIONAL_REPRESENTATION('',(#9312),#9316);
#9312 = LINE('',#9313,#9314);
#9313 = CARTESIAN_POINT('',(0.,0.));
#9314 = VECTOR('',#9315,1.);
#9315 = DIRECTION('',(0.,-1.));
#9316 = ( GEOMETRIC_REPRESENTATION_CONTEXT(2) 
PARAMETRIC_REPRESENTATION_CONTEXT() REPRESENTATION_CONTEXT('2D SPACE',''
  ) );
#9317 = PCURVE('',#9203,#9318);
#9318 = DEFINITIONAL_REPRESENTATION('',(#9319),#9323);
#9319 = LINE('',#9320,#9321);
#9320 = CARTESIAN_POINT('',(35.56,0.));
#9321 = VECTOR('',#9322,1.);
#9322 = DIRECTION('',(0.,1.));
#9323 = ( GEOMETRIC_REPRESENTATION_CONTEXT(2) 
PARAMETRIC_REPRESENTATION_CONTEXT() REPRESENTATION_CONTEXT('2D SPACE',''
  ) );
#9324 = ORIENTED_EDGE('',*,*,#9325,.T.);
#9325 = EDGE_CURVE('',#9303,#9326,#9328,.T.);
#9326 = VERTEX_POINT('',#9327);
#9327 = CARTESIAN_POINT('',(43.29,90.02,10.135000000002));
#9328 = SURFACE_CURVE('',#9329,(#9333,#9340),.PCURVE_S1.);
#9329 = LINE('',#9330,#9331);
#9330 = CARTESIAN_POINT('',(43.29,90.02,-1.405000000002));
#9331 = VECTOR('',#9332,1.);
#9332 = DIRECTION('',(0.,0.,1.));
#9333 = PCURVE('',#9283,#9334);
#9334 = DEFINITIONAL_REPRESENTATION('',(#9335),#9339);
#9335 = LINE('',#9336,#9337);
#9336 = CARTESIAN_POINT('',(0.,-2.54));
#9337 = VECTOR('',#9338,1.);
#9338 = DIRECTION('',(1.,0.));
#9339 = ( GEOMETRIC_REPRESENTATION_CONTEXT(2) 
PARAMETRIC_REPRESENTATION_CONTEXT() REPRESENTATION_CONTEXT('2D SPACE',''
  ) );
#9340 = PCURVE('',#9231,#9341);
#9341 = DEFINITIONAL_REPRESENTATION('',(#9342),#9346);
#9342 = LINE('',#9343,#9344);
#9343 = CARTESIAN_POINT('',(0.,35.56));
#9344 = VECTOR('',#9345,1.);
#9345 = DIRECTION('',(1.,0.));
#9346 = ( GEOMETRIC_REPRESENTATION_CONTEXT(2) 
PARAMETRIC_REPRESENTATION_CONTEXT() REPRESENTATION_CONTEXT('2D SPACE',''
  ) );
#9347 = ORIENTED_EDGE('',*,*,#9348,.F.);
#9348 = EDGE_CURVE('',#9275,#9326,#9349,.T.);
#9349 = SURFACE_CURVE('',#9350,(#9354,#9361),.PCURVE_S1.);
#9350 = LINE('',#9351,#9352);
#9351 = CARTESIAN_POINT('',(43.29,87.48,10.135000000002));
#9352 = VECTOR('',#9353,1.);
#9353 = DIRECTION('',(0.,1.,0.));
#9354 = PCURVE('',#9283,#9355);
#9355 = DEFINITIONAL_REPRESENTATION('',(#9356),#9360);
#9356 = LINE('',#9357,#9358);
#9357 = CARTESIAN_POINT('',(11.540000000005,0.));
#9358 = VECTOR('',#9359,1.);
#9359 = DIRECTION('',(0.,-1.));
#9360 = ( GEOMETRIC_REPRESENTATION_CONTEXT(2) 
PARAMETRIC_REPRESENTATION_CONTEXT() REPRESENTATION_CONTEXT('2D SPACE',''
  ) );
#9361 = PCURVE('',#9257,#9362);
#9362 = DEFINITIONAL_REPRESENTATION('',(#9363),#9367);
#9363 = LINE('',#9364,#9365);
#9364 = CARTESIAN_POINT('',(35.56,0.));
#9365 = VECTOR('',#9366,1.);
#9366 = DIRECTION('',(0.,1.));
#9367 = ( GEOMETRIC_REPRESENTATION_CONTEXT(2) 
PARAMETRIC_REPRESENTATION_CONTEXT() REPRESENTATION_CONTEXT('2D SPACE',''
  ) );
#9368 = ADVANCED_FACE('',(#9369),#9175,.F.);
#9369 = FACE_BOUND('',#9370,.F.);
#9370 = EDGE_LOOP('',(#9371,#9392,#9393,#9414));
#9371 = ORIENTED_EDGE('',*,*,#9372,.F.);
#9372 = EDGE_CURVE('',#9153,#9273,#9373,.T.);
#9373 = SURFACE_CURVE('',#9374,(#9378,#9385),.PCURVE_S1.);
#9374 = LINE('',#9375,#9376);
#9375 = CARTESIAN_POINT('',(7.73,87.48,-1.405000000002));
#9376 = VECTOR('',#9377,1.);
#9377 = DIRECTION('',(1.,0.,0.));
#9378 = PCURVE('',#9175,#9379);
#9379 = DEFINITIONAL_REPRESENTATION('',(#9380),#9384);
#9380 = LINE('',#9381,#9382);
#9381 = CARTESIAN_POINT('',(0.,0.));
#9382 = VECTOR('',#9383,1.);
#9383 = DIRECTION('',(0.,1.));
#9384 = ( GEOMETRIC_REPRESENTATION_CONTEXT(2) 
PARAMETRIC_REPRESENTATION_CONTEXT() REPRESENTATION_CONTEXT('2D SPACE',''
  ) );
#9385 = PCURVE('',#9203,#9386);
#9386 = DEFINITIONAL_REPRESENTATION('',(#9387),#9391);
#9387 = LINE('',#9388,#9389);
#9388 = CARTESIAN_POINT('',(0.,0.));
#9389 = VECTOR('',#9390,1.);
#9390 = DIRECTION('',(1.,0.));
#9391 = ( GEOMETRIC_REPRESENTATION_CONTEXT(2) 
PARAMETRIC_REPRESENTATION_CONTEXT() REPRESENTATION_CONTEXT('2D SPACE',''
  ) );
#9392 = ORIENTED_EDGE('',*,*,#9152,.T.);
#9393 = ORIENTED_EDGE('',*,*,#9394,.T.);
#9394 = EDGE_CURVE('',#9155,#9275,#9395,.T.);
#9395 = SURFACE_CURVE('',#9396,(#9400,#9407),.PCURVE_S1.);
#9396 = LINE('',#9397,#9398);
#9397 = CARTESIAN_POINT('',(7.73,87.48,10.135000000002));
#9398 = VECTOR('',#9399,1.);
#9399 = DIRECTION('',(1.,0.,0.));
#9400 = PCURVE('',#9175,#9401);
#9401 = DEFINITIONAL_REPRESENTATION('',(#9402),#9406);
#9402 = LINE('',#9403,#9404);
#9403 = CARTESIAN_POINT('',(11.540000000005,0.));
#9404 = VECTOR('',#9405,1.);
#9405 = DIRECTION('',(0.,1.));
#9406 = ( GEOMETRIC_REPRESENTATION_CONTEXT(2) 
PARAMETRIC_REPRESENTATION_CONTEXT() REPRESENTATION_CONTEXT('2D SPACE',''
  ) );
#9407 = PCURVE('',#9257,#9408);
#9408 = DEFINITIONAL_REPRESENTATION('',(#9409),#9413);
#9409 = LINE('',#9410,#9411);
#9410 = CARTESIAN_POINT('',(0.,0.));
#9411 = VECTOR('',#9412,1.);
#9412 = DIRECTION('',(1.,0.));
#9413 = ( GEOMETRIC_REPRESENTATION_CONTEXT(2) 
PARAMETRIC_REPRESENTATION_CONTEXT() REPRESENTATION_CONTEXT('2D SPACE',''
  ) );
#9414 = ORIENTED_EDGE('',*,*,#9272,.F.);
#9415 = ADVANCED_FACE('',(#9416),#9231,.T.);
#9416 = FACE_BOUND('',#9417,.T.);
#9417 = EDGE_LOOP('',(#9418,#9439,#9440,#9461));
#9418 = ORIENTED_EDGE('',*,*,#9419,.F.);
#9419 = EDGE_CURVE('',#9188,#9303,#9420,.T.);
#9420 = SURFACE_CURVE('',#9421,(#9425,#9432),.PCURVE_S1.);
#9421 = LINE('',#9422,#9423);
#9422 = CARTESIAN_POINT('',(7.73,90.02,-1.405000000002));
#9423 = VECTOR('',#9424,1.);
#9424 = DIRECTION('',(1.,0.,0.));
#9425 = PCURVE('',#9231,#9426);
#9426 = DEFINITIONAL_REPRESENTATION('',(#9427),#9431);
#9427 = LINE('',#9428,#9429);
#9428 = CARTESIAN_POINT('',(0.,0.));
#9429 = VECTOR('',#9430,1.);
#9430 = DIRECTION('',(0.,1.));
#9431 = ( GEOMETRIC_REPRESENTATION_CONTEXT(2) 
PARAMETRIC_REPRESENTATION_CONTEXT() REPRESENTATION_CONTEXT('2D SPACE',''
  ) );
#9432 = PCURVE('',#9203,#9433);
#9433 = DEFINITIONAL_REPRESENTATION('',(#9434),#9438);
#9434 = LINE('',#9435,#9436);
#9435 = CARTESIAN_POINT('',(0.,2.54));
#9436 = VECTOR('',#9437,1.);
#9437 = DIRECTION('',(1.,0.));
#9438 = ( GEOMETRIC_REPRESENTATION_CONTEXT(2) 
PARAMETRIC_REPRESENTATION_CONTEXT() REPRESENTATION_CONTEXT('2D SPACE',''
  ) );
#9439 = ORIENTED_EDGE('',*,*,#9215,.T.);
#9440 = ORIENTED_EDGE('',*,*,#9441,.T.);
#9441 = EDGE_CURVE('',#9216,#9326,#9442,.T.);
#9442 = SURFACE_CURVE('',#9443,(#9447,#9454),.PCURVE_S1.);
#9443 = LINE('',#9444,#9445);
#9444 = CARTESIAN_POINT('',(7.73,90.02,10.135000000002));
#9445 = VECTOR('',#9446,1.);
#9446 = DIRECTION('',(1.,0.,0.));
#9447 = PCURVE('',#9231,#9448);
#9448 = DEFINITIONAL_REPRESENTATION('',(#9449),#9453);
#9449 = LINE('',#9450,#9451);
#9450 = CARTESIAN_POINT('',(11.540000000005,0.));
#9451 = VECTOR('',#9452,1.);
#9452 = DIRECTION('',(0.,1.));
#9453 = ( GEOMETRIC_REPRESENTATION_CONTEXT(2) 
PARAMETRIC_REPRESENTATION_CONTEXT() REPRESENTATION_CONTEXT('2D SPACE',''
  ) );
#9454 = PCURVE('',#9257,#9455);
#9455 = DEFINITIONAL_REPRESENTATION('',(#9456),#9460);
#9456 = LINE('',#9457,#9458);
#9457 = CARTESIAN_POINT('',(0.,2.54));
#9458 = VECTOR('',#9459,1.);
#9459 = DIRECTION('',(1.,0.));
#9460 = ( GEOMETRIC_REPRESENTATION_CONTEXT(2) 
PARAMETRIC_REPRESENTATION_CONTEXT() REPRESENTATION_CONTEXT('2D SPACE',''
  ) );
#9461 = ORIENTED_EDGE('',*,*,#9325,.F.);
#9462 = ADVANCED_FACE('',(#9463),#9203,.F.);
#9463 = FACE_BOUND('',#9464,.F.);
#9464 = EDGE_LOOP('',(#9465,#9466,#9467,#9468));
#9465 = ORIENTED_EDGE('',*,*,#9187,.F.);
#9466 = ORIENTED_EDGE('',*,*,#9372,.T.);
#9467 = ORIENTED_EDGE('',*,*,#9302,.T.);
#9468 = ORIENTED_EDGE('',*,*,#9419,.F.);
#9469 = ADVANCED_FACE('',(#9470),#9257,.T.);
#9470 = FACE_BOUND('',#9471,.T.);
#9471 = EDGE_LOOP('',(#9472,#9473,#9474,#9475));
#9472 = ORIENTED_EDGE('',*,*,#9243,.F.);
#9473 = ORIENTED_EDGE('',*,*,#9394,.T.);
#9474 = ORIENTED_EDGE('',*,*,#9348,.T.);
#9475 = ORIENTED_EDGE('',*,*,#9441,.F.);
#9476 = ( GEOMETRIC_REPRESENTATION_CONTEXT(3) 
GLOBAL_UNCERTAINTY_ASSIGNED_CONTEXT((#9480)) 
GLOBAL_UNIT_ASSIGNED_CONTEXT((#9477,#9478,#9479)) REPRESENTATION_CONTEXT
('Context #1','3D Context with UNIT and UNCERTAINTY') );
#9477 = ( LENGTH_UNIT() NAMED_UNIT(*) SI_UNIT(.MILLI.,.METRE.) );
#9478 = ( NAMED_UNIT(*) PLANE_ANGLE_UNIT() SI_UNIT($,.RADIAN.) );
#9479 = ( NAMED_UNIT(*) SI_UNIT($,.STERADIAN.) SOLID_ANGLE_UNIT() );
#9480 = UNCERTAINTY_MEASURE_WITH_UNIT(LENGTH_MEASURE(1.E-07),#9477,
  'distance_accuracy_value','confusion accuracy');
#9481 = CONTEXT_DEPENDENT_SHAPE_REPRESENTATION(#9482,#9484);
#9482 = ( REPRESENTATION_RELATIONSHIP('','',#9145,#10) 
REPRESENTATION_RELATIONSHIP_WITH_TRANSFORMATION(#9483) 
SHAPE_REPRESENTATION_RELATIONSHIP() );
#9483 = ITEM_DEFINED_TRANSFORMATION('','',#11,#19);
#9484 = PRODUCT_DEFINITION_SHAPE('Placement','Placement of an item',
  #9485);
#9485 = NEXT_ASSEMBLY_USAGE_OCCURRENCE('10','Component envelope 1','',#5
  ,#9140,$);
#9486 = PRODUCT_RELATED_PRODUCT_CATEGORY('part',$,(#9142));
#9487 = SHAPE_DEFINITION_REPRESENTATION(#9488,#9494);
#9488 = PRODUCT_DEFINITION_SHAPE('','',#9489);
#9489 = PRODUCT_DEFINITION('design','',#9490,#9493);
#9490 = PRODUCT_DEFINITION_FORMATION('','',#9491);
#9491 = PRODUCT('Component envelope 2','Component envelope 2','',(#9492)
  );
#9492 = PRODUCT_CONTEXT('',#2,'mechanical');
#9493 = PRODUCT_DEFINITION_CONTEXT('part definition',#2,'design');
#9494 = ADVANCED_BREP_SHAPE_REPRESENTATION('',(#11,#9495),#9825);
#9495 = MANIFOLD_SOLID_BREP('',#9496);
#9496 = CLOSED_SHELL('',(#9497,#9617,#9717,#9764,#9811,#9818));
#9497 = ADVANCED_FACE('',(#9498),#9512,.F.);
#9498 = FACE_BOUND('',#9499,.F.);
#9499 = EDGE_LOOP('',(#9500,#9535,#9563,#9591));
#9500 = ORIENTED_EDGE('',*,*,#9501,.F.);
#9501 = EDGE_CURVE('',#9502,#9504,#9506,.T.);
#9502 = VERTEX_POINT('',#9503);
#9503 = CARTESIAN_POINT('',(52.2125,3.9999999,1.595));
#9504 = VERTEX_POINT('',#9505);
#9505 = CARTESIAN_POINT('',(52.2125,3.9999999,3.1450001));
#9506 = SURFACE_CURVE('',#9507,(#9511,#9523),.PCURVE_S1.);
#9507 = LINE('',#9508,#9509);
#9508 = CARTESIAN_POINT('',(52.2125,3.9999999,1.595));
#9509 = VECTOR('',#9510,1.);
#9510 = DIRECTION('',(0.,0.,1.));
#9511 = PCURVE('',#9512,#9517);
#9512 = PLANE('',#9513);
#9513 = AXIS2_PLACEMENT_3D('',#9514,#9515,#9516);
#9514 = CARTESIAN_POINT('',(52.2125,3.9999999,1.595));
#9515 = DIRECTION('',(1.,0.,0.));
#9516 = DIRECTION('',(0.,0.,1.));
#9517 = DEFINITIONAL_REPRESENTATION('',(#9518),#9522);
#9518 = LINE('',#9519,#9520);
#9519 = CARTESIAN_POINT('',(0.,0.));
#9520 = VECTOR('',#9521,1.);
#9521 = DIRECTION('',(1.,0.));
#9522 = ( GEOMETRIC_REPRESENTATION_CONTEXT(2) 
PARAMETRIC_REPRESENTATION_CONTEXT() REPRESENTATION_CONTEXT('2D SPACE',''
  ) );
#9523 = PCURVE('',#9524,#9529);
#9524 = PLANE('',#9525);
#9525 = AXIS2_PLACEMENT_3D('',#9526,#9527,#9528);
#9526 = CARTESIAN_POINT('',(52.2125,3.9999999,1.595));
#9527 = DIRECTION('',(0.,1.,0.));
#9528 = DIRECTION('',(0.,0.,1.));
#9529 = DEFINITIONAL_REPRESENTATION('',(#9530),#9534);
#9530 = LINE('',#9531,#9532);
#9531 = CARTESIAN_POINT('',(0.,0.));
#9532 = VECTOR('',#9533,1.);
#9533 = DIRECTION('',(1.,0.));
#9534 = ( GEOMETRIC_REPRESENTATION_CONTEXT(2) 
PARAMETRIC_REPRESENTATION_CONTEXT() REPRESENTATION_CONTEXT('2D SPACE',''
  ) );
#9535 = ORIENTED_EDGE('',*,*,#9536,.T.);
#9536 = EDGE_CURVE('',#9502,#9537,#9539,.T.);
#9537 = VERTEX_POINT('',#9538);
#9538 = CARTESIAN_POINT('',(52.2125,6.9000001,1.595));
#9539 = SURFACE_CURVE('',#9540,(#9544,#9551),.PCURVE_S1.);
#9540 = LINE('',#9541,#9542);
#9541 = CARTESIAN_POINT('',(52.2125,3.9999999,1.595));
#9542 = VECTOR('',#9543,1.);
#9543 = DIRECTION('',(0.,1.,0.));
#9544 = PCURVE('',#9512,#9545);
#9545 = DEFINITIONAL_REPRESENTATION('',(#9546),#9550);
#9546 = LINE('',#9547,#9548);
#9547 = CARTESIAN_POINT('',(0.,0.));
#9548 = VECTOR('',#9549,1.);
#9549 = DIRECTION('',(0.,-1.));
#9550 = ( GEOMETRIC_REPRESENTATION_CONTEXT(2) 
PARAMETRIC_REPRESENTATION_CONTEXT() REPRESENTATION_CONTEXT('2D SPACE',''
  ) );
#9551 = PCURVE('',#9552,#9557);
#9552 = PLANE('',#9553);
#9553 = AXIS2_PLACEMENT_3D('',#9554,#9555,#9556);
#9554 = CARTESIAN_POINT('',(52.2125,3.9999999,1.595));
#9555 = DIRECTION('',(0.,0.,1.));
#9556 = DIRECTION('',(1.,0.,0.));
#9557 = DEFINITIONAL_REPRESENTATION('',(#9558),#9562);
#9558 = LINE('',#9559,#9560);
#9559 = CARTESIAN_POINT('',(0.,0.));
#9560 = VECTOR('',#9561,1.);
#9561 = DIRECTION('',(0.,1.));
#9562 = ( GEOMETRIC_REPRESENTATION_CONTEXT(2) 
PARAMETRIC_REPRESENTATION_CONTEXT() REPRESENTATION_CONTEXT('2D SPACE',''
  ) );
#9563 = ORIENTED_EDGE('',*,*,#9564,.T.);
#9564 = EDGE_CURVE('',#9537,#9565,#9567,.T.);
#9565 = VERTEX_POINT('',#9566);
#9566 = CARTESIAN_POINT('',(52.2125,6.9000001,3.1450001));
#9567 = SURFACE_CURVE('',#9568,(#9572,#9579),.PCURVE_S1.);
#9568 = LINE('',#9569,#9570);
#9569 = CARTESIAN_POINT('',(52.2125,6.9000001,1.595));
#9570 = VECTOR('',#9571,1.);
#9571 = DIRECTION('',(0.,0.,1.));
#9572 = PCURVE('',#9512,#9573);
#9573 = DEFINITIONAL_REPRESENTATION('',(#9574),#9578);
#9574 = LINE('',#9575,#9576);
#9575 = CARTESIAN_POINT('',(0.,-2.9000002));
#9576 = VECTOR('',#9577,1.);
#9577 = DIRECTION('',(1.,0.));
#9578 = ( GEOMETRIC_REPRESENTATION_CONTEXT(2) 
PARAMETRIC_REPRESENTATION_CONTEXT() REPRESENTATION_CONTEXT('2D SPACE',''
  ) );
#9579 = PCURVE('',#9580,#9585);
#9580 = PLANE('',#9581);
#9581 = AXIS2_PLACEMENT_3D('',#9582,#9583,#9584);
#9582 = CARTESIAN_POINT('',(52.2125,6.9000001,1.595));
#9583 = DIRECTION('',(0.,1.,0.));
#9584 = DIRECTION('',(0.,0.,1.));
#9585 = DEFINITIONAL_REPRESENTATION('',(#9586),#9590);
#9586 = LINE('',#9587,#9588);
#9587 = CARTESIAN_POINT('',(0.,0.));
#9588 = VECTOR('',#9589,1.);
#9589 = DIRECTION('',(1.,0.));
#9590 = ( GEOMETRIC_REPRESENTATION_CONTEXT(2) 
PARAMETRIC_REPRESENTATION_CONTEXT() REPRESENTATION_CONTEXT('2D SPACE',''
  ) );
#9591 = ORIENTED_EDGE('',*,*,#9592,.F.);
#9592 = EDGE_CURVE('',#9504,#9565,#9593,.T.);
#9593 = SURFACE_CURVE('',#9594,(#9598,#9605),.PCURVE_S1.);
#9594 = LINE('',#9595,#9596);
#9595 = CARTESIAN_POINT('',(52.2125,3.9999999,3.1450001));
#9596 = VECTOR('',#9597,1.);
#9597 = DIRECTION('',(0.,1.,0.));
#9598 = PCURVE('',#9512,#9599);
#9599 = DEFINITIONAL_REPRESENTATION('',(#9600),#9604);
#9600 = LINE('',#9601,#9602);
#9601 = CARTESIAN_POINT('',(1.5500001,0.));
#9602 = VECTOR('',#9603,1.);
#9603 = DIRECTION('',(0.,-1.));
#9604 = ( GEOMETRIC_REPRESENTATION_CONTEXT(2) 
PARAMETRIC_REPRESENTATION_CONTEXT() REPRESENTATION_CONTEXT('2D SPACE',''
  ) );
#9605 = PCURVE('',#9606,#9611);
#9606 = PLANE('',#9607);
#9607 = AXIS2_PLACEMENT_3D('',#9608,#9609,#9610);
#9608 = CARTESIAN_POINT('',(52.2125,3.9999999,3.1450001));
#9609 = DIRECTION('',(0.,0.,1.));
#9610 = DIRECTION('',(1.,0.,0.));
#9611 = DEFINITIONAL_REPRESENTATION('',(#9612),#9616);
#9612 = LINE('',#9613,#9614);
#9613 = CARTESIAN_POINT('',(0.,0.));
#9614 = VECTOR('',#9615,1.);
#9615 = DIRECTION('',(0.,1.));
#9616 = ( GEOMETRIC_REPRESENTATION_CONTEXT(2) 
PARAMETRIC_REPRESENTATION_CONTEXT() REPRESENTATION_CONTEXT('2D SPACE',''
  ) );
#9617 = ADVANCED_FACE('',(#9618),#9632,.T.);
#9618 = FACE_BOUND('',#9619,.T.);
#9619 = EDGE_LOOP('',(#9620,#9650,#9673,#9696));
#9620 = ORIENTED_EDGE('',*,*,#9621,.F.);
#9621 = EDGE_CURVE('',#9622,#9624,#9626,.T.);
#9622 = VERTEX_POINT('',#9623);
#9623 = CARTESIAN_POINT('',(55.0125,3.9999999,1.595));
#9624 = VERTEX_POINT('',#9625);
#9625 = CARTESIAN_POINT('',(55.0125,3.9999999,3.1450001));
#9626 = SURFACE_CURVE('',#9627,(#9631,#9643),.PCURVE_S1.);
#9627 = LINE('',#9628,#9629);
#9628 = CARTESIAN_POINT('',(55.0125,3.9999999,1.595));
#9629 = VECTOR('',#9630,1.);
#9630 = DIRECTION('',(0.,0.,1.));
#9631 = PCURVE('',#9632,#9637);
#9632 = PLANE('',#9633);
#9633 = AXIS2_PLACEMENT_3D('',#9634,#9635,#9636);
#9634 = CARTESIAN_POINT('',(55.0125,3.9999999,1.595));
#9635 = DIRECTION('',(1.,0.,0.));
#9636 = DIRECTION('',(0.,0.,1.));
#9637 = DEFINITIONAL_REPRESENTATION('',(#9638),#9642);
#9638 = LINE('',#9639,#9640);
#9639 = CARTESIAN_POINT('',(0.,0.));
#9640 = VECTOR('',#9641,1.);
#9641 = DIRECTION('',(1.,0.));
#9642 = ( GEOMETRIC_REPRESENTATION_CONTEXT(2) 
PARAMETRIC_REPRESENTATION_CONTEXT() REPRESENTATION_CONTEXT('2D SPACE',''
  ) );
#9643 = PCURVE('',#9524,#9644);
#9644 = DEFINITIONAL_REPRESENTATION('',(#9645),#9649);
#9645 = LINE('',#9646,#9647);
#9646 = CARTESIAN_POINT('',(0.,2.8));
#9647 = VECTOR('',#9648,1.);
#9648 = DIRECTION('',(1.,0.));
#9649 = ( GEOMETRIC_REPRESENTATION_CONTEXT(2) 
PARAMETRIC_REPRESENTATION_CONTEXT() REPRESENTATION_CONTEXT('2D SPACE',''
  ) );
#9650 = ORIENTED_EDGE('',*,*,#9651,.T.);
#9651 = EDGE_CURVE('',#9622,#9652,#9654,.T.);
#9652 = VERTEX_POINT('',#9653);
#9653 = CARTESIAN_POINT('',(55.0125,6.9000001,1.595));
#9654 = SURFACE_CURVE('',#9655,(#9659,#9666),.PCURVE_S1.);
#9655 = LINE('',#9656,#9657);
#9656 = CARTESIAN_POINT('',(55.0125,3.9999999,1.595));
#9657 = VECTOR('',#9658,1.);
#9658 = DIRECTION('',(0.,1.,0.));
#9659 = PCURVE('',#9632,#9660);
#9660 = DEFINITIONAL_REPRESENTATION('',(#9661),#9665);
#9661 = LINE('',#9662,#9663);
#9662 = CARTESIAN_POINT('',(0.,0.));
#9663 = VECTOR('',#9664,1.);
#9664 = DIRECTION('',(0.,-1.));
#9665 = ( GEOMETRIC_REPRESENTATION_CONTEXT(2) 
PARAMETRIC_REPRESENTATION_CONTEXT() REPRESENTATION_CONTEXT('2D SPACE',''
  ) );
#9666 = PCURVE('',#9552,#9667);
#9667 = DEFINITIONAL_REPRESENTATION('',(#9668),#9672);
#9668 = LINE('',#9669,#9670);
#9669 = CARTESIAN_POINT('',(2.8,0.));
#9670 = VECTOR('',#9671,1.);
#9671 = DIRECTION('',(0.,1.));
#9672 = ( GEOMETRIC_REPRESENTATION_CONTEXT(2) 
PARAMETRIC_REPRESENTATION_CONTEXT() REPRESENTATION_CONTEXT('2D SPACE',''
  ) );
#9673 = ORIENTED_EDGE('',*,*,#9674,.T.);
#9674 = EDGE_CURVE('',#9652,#9675,#9677,.T.);
#9675 = VERTEX_POINT('',#9676);
#9676 = CARTESIAN_POINT('',(55.0125,6.9000001,3.1450001));
#9677 = SURFACE_CURVE('',#9678,(#9682,#9689),.PCURVE_S1.);
#9678 = LINE('',#9679,#9680);
#9679 = CARTESIAN_POINT('',(55.0125,6.9000001,1.595));
#9680 = VECTOR('',#9681,1.);
#9681 = DIRECTION('',(0.,0.,1.));
#9682 = PCURVE('',#9632,#9683);
#9683 = DEFINITIONAL_REPRESENTATION('',(#9684),#9688);
#9684 = LINE('',#9685,#9686);
#9685 = CARTESIAN_POINT('',(0.,-2.9000002));
#9686 = VECTOR('',#9687,1.);
#9687 = DIRECTION('',(1.,0.));
#9688 = ( GEOMETRIC_REPRESENTATION_CONTEXT(2) 
PARAMETRIC_REPRESENTATION_CONTEXT() REPRESENTATION_CONTEXT('2D SPACE',''
  ) );
#9689 = PCURVE('',#9580,#9690);
#9690 = DEFINITIONAL_REPRESENTATION('',(#9691),#9695);
#9691 = LINE('',#9692,#9693);
#9692 = CARTESIAN_POINT('',(0.,2.8));
#9693 = VECTOR('',#9694,1.);
#9694 = DIRECTION('',(1.,0.));
#9695 = ( GEOMETRIC_REPRESENTATION_CONTEXT(2) 
PARAMETRIC_REPRESENTATION_CONTEXT() REPRESENTATION_CONTEXT('2D SPACE',''
  ) );
#9696 = ORIENTED_EDGE('',*,*,#9697,.F.);
#9697 = EDGE_CURVE('',#9624,#9675,#9698,.T.);
#9698 = SURFACE_CURVE('',#9699,(#9703,#9710),.PCURVE_S1.);
#9699 = LINE('',#9700,#9701);
#9700 = CARTESIAN_POINT('',(55.0125,3.9999999,3.1450001));
#9701 = VECTOR('',#9702,1.);
#9702 = DIRECTION('',(0.,1.,0.));
#9703 = PCURVE('',#9632,#9704);
#9704 = DEFINITIONAL_REPRESENTATION('',(#9705),#9709);
#9705 = LINE('',#9706,#9707);
#9706 = CARTESIAN_POINT('',(1.5500001,0.));
#9707 = VECTOR('',#9708,1.);
#9708 = DIRECTION('',(0.,-1.));
#9709 = ( GEOMETRIC_REPRESENTATION_CONTEXT(2) 
PARAMETRIC_REPRESENTATION_CONTEXT() REPRESENTATION_CONTEXT('2D SPACE',''
  ) );
#9710 = PCURVE('',#9606,#9711);
#9711 = DEFINITIONAL_REPRESENTATION('',(#9712),#9716);
#9712 = LINE('',#9713,#9714);
#9713 = CARTESIAN_POINT('',(2.8,0.));
#9714 = VECTOR('',#9715,1.);
#9715 = DIRECTION('',(0.,1.));
#9716 = ( GEOMETRIC_REPRESENTATION_CONTEXT(2) 
PARAMETRIC_REPRESENTATION_CONTEXT() REPRESENTATION_CONTEXT('2D SPACE',''
  ) );
#9717 = ADVANCED_FACE('',(#9718),#9524,.F.);
#9718 = FACE_BOUND('',#9719,.F.);
#9719 = EDGE_LOOP('',(#9720,#9741,#9742,#9763));
#9720 = ORIENTED_EDGE('',*,*,#9721,.F.);
#9721 = EDGE_CURVE('',#9502,#9622,#9722,.T.);
#9722 = SURFACE_CURVE('',#9723,(#9727,#9734),.PCURVE_S1.);
#9723 = LINE('',#9724,#9725);
#9724 = CARTESIAN_POINT('',(52.2125,3.9999999,1.595));
#9725 = VECTOR('',#9726,1.);
#9726 = DIRECTION('',(1.,0.,0.));
#9727 = PCURVE('',#9524,#9728);
#9728 = DEFINITIONAL_REPRESENTATION('',(#9729),#9733);
#9729 = LINE('',#9730,#9731);
#9730 = CARTESIAN_POINT('',(0.,0.));
#9731 = VECTOR('',#9732,1.);
#9732 = DIRECTION('',(0.,1.));
#9733 = ( GEOMETRIC_REPRESENTATION_CONTEXT(2) 
PARAMETRIC_REPRESENTATION_CONTEXT() REPRESENTATION_CONTEXT('2D SPACE',''
  ) );
#9734 = PCURVE('',#9552,#9735);
#9735 = DEFINITIONAL_REPRESENTATION('',(#9736),#9740);
#9736 = LINE('',#9737,#9738);
#9737 = CARTESIAN_POINT('',(0.,0.));
#9738 = VECTOR('',#9739,1.);
#9739 = DIRECTION('',(1.,0.));
#9740 = ( GEOMETRIC_REPRESENTATION_CONTEXT(2) 
PARAMETRIC_REPRESENTATION_CONTEXT() REPRESENTATION_CONTEXT('2D SPACE',''
  ) );
#9741 = ORIENTED_EDGE('',*,*,#9501,.T.);
#9742 = ORIENTED_EDGE('',*,*,#9743,.T.);
#9743 = EDGE_CURVE('',#9504,#9624,#9744,.T.);
#9744 = SURFACE_CURVE('',#9745,(#9749,#9756),.PCURVE_S1.);
#9745 = LINE('',#9746,#9747);
#9746 = CARTESIAN_POINT('',(52.2125,3.9999999,3.1450001));
#9747 = VECTOR('',#9748,1.);
#9748 = DIRECTION('',(1.,0.,0.));
#9749 = PCURVE('',#9524,#9750);
#9750 = DEFINITIONAL_REPRESENTATION('',(#9751),#9755);
#9751 = LINE('',#9752,#9753);
#9752 = CARTESIAN_POINT('',(1.5500001,0.));
#9753 = VECTOR('',#9754,1.);
#9754 = DIRECTION('',(0.,1.));
#9755 = ( GEOMETRIC_REPRESENTATION_CONTEXT(2) 
PARAMETRIC_REPRESENTATION_CONTEXT() REPRESENTATION_CONTEXT('2D SPACE',''
  ) );
#9756 = PCURVE('',#9606,#9757);
#9757 = DEFINITIONAL_REPRESENTATION('',(#9758),#9762);
#9758 = LINE('',#9759,#9760);
#9759 = CARTESIAN_POINT('',(0.,0.));
#9760 = VECTOR('',#9761,1.);
#9761 = DIRECTION('',(1.,0.));
#9762 = ( GEOMETRIC_REPRESENTATION_CONTEXT(2) 
PARAMETRIC_REPRESENTATION_CONTEXT() REPRESENTATION_CONTEXT('2D SPACE',''
  ) );
#9763 = ORIENTED_EDGE('',*,*,#9621,.F.);
#9764 = ADVANCED_FACE('',(#9765),#9580,.T.);
#9765 = FACE_BOUND('',#9766,.T.);
#9766 = EDGE_LOOP('',(#9767,#9788,#9789,#9810));
#9767 = ORIENTED_EDGE('',*,*,#9768,.F.);
#9768 = EDGE_CURVE('',#9537,#9652,#9769,.T.);
#9769 = SURFACE_CURVE('',#9770,(#9774,#9781),.PCURVE_S1.);
#9770 = LINE('',#9771,#9772);
#9771 = CARTESIAN_POINT('',(52.2125,6.9000001,1.595));
#9772 = VECTOR('',#9773,1.);
#9773 = DIRECTION('',(1.,0.,0.));
#9774 = PCURVE('',#9580,#9775);
#9775 = DEFINITIONAL_REPRESENTATION('',(#9776),#9780);
#9776 = LINE('',#9777,#9778);
#9777 = CARTESIAN_POINT('',(0.,0.));
#9778 = VECTOR('',#9779,1.);
#9779 = DIRECTION('',(0.,1.));
#9780 = ( GEOMETRIC_REPRESENTATION_CONTEXT(2) 
PARAMETRIC_REPRESENTATION_CONTEXT() REPRESENTATION_CONTEXT('2D SPACE',''
  ) );
#9781 = PCURVE('',#9552,#9782);
#9782 = DEFINITIONAL_REPRESENTATION('',(#9783),#9787);
#9783 = LINE('',#9784,#9785);
#9784 = CARTESIAN_POINT('',(0.,2.9000002));
#9785 = VECTOR('',#9786,1.);
#9786 = DIRECTION('',(1.,0.));
#9787 = ( GEOMETRIC_REPRESENTATION_CONTEXT(2) 
PARAMETRIC_REPRESENTATION_CONTEXT() REPRESENTATION_CONTEXT('2D SPACE',''
  ) );
#9788 = ORIENTED_EDGE('',*,*,#9564,.T.);
#9789 = ORIENTED_EDGE('',*,*,#9790,.T.);
#9790 = EDGE_CURVE('',#9565,#9675,#9791,.T.);
#9791 = SURFACE_CURVE('',#9792,(#9796,#9803),.PCURVE_S1.);
#9792 = LINE('',#9793,#9794);
#9793 = CARTESIAN_POINT('',(52.2125,6.9000001,3.1450001));
#9794 = VECTOR('',#9795,1.);
#9795 = DIRECTION('',(1.,0.,0.));
#9796 = PCURVE('',#9580,#9797);
#9797 = DEFINITIONAL_REPRESENTATION('',(#9798),#9802);
#9798 = LINE('',#9799,#9800);
#9799 = CARTESIAN_POINT('',(1.5500001,0.));
#9800 = VECTOR('',#9801,1.);
#9801 = DIRECTION('',(0.,1.));
#9802 = ( GEOMETRIC_REPRESENTATION_CONTEXT(2) 
PARAMETRIC_REPRESENTATION_CONTEXT() REPRESENTATION_CONTEXT('2D SPACE',''
  ) );
#9803 = PCURVE('',#9606,#9804);
#9804 = DEFINITIONAL_REPRESENTATION('',(#9805),#9809);
#9805 = LINE('',#9806,#9807);
#9806 = CARTESIAN_POINT('',(0.,2.9000002));
#9807 = VECTOR('',#9808,1.);
#9808 = DIRECTION('',(1.,0.));
#9809 = ( GEOMETRIC_REPRESENTATION_CONTEXT(2) 
PARAMETRIC_REPRESENTATION_CONTEXT() REPRESENTATION_CONTEXT('2D SPACE',''
  ) );
#9810 = ORIENTED_EDGE('',*,*,#9674,.F.);
#9811 = ADVANCED_FACE('',(#9812),#9552,.F.);
#9812 = FACE_BOUND('',#9813,.F.);
#9813 = EDGE_LOOP('',(#9814,#9815,#9816,#9817));
#9814 = ORIENTED_EDGE('',*,*,#9536,.F.);
#9815 = ORIENTED_EDGE('',*,*,#9721,.T.);
#9816 = ORIENTED_EDGE('',*,*,#9651,.T.);
#9817 = ORIENTED_EDGE('',*,*,#9768,.F.);
#9818 = ADVANCED_FACE('',(#9819),#9606,.T.);
#9819 = FACE_BOUND('',#9820,.T.);
#9820 = EDGE_LOOP('',(#9821,#9822,#9823,#9824));
#9821 = ORIENTED_EDGE('',*,*,#9592,.F.);
#9822 = ORIENTED_EDGE('',*,*,#9743,.T.);
#9823 = ORIENTED_EDGE('',*,*,#9697,.T.);
#9824 = ORIENTED_EDGE('',*,*,#9790,.F.);
#9825 = ( GEOMETRIC_REPRESENTATION_CONTEXT(3) 
GLOBAL_UNCERTAINTY_ASSIGNED_CONTEXT((#9829)) 
GLOBAL_UNIT_ASSIGNED_CONTEXT((#9826,#9827,#9828)) REPRESENTATION_CONTEXT
('Context #1','3D Context with UNIT and UNCERTAINTY') );
#9826 = ( LENGTH_UNIT() NAMED_UNIT(*) SI_UNIT(.MILLI.,.METRE.) );
#9827 = ( NAMED_UNIT(*) PLANE_ANGLE_UNIT() SI_UNIT($,.RADIAN.) );
#9828 = ( NAMED_UNIT(*) SI_UNIT($,.STERADIAN.) SOLID_ANGLE_UNIT() );
#9829 = UNCERTAINTY_MEASURE_WITH_UNIT(LENGTH_MEASURE(1.E-07),#9826,
  'distance_accuracy_value','confusion accuracy');
#9830 = CONTEXT_DEPENDENT_SHAPE_REPRESENTATION(#9831,#9833);
#9831 = ( REPRESENTATION_RELATIONSHIP('','',#9494,#10) 
REPRESENTATION_RELATIONSHIP_WITH_TRANSFORMATION(#9832) 
SHAPE_REPRESENTATION_RELATIONSHIP() );
#9832 = ITEM_DEFINED_TRANSFORMATION('','',#11,#23);
#9833 = PRODUCT_DEFINITION_SHAPE('Placement','Placement of an item',
  #9834);
#9834 = NEXT_ASSEMBLY_USAGE_OCCURRENCE('11','Component envelope 2','',#5
  ,#9489,$);
#9835 = PRODUCT_RELATED_PRODUCT_CATEGORY('part',$,(#9491));
#9836 = SHAPE_DEFINITION_REPRESENTATION(#9837,#9843);
#9837 = PRODUCT_DEFINITION_SHAPE('','',#9838);
#9838 = PRODUCT_DEFINITION('design','',#9839,#9842);
#9839 = PRODUCT_DEFINITION_FORMATION('','',#9840);
#9840 = PRODUCT('Component envelope 3','Component envelope 3','',(#9841)
  );
#9841 = PRODUCT_CONTEXT('',#2,'mechanical');
#9842 = PRODUCT_DEFINITION_CONTEXT('part definition',#2,'design');
#9843 = ADVANCED_BREP_SHAPE_REPRESENTATION('',(#11,#9844),#10174);
#9844 = MANIFOLD_SOLID_BREP('',#9845);
#9845 = CLOSED_SHELL('',(#9846,#9966,#10066,#10113,#10160,#10167));
#9846 = ADVANCED_FACE('',(#9847),#9861,.F.);
#9847 = FACE_BOUND('',#9848,.F.);
#9848 = EDGE_LOOP('',(#9849,#9884,#9912,#9940));
#9849 = ORIENTED_EDGE('',*,*,#9850,.F.);
#9850 = EDGE_CURVE('',#9851,#9853,#9855,.T.);
#9851 = VERTEX_POINT('',#9852);
#9852 = CARTESIAN_POINT('',(87.,33.65,1.595));
#9853 = VERTEX_POINT('',#9854);
#9854 = CARTESIAN_POINT('',(87.,33.65,2.045));
#9855 = SURFACE_CURVE('',#9856,(#9860,#9872),.PCURVE_S1.);
#9856 = LINE('',#9857,#9858);
#9857 = CARTESIAN_POINT('',(87.,33.65,1.595));
#9858 = VECTOR('',#9859,1.);
#9859 = DIRECTION('',(0.,0.,1.));
#9860 = PCURVE('',#9861,#9866);
#9861 = PLANE('',#9862);
#9862 = AXIS2_PLACEMENT_3D('',#9863,#9864,#9865);
#9863 = CARTESIAN_POINT('',(87.,33.65,1.595));
#9864 = DIRECTION('',(1.,0.,0.));
#9865 = DIRECTION('',(0.,0.,1.));
#9866 = DEFINITIONAL_REPRESENTATION('',(#9867),#9871);
#9867 = LINE('',#9868,#9869);
#9868 = CARTESIAN_POINT('',(0.,0.));
#9869 = VECTOR('',#9870,1.);
#9870 = DIRECTION('',(1.,0.));
#9871 = ( GEOMETRIC_REPRESENTATION_CONTEXT(2) 
PARAMETRIC_REPRESENTATION_CONTEXT() REPRESENTATION_CONTEXT('2D SPACE',''
  ) );
#9872 = PCURVE('',#9873,#9878);
#9873 = PLANE('',#9874);
#9874 = AXIS2_PLACEMENT_3D('',#9875,#9876,#9877);
#9875 = CARTESIAN_POINT('',(87.,33.65,1.595));
#9876 = DIRECTION('',(0.,1.,0.));
#9877 = DIRECTION('',(0.,0.,1.));
#9878 = DEFINITIONAL_REPRESENTATION('',(#9879),#9883);
#9879 = LINE('',#9880,#9881);
#9880 = CARTESIAN_POINT('',(0.,0.));
#9881 = VECTOR('',#9882,1.);
#9882 = DIRECTION('',(1.,0.));
#9883 = ( GEOMETRIC_REPRESENTATION_CONTEXT(2) 
PARAMETRIC_REPRESENTATION_CONTEXT() REPRESENTATION_CONTEXT('2D SPACE',''
  ) );
#9884 = ORIENTED_EDGE('',*,*,#9885,.T.);
#9885 = EDGE_CURVE('',#9851,#9886,#9888,.T.);
#9886 = VERTEX_POINT('',#9887);
#9887 = CARTESIAN_POINT('',(87.,34.85,1.595));
#9888 = SURFACE_CURVE('',#9889,(#9893,#9900),.PCURVE_S1.);
#9889 = LINE('',#9890,#9891);
#9890 = CARTESIAN_POINT('',(87.,33.65,1.595));
#9891 = VECTOR('',#9892,1.);
#9892 = DIRECTION('',(0.,1.,0.));
#9893 = PCURVE('',#9861,#9894);
#9894 = DEFINITIONAL_REPRESENTATION('',(#9895),#9899);
#9895 = LINE('',#9896,#9897);
#9896 = CARTESIAN_POINT('',(0.,0.));
#9897 = VECTOR('',#9898,1.);
#9898 = DIRECTION('',(0.,-1.));
#9899 = ( GEOMETRIC_REPRESENTATION_CONTEXT(2) 
PARAMETRIC_REPRESENTATION_CONTEXT() REPRESENTATION_CONTEXT('2D SPACE',''
  ) );
#9900 = PCURVE('',#9901,#9906);
#9901 = PLANE('',#9902);
#9902 = AXIS2_PLACEMENT_3D('',#9903,#9904,#9905);
#9903 = CARTESIAN_POINT('',(87.,33.65,1.595));
#9904 = DIRECTION('',(0.,0.,1.));
#9905 = DIRECTION('',(1.,0.,0.));
#9906 = DEFINITIONAL_REPRESENTATION('',(#9907),#9911);
#9907 = LINE('',#9908,#9909);
#9908 = CARTESIAN_POINT('',(0.,0.));
#9909 = VECTOR('',#9910,1.);
#9910 = DIRECTION('',(0.,1.));
#9911 = ( GEOMETRIC_REPRESENTATION_CONTEXT(2) 
PARAMETRIC_REPRESENTATION_CONTEXT() REPRESENTATION_CONTEXT('2D SPACE',''
  ) );
#9912 = ORIENTED_EDGE('',*,*,#9913,.T.);
#9913 = EDGE_CURVE('',#9886,#9914,#9916,.T.);
#9914 = VERTEX_POINT('',#9915);
#9915 = CARTESIAN_POINT('',(87.,34.85,2.045));
#9916 = SURFACE_CURVE('',#9917,(#9921,#9928),.PCURVE_S1.);
#9917 = LINE('',#9918,#9919);
#9918 = CARTESIAN_POINT('',(87.,34.85,1.595));
#9919 = VECTOR('',#9920,1.);
#9920 = DIRECTION('',(0.,0.,1.));
#9921 = PCURVE('',#9861,#9922);
#9922 = DEFINITIONAL_REPRESENTATION('',(#9923),#9927);
#9923 = LINE('',#9924,#9925);
#9924 = CARTESIAN_POINT('',(0.,-1.2));
#9925 = VECTOR('',#9926,1.);
#9926 = DIRECTION('',(1.,0.));
#9927 = ( GEOMETRIC_REPRESENTATION_CONTEXT(2) 
PARAMETRIC_REPRESENTATION_CONTEXT() REPRESENTATION_CONTEXT('2D SPACE',''
  ) );
#9928 = PCURVE('',#9929,#9934);
#9929 = PLANE('',#9930);
#9930 = AXIS2_PLACEMENT_3D('',#9931,#9932,#9933);
#9931 = CARTESIAN_POINT('',(87.,34.85,1.595));
#9932 = DIRECTION('',(0.,1.,0.));
#9933 = DIRECTION('',(0.,0.,1.));
#9934 = DEFINITIONAL_REPRESENTATION('',(#9935),#9939);
#9935 = LINE('',#9936,#9937);
#9936 = CARTESIAN_POINT('',(0.,0.));
#9937 = VECTOR('',#9938,1.);
#9938 = DIRECTION('',(1.,0.));
#9939 = ( GEOMETRIC_REPRESENTATION_CONTEXT(2) 
PARAMETRIC_REPRESENTATION_CONTEXT() REPRESENTATION_CONTEXT('2D SPACE',''
  ) );
#9940 = ORIENTED_EDGE('',*,*,#9941,.F.);
#9941 = EDGE_CURVE('',#9853,#9914,#9942,.T.);
#9942 = SURFACE_CURVE('',#9943,(#9947,#9954),.PCURVE_S1.);
#9943 = LINE('',#9944,#9945);
#9944 = CARTESIAN_POINT('',(87.,33.65,2.045));
#9945 = VECTOR('',#9946,1.);
#9946 = DIRECTION('',(0.,1.,0.));
#9947 = PCURVE('',#9861,#9948);
#9948 = DEFINITIONAL_REPRESENTATION('',(#9949),#9953);
#9949 = LINE('',#9950,#9951);
#9950 = CARTESIAN_POINT('',(0.45,0.));
#9951 = VECTOR('',#9952,1.);
#9952 = DIRECTION('',(0.,-1.));
#9953 = ( GEOMETRIC_REPRESENTATION_CONTEXT(2) 
PARAMETRIC_REPRESENTATION_CONTEXT() REPRESENTATION_CONTEXT('2D SPACE',''
  ) );
#9954 = PCURVE('',#9955,#9960);
#9955 = PLANE('',#9956);
#9956 = AXIS2_PLACEMENT_3D('',#9957,#9958,#9959);
#9957 = CARTESIAN_POINT('',(87.,33.65,2.045));
#9958 = DIRECTION('',(0.,0.,1.));
#9959 = DIRECTION('',(1.,0.,0.));
#9960 = DEFINITIONAL_REPRESENTATION('',(#9961),#9965);
#9961 = LINE('',#9962,#9963);
#9962 = CARTESIAN_POINT('',(0.,0.));
#9963 = VECTOR('',#9964,1.);
#9964 = DIRECTION('',(0.,1.));
#9965 = ( GEOMETRIC_REPRESENTATION_CONTEXT(2) 
PARAMETRIC_REPRESENTATION_CONTEXT() REPRESENTATION_CONTEXT('2D SPACE',''
  ) );
#9966 = ADVANCED_FACE('',(#9967),#9981,.T.);
#9967 = FACE_BOUND('',#9968,.T.);
#9968 = EDGE_LOOP('',(#9969,#9999,#10022,#10045));
#9969 = ORIENTED_EDGE('',*,*,#9970,.F.);
#9970 = EDGE_CURVE('',#9971,#9973,#9975,.T.);
#9971 = VERTEX_POINT('',#9972);
#9972 = CARTESIAN_POINT('',(89.,33.65,1.595));
#9973 = VERTEX_POINT('',#9974);
#9974 = CARTESIAN_POINT('',(89.,33.65,2.045));
#9975 = SURFACE_CURVE('',#9976,(#9980,#9992),.PCURVE_S1.);
#9976 = LINE('',#9977,#9978);
#9977 = CARTESIAN_POINT('',(89.,33.65,1.595));
#9978 = VECTOR('',#9979,1.);
#9979 = DIRECTION('',(0.,0.,1.));
#9980 = PCURVE('',#9981,#9986);
#9981 = PLANE('',#9982);
#9982 = AXIS2_PLACEMENT_3D('',#9983,#9984,#9985);
#9983 = CARTESIAN_POINT('',(89.,33.65,1.595));
#9984 = DIRECTION('',(1.,0.,0.));
#9985 = DIRECTION('',(0.,0.,1.));
#9986 = DEFINITIONAL_REPRESENTATION('',(#9987),#9991);
#9987 = LINE('',#9988,#9989);
#9988 = CARTESIAN_POINT('',(0.,0.));
#9989 = VECTOR('',#9990,1.);
#9990 = DIRECTION('',(1.,0.));
#9991 = ( GEOMETRIC_REPRESENTATION_CONTEXT(2) 
PARAMETRIC_REPRESENTATION_CONTEXT() REPRESENTATION_CONTEXT('2D SPACE',''
  ) );
#9992 = PCURVE('',#9873,#9993);
#9993 = DEFINITIONAL_REPRESENTATION('',(#9994),#9998);
#9994 = LINE('',#9995,#9996);
#9995 = CARTESIAN_POINT('',(0.,2.));
#9996 = VECTOR('',#9997,1.);
#9997 = DIRECTION('',(1.,0.));
#9998 = ( GEOMETRIC_REPRESENTATION_CONTEXT(2) 
PARAMETRIC_REPRESENTATION_CONTEXT() REPRESENTATION_CONTEXT('2D SPACE',''
  ) );
#9999 = ORIENTED_EDGE('',*,*,#10000,.T.);
#10000 = EDGE_CURVE('',#9971,#10001,#10003,.T.);
#10001 = VERTEX_POINT('',#10002);
#10002 = CARTESIAN_POINT('',(89.,34.85,1.595));
#10003 = SURFACE_CURVE('',#10004,(#10008,#10015),.PCURVE_S1.);
#10004 = LINE('',#10005,#10006);
#10005 = CARTESIAN_POINT('',(89.,33.65,1.595));
#10006 = VECTOR('',#10007,1.);
#10007 = DIRECTION('',(0.,1.,0.));
#10008 = PCURVE('',#9981,#10009);
#10009 = DEFINITIONAL_REPRESENTATION('',(#10010),#10014);
#10010 = LINE('',#10011,#10012);
#10011 = CARTESIAN_POINT('',(0.,0.));
#10012 = VECTOR('',#10013,1.);
#10013 = DIRECTION('',(0.,-1.));
#10014 = ( GEOMETRIC_REPRESENTATION_CONTEXT(2) 
PARAMETRIC_REPRESENTATION_CONTEXT() REPRESENTATION_CONTEXT('2D SPACE',''
  ) );
#10015 = PCURVE('',#9901,#10016);
#10016 = DEFINITIONAL_REPRESENTATION('',(#10017),#10021);
#10017 = LINE('',#10018,#10019);
#10018 = CARTESIAN_POINT('',(2.,0.));
#10019 = VECTOR('',#10020,1.);
#10020 = DIRECTION('',(0.,1.));
#10021 = ( GEOMETRIC_REPRESENTATION_CONTEXT(2) 
PARAMETRIC_REPRESENTATION_CONTEXT() REPRESENTATION_CONTEXT('2D SPACE',''
  ) );
#10022 = ORIENTED_EDGE('',*,*,#10023,.T.);
#10023 = EDGE_CURVE('',#10001,#10024,#10026,.T.);
#10024 = VERTEX_POINT('',#10025);
#10025 = CARTESIAN_POINT('',(89.,34.85,2.045));
#10026 = SURFACE_CURVE('',#10027,(#10031,#10038),.PCURVE_S1.);
#10027 = LINE('',#10028,#10029);
#10028 = CARTESIAN_POINT('',(89.,34.85,1.595));
#10029 = VECTOR('',#10030,1.);
#10030 = DIRECTION('',(0.,0.,1.));
#10031 = PCURVE('',#9981,#10032);
#10032 = DEFINITIONAL_REPRESENTATION('',(#10033),#10037);
#10033 = LINE('',#10034,#10035);
#10034 = CARTESIAN_POINT('',(0.,-1.2));
#10035 = VECTOR('',#10036,1.);
#10036 = DIRECTION('',(1.,0.));
#10037 = ( GEOMETRIC_REPRESENTATION_CONTEXT(2) 
PARAMETRIC_REPRESENTATION_CONTEXT() REPRESENTATION_CONTEXT('2D SPACE',''
  ) );
#10038 = PCURVE('',#9929,#10039);
#10039 = DEFINITIONAL_REPRESENTATION('',(#10040),#10044);
#10040 = LINE('',#10041,#10042);
#10041 = CARTESIAN_POINT('',(0.,2.));
#10042 = VECTOR('',#10043,1.);
#10043 = DIRECTION('',(1.,0.));
#10044 = ( GEOMETRIC_REPRESENTATION_CONTEXT(2) 
PARAMETRIC_REPRESENTATION_CONTEXT() REPRESENTATION_CONTEXT('2D SPACE',''
  ) );
#10045 = ORIENTED_EDGE('',*,*,#10046,.F.);
#10046 = EDGE_CURVE('',#9973,#10024,#10047,.T.);
#10047 = SURFACE_CURVE('',#10048,(#10052,#10059),.PCURVE_S1.);
#10048 = LINE('',#10049,#10050);
#10049 = CARTESIAN_POINT('',(89.,33.65,2.045));
#10050 = VECTOR('',#10051,1.);
#10051 = DIRECTION('',(0.,1.,0.));
#10052 = PCURVE('',#9981,#10053);
#10053 = DEFINITIONAL_REPRESENTATION('',(#10054),#10058);
#10054 = LINE('',#10055,#10056);
#10055 = CARTESIAN_POINT('',(0.45,0.));
#10056 = VECTOR('',#10057,1.);
#10057 = DIRECTION('',(0.,-1.));
#10058 = ( GEOMETRIC_REPRESENTATION_CONTEXT(2) 
PARAMETRIC_REPRESENTATION_CONTEXT() REPRESENTATION_CONTEXT('2D SPACE',''
  ) );
#10059 = PCURVE('',#9955,#10060);
#10060 = DEFINITIONAL_REPRESENTATION('',(#10061),#10065);
#10061 = LINE('',#10062,#10063);
#10062 = CARTESIAN_POINT('',(2.,0.));
#10063 = VECTOR('',#10064,1.);
#10064 = DIRECTION('',(0.,1.));
#10065 = ( GEOMETRIC_REPRESENTATION_CONTEXT(2) 
PARAMETRIC_REPRESENTATION_CONTEXT() REPRESENTATION_CONTEXT('2D SPACE',''
  ) );
#10066 = ADVANCED_FACE('',(#10067),#9873,.F.);
#10067 = FACE_BOUND('',#10068,.F.);
#10068 = EDGE_LOOP('',(#10069,#10090,#10091,#10112));
#10069 = ORIENTED_EDGE('',*,*,#10070,.F.);
#10070 = EDGE_CURVE('',#9851,#9971,#10071,.T.);
#10071 = SURFACE_CURVE('',#10072,(#10076,#10083),.PCURVE_S1.);
#10072 = LINE('',#10073,#10074);
#10073 = CARTESIAN_POINT('',(87.,33.65,1.595));
#10074 = VECTOR('',#10075,1.);
#10075 = DIRECTION('',(1.,0.,0.));
#10076 = PCURVE('',#9873,#10077);
#10077 = DEFINITIONAL_REPRESENTATION('',(#10078),#10082);
#10078 = LINE('',#10079,#10080);
#10079 = CARTESIAN_POINT('',(0.,0.));
#10080 = VECTOR('',#10081,1.);
#10081 = DIRECTION('',(0.,1.));
#10082 = ( GEOMETRIC_REPRESENTATION_CONTEXT(2) 
PARAMETRIC_REPRESENTATION_CONTEXT() REPRESENTATION_CONTEXT('2D SPACE',''
  ) );
#10083 = PCURVE('',#9901,#10084);
#10084 = DEFINITIONAL_REPRESENTATION('',(#10085),#10089);
#10085 = LINE('',#10086,#10087);
#10086 = CARTESIAN_POINT('',(0.,0.));
#10087 = VECTOR('',#10088,1.);
#10088 = DIRECTION('',(1.,0.));
#10089 = ( GEOMETRIC_REPRESENTATION_CONTEXT(2) 
PARAMETRIC_REPRESENTATION_CONTEXT() REPRESENTATION_CONTEXT('2D SPACE',''
  ) );
#10090 = ORIENTED_EDGE('',*,*,#9850,.T.);
#10091 = ORIENTED_EDGE('',*,*,#10092,.T.);
#10092 = EDGE_CURVE('',#9853,#9973,#10093,.T.);
#10093 = SURFACE_CURVE('',#10094,(#10098,#10105),.PCURVE_S1.);
#10094 = LINE('',#10095,#10096);
#10095 = CARTESIAN_POINT('',(87.,33.65,2.045));
#10096 = VECTOR('',#10097,1.);
#10097 = DIRECTION('',(1.,0.,0.));
#10098 = PCURVE('',#9873,#10099);
#10099 = DEFINITIONAL_REPRESENTATION('',(#10100),#10104);
#10100 = LINE('',#10101,#10102);
#10101 = CARTESIAN_POINT('',(0.45,0.));
#10102 = VECTOR('',#10103,1.);
#10103 = DIRECTION('',(0.,1.));
#10104 = ( GEOMETRIC_REPRESENTATION_CONTEXT(2) 
PARAMETRIC_REPRESENTATION_CONTEXT() REPRESENTATION_CONTEXT('2D SPACE',''
  ) );
#10105 = PCURVE('',#9955,#10106);
#10106 = DEFINITIONAL_REPRESENTATION('',(#10107),#10111);
#10107 = LINE('',#10108,#10109);
#10108 = CARTESIAN_POINT('',(0.,0.));
#10109 = VECTOR('',#10110,1.);
#10110 = DIRECTION('',(1.,0.));
#10111 = ( GEOMETRIC_REPRESENTATION_CONTEXT(2) 
PARAMETRIC_REPRESENTATION_CONTEXT() REPRESENTATION_CONTEXT('2D SPACE',''
  ) );
#10112 = ORIENTED_EDGE('',*,*,#9970,.F.);
#10113 = ADVANCED_FACE('',(#10114),#9929,.T.);
#10114 = FACE_BOUND('',#10115,.T.);
#10115 = EDGE_LOOP('',(#10116,#10137,#10138,#10159));
#10116 = ORIENTED_EDGE('',*,*,#10117,.F.);
#10117 = EDGE_CURVE('',#9886,#10001,#10118,.T.);
#10118 = SURFACE_CURVE('',#10119,(#10123,#10130),.PCURVE_S1.);
#10119 = LINE('',#10120,#10121);
#10120 = CARTESIAN_POINT('',(87.,34.85,1.595));
#10121 = VECTOR('',#10122,1.);
#10122 = DIRECTION('',(1.,0.,0.));
#10123 = PCURVE('',#9929,#10124);
#10124 = DEFINITIONAL_REPRESENTATION('',(#10125),#10129);
#10125 = LINE('',#10126,#10127);
#10126 = CARTESIAN_POINT('',(0.,0.));
#10127 = VECTOR('',#10128,1.);
#10128 = DIRECTION('',(0.,1.));
#10129 = ( GEOMETRIC_REPRESENTATION_CONTEXT(2) 
PARAMETRIC_REPRESENTATION_CONTEXT() REPRESENTATION_CONTEXT('2D SPACE',''
  ) );
#10130 = PCURVE('',#9901,#10131);
#10131 = DEFINITIONAL_REPRESENTATION('',(#10132),#10136);
#10132 = LINE('',#10133,#10134);
#10133 = CARTESIAN_POINT('',(0.,1.2));
#10134 = VECTOR('',#10135,1.);
#10135 = DIRECTION('',(1.,0.));
#10136 = ( GEOMETRIC_REPRESENTATION_CONTEXT(2) 
PARAMETRIC_REPRESENTATION_CONTEXT() REPRESENTATION_CONTEXT('2D SPACE',''
  ) );
#10137 = ORIENTED_EDGE('',*,*,#9913,.T.);
#10138 = ORIENTED_EDGE('',*,*,#10139,.T.);
#10139 = EDGE_CURVE('',#9914,#10024,#10140,.T.);
#10140 = SURFACE_CURVE('',#10141,(#10145,#10152),.PCURVE_S1.);
#10141 = LINE('',#10142,#10143);
#10142 = CARTESIAN_POINT('',(87.,34.85,2.045));
#10143 = VECTOR('',#10144,1.);
#10144 = DIRECTION('',(1.,0.,0.));
#10145 = PCURVE('',#9929,#10146);
#10146 = DEFINITIONAL_REPRESENTATION('',(#10147),#10151);
#10147 = LINE('',#10148,#10149);
#10148 = CARTESIAN_POINT('',(0.45,0.));
#10149 = VECTOR('',#10150,1.);
#10150 = DIRECTION('',(0.,1.));
#10151 = ( GEOMETRIC_REPRESENTATION_CONTEXT(2) 
PARAMETRIC_REPRESENTATION_CONTEXT() REPRESENTATION_CONTEXT('2D SPACE',''
  ) );
#10152 = PCURVE('',#9955,#10153);
#10153 = DEFINITIONAL_REPRESENTATION('',(#10154),#10158);
#10154 = LINE('',#10155,#10156);
#10155 = CARTESIAN_POINT('',(0.,1.2));
#10156 = VECTOR('',#10157,1.);
#10157 = DIRECTION('',(1.,0.));
#10158 = ( GEOMETRIC_REPRESENTATION_CONTEXT(2) 
PARAMETRIC_REPRESENTATION_CONTEXT() REPRESENTATION_CONTEXT('2D SPACE',''
  ) );
#10159 = ORIENTED_EDGE('',*,*,#10023,.F.);
#10160 = ADVANCED_FACE('',(#10161),#9901,.F.);
#10161 = FACE_BOUND('',#10162,.F.);
#10162 = EDGE_LOOP('',(#10163,#10164,#10165,#10166));
#10163 = ORIENTED_EDGE('',*,*,#9885,.F.);
#10164 = ORIENTED_EDGE('',*,*,#10070,.T.);
#10165 = ORIENTED_EDGE('',*,*,#10000,.T.);
#10166 = ORIENTED_EDGE('',*,*,#10117,.F.);
#10167 = ADVANCED_FACE('',(#10168),#9955,.T.);
#10168 = FACE_BOUND('',#10169,.T.);
#10169 = EDGE_LOOP('',(#10170,#10171,#10172,#10173));
#10170 = ORIENTED_EDGE('',*,*,#9941,.F.);
#10171 = ORIENTED_EDGE('',*,*,#10092,.T.);
#10172 = ORIENTED_EDGE('',*,*,#10046,.T.);
#10173 = ORIENTED_EDGE('',*,*,#10139,.F.);
#10174 = ( GEOMETRIC_REPRESENTATION_CONTEXT(3) 
GLOBAL_UNCERTAINTY_ASSIGNED_CONTEXT((#10178)) 
GLOBAL_UNIT_ASSIGNED_CONTEXT((#10175,#10176,#10177)) 
REPRESENTATION_CONTEXT('Context #1',
  '3D Context with UNIT and UNCERTAINTY') );
#10175 = ( LENGTH_UNIT() NAMED_UNIT(*) SI_UNIT(.MILLI.,.METRE.) );
#10176 = ( NAMED_UNIT(*) PLANE_ANGLE_UNIT() SI_UNIT($,.RADIAN.) );
#10177 = ( NAMED_UNIT(*) SI_UNIT($,.STERADIAN.) SOLID_ANGLE_UNIT() );
#10178 = UNCERTAINTY_MEASURE_WITH_UNIT(LENGTH_MEASURE(1.E-07),#10175,
  'distance_accuracy_value','confusion accuracy');
#10179 = CONTEXT_DEPENDENT_SHAPE_REPRESENTATION(#10180,#10182);
#10180 = ( REPRESENTATION_RELATIONSHIP('','',#9843,#10) 
REPRESENTATION_RELATIONSHIP_WITH_TRANSFORMATION(#10181) 
SHAPE_REPRESENTATION_RELATIONSHIP() );
#10181 = ITEM_DEFINED_TRANSFORMATION('','',#11,#27);
#10182 = PRODUCT_DEFINITION_SHAPE('Placement','Placement of an item',
  #10183);
#10183 = NEXT_ASSEMBLY_USAGE_OCCURRENCE('12','Component envelope 3','',
  #5,#9838,$);
#10184 = PRODUCT_RELATED_PRODUCT_CATEGORY('part',$,(#9840));
#10185 = SHAPE_DEFINITION_REPRESENTATION(#10186,#10192);
#10186 = PRODUCT_DEFINITION_SHAPE('','',#10187);
#10187 = PRODUCT_DEFINITION('design','',#10188,#10191);
#10188 = PRODUCT_DEFINITION_FORMATION('','',#10189);
#10189 = PRODUCT('Component envelope 4','Component envelope 4','',(
    #10190));
#10190 = PRODUCT_CONTEXT('',#2,'mechanical');
#10191 = PRODUCT_DEFINITION_CONTEXT('part definition',#2,'design');
#10192 = ADVANCED_BREP_SHAPE_REPRESENTATION('',(#11,#10193),#10523);
#10193 = MANIFOLD_SOLID_BREP('',#10194);
#10194 = CLOSED_SHELL('',(#10195,#10315,#10415,#10462,#10509,#10516));
#10195 = ADVANCED_FACE('',(#10196),#10210,.F.);
#10196 = FACE_BOUND('',#10197,.F.);
#10197 = EDGE_LOOP('',(#10198,#10233,#10261,#10289));
#10198 = ORIENTED_EDGE('',*,*,#10199,.F.);
#10199 = EDGE_CURVE('',#10200,#10202,#10204,.T.);
#10200 = VERTEX_POINT('',#10201);
#10201 = CARTESIAN_POINT('',(83.9499999,50.25,-1.405));
#10202 = VERTEX_POINT('',#10203);
#10203 = CARTESIAN_POINT('',(83.9499999,50.25,11.125));
#10204 = SURFACE_CURVE('',#10205,(#10209,#10221),.PCURVE_S1.);
#10205 = LINE('',#10206,#10207);
#10206 = CARTESIAN_POINT('',(83.9499999,50.25,-1.405));
#10207 = VECTOR('',#10208,1.);
#10208 = DIRECTION('',(0.,0.,1.));
#10209 = PCURVE('',#10210,#10215);
#10210 = PLANE('',#10211);
#10211 = AXIS2_PLACEMENT_3D('',#10212,#10213,#10214);
#10212 = CARTESIAN_POINT('',(83.9499999,50.25,-1.405));
#10213 = DIRECTION('',(1.,0.,0.));
#10214 = DIRECTION('',(0.,0.,1.));
#10215 = DEFINITIONAL_REPRESENTATION('',(#10216),#10220);
#10216 = LINE('',#10217,#10218);
#10217 = CARTESIAN_POINT('',(0.,0.));
#10218 = VECTOR('',#10219,1.);
#10219 = DIRECTION('',(1.,0.));
#10220 = ( GEOMETRIC_REPRESENTATION_CONTEXT(2) 
PARAMETRIC_REPRESENTATION_CONTEXT() REPRESENTATION_CONTEXT('2D SPACE',''
  ) );
#10221 = PCURVE('',#10222,#10227);
#10222 = PLANE('',#10223);
#10223 = AXIS2_PLACEMENT_3D('',#10224,#10225,#10226);
#10224 = CARTESIAN_POINT('',(83.9499999,50.25,-1.405));
#10225 = DIRECTION('',(0.,1.,0.));
#10226 = DIRECTION('',(0.,0.,1.));
#10227 = DEFINITIONAL_REPRESENTATION('',(#10228),#10232);
#10228 = LINE('',#10229,#10230);
#10229 = CARTESIAN_POINT('',(0.,0.));
#10230 = VECTOR('',#10231,1.);
#10231 = DIRECTION('',(1.,0.));
#10232 = ( GEOMETRIC_REPRESENTATION_CONTEXT(2) 
PARAMETRIC_REPRESENTATION_CONTEXT() REPRESENTATION_CONTEXT('2D SPACE',''
  ) );
#10233 = ORIENTED_EDGE('',*,*,#10234,.T.);
#10234 = EDGE_CURVE('',#10200,#10235,#10237,.T.);
#10235 = VERTEX_POINT('',#10236);
#10236 = CARTESIAN_POINT('',(83.9499999,62.2500001,-1.405));
#10237 = SURFACE_CURVE('',#10238,(#10242,#10249),.PCURVE_S1.);
#10238 = LINE('',#10239,#10240);
#10239 = CARTESIAN_POINT('',(83.9499999,50.25,-1.405));
#10240 = VECTOR('',#10241,1.);
#10241 = DIRECTION('',(0.,1.,0.));
#10242 = PCURVE('',#10210,#10243);
#10243 = DEFINITIONAL_REPRESENTATION('',(#10244),#10248);
#10244 = LINE('',#10245,#10246);
#10245 = CARTESIAN_POINT('',(0.,0.));
#10246 = VECTOR('',#10247,1.);
#10247 = DIRECTION('',(0.,-1.));
#10248 = ( GEOMETRIC_REPRESENTATION_CONTEXT(2) 
PARAMETRIC_REPRESENTATION_CONTEXT() REPRESENTATION_CONTEXT('2D SPACE',''
  ) );
#10249 = PCURVE('',#10250,#10255);
#10250 = PLANE('',#10251);
#10251 = AXIS2_PLACEMENT_3D('',#10252,#10253,#10254);
#10252 = CARTESIAN_POINT('',(83.9499999,50.25,-1.405));
#10253 = DIRECTION('',(0.,0.,1.));
#10254 = DIRECTION('',(1.,0.,0.));
#10255 = DEFINITIONAL_REPRESENTATION('',(#10256),#10260);
#10256 = LINE('',#10257,#10258);
#10257 = CARTESIAN_POINT('',(0.,0.));
#10258 = VECTOR('',#10259,1.);
#10259 = DIRECTION('',(0.,1.));
#10260 = ( GEOMETRIC_REPRESENTATION_CONTEXT(2) 
PARAMETRIC_REPRESENTATION_CONTEXT() REPRESENTATION_CONTEXT('2D SPACE',''
  ) );
#10261 = ORIENTED_EDGE('',*,*,#10262,.T.);
#10262 = EDGE_CURVE('',#10235,#10263,#10265,.T.);
#10263 = VERTEX_POINT('',#10264);
#10264 = CARTESIAN_POINT('',(83.9499999,62.2500001,11.125));
#10265 = SURFACE_CURVE('',#10266,(#10270,#10277),.PCURVE_S1.);
#10266 = LINE('',#10267,#10268);
#10267 = CARTESIAN_POINT('',(83.9499999,62.2500001,-1.405));
#10268 = VECTOR('',#10269,1.);
#10269 = DIRECTION('',(0.,0.,1.));
#10270 = PCURVE('',#10210,#10271);
#10271 = DEFINITIONAL_REPRESENTATION('',(#10272),#10276);
#10272 = LINE('',#10273,#10274);
#10273 = CARTESIAN_POINT('',(0.,-12.0000001));
#10274 = VECTOR('',#10275,1.);
#10275 = DIRECTION('',(1.,0.));
#10276 = ( GEOMETRIC_REPRESENTATION_CONTEXT(2) 
PARAMETRIC_REPRESENTATION_CONTEXT() REPRESENTATION_CONTEXT('2D SPACE',''
  ) );
#10277 = PCURVE('',#10278,#10283);
#10278 = PLANE('',#10279);
#10279 = AXIS2_PLACEMENT_3D('',#10280,#10281,#10282);
#10280 = CARTESIAN_POINT('',(83.9499999,62.2500001,-1.405));
#10281 = DIRECTION('',(0.,1.,0.));
#10282 = DIRECTION('',(0.,0.,1.));
#10283 = DEFINITIONAL_REPRESENTATION('',(#10284),#10288);
#10284 = LINE('',#10285,#10286);
#10285 = CARTESIAN_POINT('',(0.,0.));
#10286 = VECTOR('',#10287,1.);
#10287 = DIRECTION('',(1.,0.));
#10288 = ( GEOMETRIC_REPRESENTATION_CONTEXT(2) 
PARAMETRIC_REPRESENTATION_CONTEXT() REPRESENTATION_CONTEXT('2D SPACE',''
  ) );
#10289 = ORIENTED_EDGE('',*,*,#10290,.F.);
#10290 = EDGE_CURVE('',#10202,#10263,#10291,.T.);
#10291 = SURFACE_CURVE('',#10292,(#10296,#10303),.PCURVE_S1.);
#10292 = LINE('',#10293,#10294);
#10293 = CARTESIAN_POINT('',(83.9499999,50.25,11.125));
#10294 = VECTOR('',#10295,1.);
#10295 = DIRECTION('',(0.,1.,0.));
#10296 = PCURVE('',#10210,#10297);
#10297 = DEFINITIONAL_REPRESENTATION('',(#10298),#10302);
#10298 = LINE('',#10299,#10300);
#10299 = CARTESIAN_POINT('',(12.53,0.));
#10300 = VECTOR('',#10301,1.);
#10301 = DIRECTION('',(0.,-1.));
#10302 = ( GEOMETRIC_REPRESENTATION_CONTEXT(2) 
PARAMETRIC_REPRESENTATION_CONTEXT() REPRESENTATION_CONTEXT('2D SPACE',''
  ) );
#10303 = PCURVE('',#10304,#10309);
#10304 = PLANE('',#10305);
#10305 = AXIS2_PLACEMENT_3D('',#10306,#10307,#10308);
#10306 = CARTESIAN_POINT('',(83.9499999,50.25,11.125));
#10307 = DIRECTION('',(0.,0.,1.));
#10308 = DIRECTION('',(1.,0.,0.));
#10309 = DEFINITIONAL_REPRESENTATION('',(#10310),#10314);
#10310 = LINE('',#10311,#10312);
#10311 = CARTESIAN_POINT('',(0.,0.));
#10312 = VECTOR('',#10313,1.);
#10313 = DIRECTION('',(0.,1.));
#10314 = ( GEOMETRIC_REPRESENTATION_CONTEXT(2) 
PARAMETRIC_REPRESENTATION_CONTEXT() REPRESENTATION_CONTEXT('2D SPACE',''
  ) );
#10315 = ADVANCED_FACE('',(#10316),#10330,.T.);
#10316 = FACE_BOUND('',#10317,.T.);
#10317 = EDGE_LOOP('',(#10318,#10348,#10371,#10394));
#10318 = ORIENTED_EDGE('',*,*,#10319,.F.);
#10319 = EDGE_CURVE('',#10320,#10322,#10324,.T.);
#10320 = VERTEX_POINT('',#10321);
#10321 = CARTESIAN_POINT('',(95.95,50.25,-1.405));
#10322 = VERTEX_POINT('',#10323);
#10323 = CARTESIAN_POINT('',(95.95,50.25,11.125));
#10324 = SURFACE_CURVE('',#10325,(#10329,#10341),.PCURVE_S1.);
#10325 = LINE('',#10326,#10327);
#10326 = CARTESIAN_POINT('',(95.95,50.25,-1.405));
#10327 = VECTOR('',#10328,1.);
#10328 = DIRECTION('',(0.,0.,1.));
#10329 = PCURVE('',#10330,#10335);
#10330 = PLANE('',#10331);
#10331 = AXIS2_PLACEMENT_3D('',#10332,#10333,#10334);
#10332 = CARTESIAN_POINT('',(95.95,50.25,-1.405));
#10333 = DIRECTION('',(1.,0.,0.));
#10334 = DIRECTION('',(0.,0.,1.));
#10335 = DEFINITIONAL_REPRESENTATION('',(#10336),#10340);
#10336 = LINE('',#10337,#10338);
#10337 = CARTESIAN_POINT('',(0.,0.));
#10338 = VECTOR('',#10339,1.);
#10339 = DIRECTION('',(1.,0.));
#10340 = ( GEOMETRIC_REPRESENTATION_CONTEXT(2) 
PARAMETRIC_REPRESENTATION_CONTEXT() REPRESENTATION_CONTEXT('2D SPACE',''
  ) );
#10341 = PCURVE('',#10222,#10342);
#10342 = DEFINITIONAL_REPRESENTATION('',(#10343),#10347);
#10343 = LINE('',#10344,#10345);
#10344 = CARTESIAN_POINT('',(0.,12.0000001));
#10345 = VECTOR('',#10346,1.);
#10346 = DIRECTION('',(1.,0.));
#10347 = ( GEOMETRIC_REPRESENTATION_CONTEXT(2) 
PARAMETRIC_REPRESENTATION_CONTEXT() REPRESENTATION_CONTEXT('2D SPACE',''
  ) );
#10348 = ORIENTED_EDGE('',*,*,#10349,.T.);
#10349 = EDGE_CURVE('',#10320,#10350,#10352,.T.);
#10350 = VERTEX_POINT('',#10351);
#10351 = CARTESIAN_POINT('',(95.95,62.2500001,-1.405));
#10352 = SURFACE_CURVE('',#10353,(#10357,#10364),.PCURVE_S1.);
#10353 = LINE('',#10354,#10355);
#10354 = CARTESIAN_POINT('',(95.95,50.25,-1.405));
#10355 = VECTOR('',#10356,1.);
#10356 = DIRECTION('',(0.,1.,0.));
#10357 = PCURVE('',#10330,#10358);
#10358 = DEFINITIONAL_REPRESENTATION('',(#10359),#10363);
#10359 = LINE('',#10360,#10361);
#10360 = CARTESIAN_POINT('',(0.,0.));
#10361 = VECTOR('',#10362,1.);
#10362 = DIRECTION('',(0.,-1.));
#10363 = ( GEOMETRIC_REPRESENTATION_CONTEXT(2) 
PARAMETRIC_REPRESENTATION_CONTEXT() REPRESENTATION_CONTEXT('2D SPACE',''
  ) );
#10364 = PCURVE('',#10250,#10365);
#10365 = DEFINITIONAL_REPRESENTATION('',(#10366),#10370);
#10366 = LINE('',#10367,#10368);
#10367 = CARTESIAN_POINT('',(12.0000001,0.));
#10368 = VECTOR('',#10369,1.);
#10369 = DIRECTION('',(0.,1.));
#10370 = ( GEOMETRIC_REPRESENTATION_CONTEXT(2) 
PARAMETRIC_REPRESENTATION_CONTEXT() REPRESENTATION_CONTEXT('2D SPACE',''
  ) );
#10371 = ORIENTED_EDGE('',*,*,#10372,.T.);
#10372 = EDGE_CURVE('',#10350,#10373,#10375,.T.);
#10373 = VERTEX_POINT('',#10374);
#10374 = CARTESIAN_POINT('',(95.95,62.2500001,11.125));
#10375 = SURFACE_CURVE('',#10376,(#10380,#10387),.PCURVE_S1.);
#10376 = LINE('',#10377,#10378);
#10377 = CARTESIAN_POINT('',(95.95,62.2500001,-1.405));
#10378 = VECTOR('',#10379,1.);
#10379 = DIRECTION('',(0.,0.,1.));
#10380 = PCURVE('',#10330,#10381);
#10381 = DEFINITIONAL_REPRESENTATION('',(#10382),#10386);
#10382 = LINE('',#10383,#10384);
#10383 = CARTESIAN_POINT('',(0.,-12.0000001));
#10384 = VECTOR('',#10385,1.);
#10385 = DIRECTION('',(1.,0.));
#10386 = ( GEOMETRIC_REPRESENTATION_CONTEXT(2) 
PARAMETRIC_REPRESENTATION_CONTEXT() REPRESENTATION_CONTEXT('2D SPACE',''
  ) );
#10387 = PCURVE('',#10278,#10388);
#10388 = DEFINITIONAL_REPRESENTATION('',(#10389),#10393);
#10389 = LINE('',#10390,#10391);
#10390 = CARTESIAN_POINT('',(0.,12.0000001));
#10391 = VECTOR('',#10392,1.);
#10392 = DIRECTION('',(1.,0.));
#10393 = ( GEOMETRIC_REPRESENTATION_CONTEXT(2) 
PARAMETRIC_REPRESENTATION_CONTEXT() REPRESENTATION_CONTEXT('2D SPACE',''
  ) );
#10394 = ORIENTED_EDGE('',*,*,#10395,.F.);
#10395 = EDGE_CURVE('',#10322,#10373,#10396,.T.);
#10396 = SURFACE_CURVE('',#10397,(#10401,#10408),.PCURVE_S1.);
#10397 = LINE('',#10398,#10399);
#10398 = CARTESIAN_POINT('',(95.95,50.25,11.125));
#10399 = VECTOR('',#10400,1.);
#10400 = DIRECTION('',(0.,1.,0.));
#10401 = PCURVE('',#10330,#10402);
#10402 = DEFINITIONAL_REPRESENTATION('',(#10403),#10407);
#10403 = LINE('',#10404,#10405);
#10404 = CARTESIAN_POINT('',(12.53,0.));
#10405 = VECTOR('',#10406,1.);
#10406 = DIRECTION('',(0.,-1.));
#10407 = ( GEOMETRIC_REPRESENTATION_CONTEXT(2) 
PARAMETRIC_REPRESENTATION_CONTEXT() REPRESENTATION_CONTEXT('2D SPACE',''
  ) );
#10408 = PCURVE('',#10304,#10409);
#10409 = DEFINITIONAL_REPRESENTATION('',(#10410),#10414);
#10410 = LINE('',#10411,#10412);
#10411 = CARTESIAN_POINT('',(12.0000001,0.));
#10412 = VECTOR('',#10413,1.);
#10413 = DIRECTION('',(0.,1.));
#10414 = ( GEOMETRIC_REPRESENTATION_CONTEXT(2) 
PARAMETRIC_REPRESENTATION_CONTEXT() REPRESENTATION_CONTEXT('2D SPACE',''
  ) );
#10415 = ADVANCED_FACE('',(#10416),#10222,.F.);
#10416 = FACE_BOUND('',#10417,.F.);
#10417 = EDGE_LOOP('',(#10418,#10439,#10440,#10461));
#10418 = ORIENTED_EDGE('',*,*,#10419,.F.);
#10419 = EDGE_CURVE('',#10200,#10320,#10420,.T.);
#10420 = SURFACE_CURVE('',#10421,(#10425,#10432),.PCURVE_S1.);
#10421 = LINE('',#10422,#10423);
#10422 = CARTESIAN_POINT('',(83.9499999,50.25,-1.405));
#10423 = VECTOR('',#10424,1.);
#10424 = DIRECTION('',(1.,0.,0.));
#10425 = PCURVE('',#10222,#10426);
#10426 = DEFINITIONAL_REPRESENTATION('',(#10427),#10431);
#10427 = LINE('',#10428,#10429);
#10428 = CARTESIAN_POINT('',(0.,0.));
#10429 = VECTOR('',#10430,1.);
#10430 = DIRECTION('',(0.,1.));
#10431 = ( GEOMETRIC_REPRESENTATION_CONTEXT(2) 
PARAMETRIC_REPRESENTATION_CONTEXT() REPRESENTATION_CONTEXT('2D SPACE',''
  ) );
#10432 = PCURVE('',#10250,#10433);
#10433 = DEFINITIONAL_REPRESENTATION('',(#10434),#10438);
#10434 = LINE('',#10435,#10436);
#10435 = CARTESIAN_POINT('',(0.,0.));
#10436 = VECTOR('',#10437,1.);
#10437 = DIRECTION('',(1.,0.));
#10438 = ( GEOMETRIC_REPRESENTATION_CONTEXT(2) 
PARAMETRIC_REPRESENTATION_CONTEXT() REPRESENTATION_CONTEXT('2D SPACE',''
  ) );
#10439 = ORIENTED_EDGE('',*,*,#10199,.T.);
#10440 = ORIENTED_EDGE('',*,*,#10441,.T.);
#10441 = EDGE_CURVE('',#10202,#10322,#10442,.T.);
#10442 = SURFACE_CURVE('',#10443,(#10447,#10454),.PCURVE_S1.);
#10443 = LINE('',#10444,#10445);
#10444 = CARTESIAN_POINT('',(83.9499999,50.25,11.125));
#10445 = VECTOR('',#10446,1.);
#10446 = DIRECTION('',(1.,0.,0.));
#10447 = PCURVE('',#10222,#10448);
#10448 = DEFINITIONAL_REPRESENTATION('',(#10449),#10453);
#10449 = LINE('',#10450,#10451);
#10450 = CARTESIAN_POINT('',(12.53,0.));
#10451 = VECTOR('',#10452,1.);
#10452 = DIRECTION('',(0.,1.));
#10453 = ( GEOMETRIC_REPRESENTATION_CONTEXT(2) 
PARAMETRIC_REPRESENTATION_CONTEXT() REPRESENTATION_CONTEXT('2D SPACE',''
  ) );
#10454 = PCURVE('',#10304,#10455);
#10455 = DEFINITIONAL_REPRESENTATION('',(#10456),#10460);
#10456 = LINE('',#10457,#10458);
#10457 = CARTESIAN_POINT('',(0.,0.));
#10458 = VECTOR('',#10459,1.);
#10459 = DIRECTION('',(1.,0.));
#10460 = ( GEOMETRIC_REPRESENTATION_CONTEXT(2) 
PARAMETRIC_REPRESENTATION_CONTEXT() REPRESENTATION_CONTEXT('2D SPACE',''
  ) );
#10461 = ORIENTED_EDGE('',*,*,#10319,.F.);
#10462 = ADVANCED_FACE('',(#10463),#10278,.T.);
#10463 = FACE_BOUND('',#10464,.T.);
#10464 = EDGE_LOOP('',(#10465,#10486,#10487,#10508));
#10465 = ORIENTED_EDGE('',*,*,#10466,.F.);
#10466 = EDGE_CURVE('',#10235,#10350,#10467,.T.);
#10467 = SURFACE_CURVE('',#10468,(#10472,#10479),.PCURVE_S1.);
#10468 = LINE('',#10469,#10470);
#10469 = CARTESIAN_POINT('',(83.9499999,62.2500001,-1.405));
#10470 = VECTOR('',#10471,1.);
#10471 = DIRECTION('',(1.,0.,0.));
#10472 = PCURVE('',#10278,#10473);
#10473 = DEFINITIONAL_REPRESENTATION('',(#10474),#10478);
#10474 = LINE('',#10475,#10476);
#10475 = CARTESIAN_POINT('',(0.,0.));
#10476 = VECTOR('',#10477,1.);
#10477 = DIRECTION('',(0.,1.));
#10478 = ( GEOMETRIC_REPRESENTATION_CONTEXT(2) 
PARAMETRIC_REPRESENTATION_CONTEXT() REPRESENTATION_CONTEXT('2D SPACE',''
  ) );
#10479 = PCURVE('',#10250,#10480);
#10480 = DEFINITIONAL_REPRESENTATION('',(#10481),#10485);
#10481 = LINE('',#10482,#10483);
#10482 = CARTESIAN_POINT('',(0.,12.0000001));
#10483 = VECTOR('',#10484,1.);
#10484 = DIRECTION('',(1.,0.));
#10485 = ( GEOMETRIC_REPRESENTATION_CONTEXT(2) 
PARAMETRIC_REPRESENTATION_CONTEXT() REPRESENTATION_CONTEXT('2D SPACE',''
  ) );
#10486 = ORIENTED_EDGE('',*,*,#10262,.T.);
#10487 = ORIENTED_EDGE('',*,*,#10488,.T.);
#10488 = EDGE_CURVE('',#10263,#10373,#10489,.T.);
#10489 = SURFACE_CURVE('',#10490,(#10494,#10501),.PCURVE_S1.);
#10490 = LINE('',#10491,#10492);
#10491 = CARTESIAN_POINT('',(83.9499999,62.2500001,11.125));
#10492 = VECTOR('',#10493,1.);
#10493 = DIRECTION('',(1.,0.,0.));
#10494 = PCURVE('',#10278,#10495);
#10495 = DEFINITIONAL_REPRESENTATION('',(#10496),#10500);
#10496 = LINE('',#10497,#10498);
#10497 = CARTESIAN_POINT('',(12.53,0.));
#10498 = VECTOR('',#10499,1.);
#10499 = DIRECTION('',(0.,1.));
#10500 = ( GEOMETRIC_REPRESENTATION_CONTEXT(2) 
PARAMETRIC_REPRESENTATION_CONTEXT() REPRESENTATION_CONTEXT('2D SPACE',''
  ) );
#10501 = PCURVE('',#10304,#10502);
#10502 = DEFINITIONAL_REPRESENTATION('',(#10503),#10507);
#10503 = LINE('',#10504,#10505);
#10504 = CARTESIAN_POINT('',(0.,12.0000001));
#10505 = VECTOR('',#10506,1.);
#10506 = DIRECTION('',(1.,0.));
#10507 = ( GEOMETRIC_REPRESENTATION_CONTEXT(2) 
PARAMETRIC_REPRESENTATION_CONTEXT() REPRESENTATION_CONTEXT('2D SPACE',''
  ) );
#10508 = ORIENTED_EDGE('',*,*,#10372,.F.);
#10509 = ADVANCED_FACE('',(#10510),#10250,.F.);
#10510 = FACE_BOUND('',#10511,.F.);
#10511 = EDGE_LOOP('',(#10512,#10513,#10514,#10515));
#10512 = ORIENTED_EDGE('',*,*,#10234,.F.);
#10513 = ORIENTED_EDGE('',*,*,#10419,.T.);
#10514 = ORIENTED_EDGE('',*,*,#10349,.T.);
#10515 = ORIENTED_EDGE('',*,*,#10466,.F.);
#10516 = ADVANCED_FACE('',(#10517),#10304,.T.);
#10517 = FACE_BOUND('',#10518,.T.);
#10518 = EDGE_LOOP('',(#10519,#10520,#10521,#10522));
#10519 = ORIENTED_EDGE('',*,*,#10290,.F.);
#10520 = ORIENTED_EDGE('',*,*,#10441,.T.);
#10521 = ORIENTED_EDGE('',*,*,#10395,.T.);
#10522 = ORIENTED_EDGE('',*,*,#10488,.F.);
#10523 = ( GEOMETRIC_REPRESENTATION_CONTEXT(3) 
GLOBAL_UNCERTAINTY_ASSIGNED_CONTEXT((#10527)) 
GLOBAL_UNIT_ASSIGNED_CONTEXT((#10524,#10525,#10526)) 
REPRESENTATION_CONTEXT('Context #1',
  '3D Context with UNIT and UNCERTAINTY') );
#10524 = ( LENGTH_UNIT() NAMED_UNIT(*) SI_UNIT(.MILLI.,.METRE.) );
#10525 = ( NAMED_UNIT(*) PLANE_ANGLE_UNIT() SI_UNIT($,.RADIAN.) );
#10526 = ( NAMED_UNIT(*) SI_UNIT($,.STERADIAN.) SOLID_ANGLE_UNIT() );
#10527 = UNCERTAINTY_MEASURE_WITH_UNIT(LENGTH_MEASURE(1.E-07),#10524,
  'distance_accuracy_value','confusion accuracy');
#10528 = CONTEXT_DEPENDENT_SHAPE_REPRESENTATION(#10529,#10531);
#10529 = ( REPRESENTATION_RELATIONSHIP('','',#10192,#10) 
REPRESENTATION_RELATIONSHIP_WITH_TRANSFORMATION(#10530) 
SHAPE_REPRESENTATION_RELATIONSHIP() );
#10530 = ITEM_DEFINED_TRANSFORMATION('','',#11,#31);
#10531 = PRODUCT_DEFINITION_SHAPE('Placement','Placement of an item',
  #10532);
#10532 = NEXT_ASSEMBLY_USAGE_OCCURRENCE('13','Component envelope 4','',
  #5,#10187,$);
#10533 = PRODUCT_RELATED_PRODUCT_CATEGORY('part',$,(#10189));
#10534 = SHAPE_DEFINITION_REPRESENTATION(#10535,#10541);
#10535 = PRODUCT_DEFINITION_SHAPE('','',#10536);
#10536 = PRODUCT_DEFINITION('design','',#10537,#10540);
#10537 = PRODUCT_DEFINITION_FORMATION('','',#10538);
#10538 = PRODUCT('Component envelope 5','Component envelope 5','',(
    #10539));
#10539 = PRODUCT_CONTEXT('',#2,'mechanical');
#10540 = PRODUCT_DEFINITION_CONTEXT('part definition',#2,'design');
#10541 = ADVANCED_BREP_SHAPE_REPRESENTATION('',(#11,#10542),#10872);
#10542 = MANIFOLD_SOLID_BREP('',#10543);
#10543 = CLOSED_SHELL('',(#10544,#10664,#10764,#10811,#10858,#10865));
#10544 = ADVANCED_FACE('',(#10545),#10559,.F.);
#10545 = FACE_BOUND('',#10546,.F.);
#10546 = EDGE_LOOP('',(#10547,#10582,#10610,#10638));
#10547 = ORIENTED_EDGE('',*,*,#10548,.F.);
#10548 = EDGE_CURVE('',#10549,#10551,#10553,.T.);
#10549 = VERTEX_POINT('',#10550);
#10550 = CARTESIAN_POINT('',(23.6,13.36,1.595));
#10551 = VERTEX_POINT('',#10552);
#10552 = CARTESIAN_POINT('',(23.6,13.36,5.295));
#10553 = SURFACE_CURVE('',#10554,(#10558,#10570),.PCURVE_S1.);
#10554 = LINE('',#10555,#10556);
#10555 = CARTESIAN_POINT('',(23.6,13.36,1.595));
#10556 = VECTOR('',#10557,1.);
#10557 = DIRECTION('',(0.,0.,1.));
#10558 = PCURVE('',#10559,#10564);
#10559 = PLANE('',#10560);
#10560 = AXIS2_PLACEMENT_3D('',#10561,#10562,#10563);
#10561 = CARTESIAN_POINT('',(23.6,13.36,1.595));
#10562 = DIRECTION('',(1.,0.,0.));
#10563 = DIRECTION('',(0.,0.,1.));
#10564 = DEFINITIONAL_REPRESENTATION('',(#10565),#10569);
#10565 = LINE('',#10566,#10567);
#10566 = CARTESIAN_POINT('',(0.,0.));
#10567 = VECTOR('',#10568,1.);
#10568 = DIRECTION('',(1.,0.));
#10569 = ( GEOMETRIC_REPRESENTATION_CONTEXT(2) 
PARAMETRIC_REPRESENTATION_CONTEXT() REPRESENTATION_CONTEXT('2D SPACE',''
  ) );
#10570 = PCURVE('',#10571,#10576);
#10571 = PLANE('',#10572);
#10572 = AXIS2_PLACEMENT_3D('',#10573,#10574,#10575);
#10573 = CARTESIAN_POINT('',(23.6,13.36,1.595));
#10574 = DIRECTION('',(0.,1.,0.));
#10575 = DIRECTION('',(0.,0.,1.));
#10576 = DEFINITIONAL_REPRESENTATION('',(#10577),#10581);
#10577 = LINE('',#10578,#10579);
#10578 = CARTESIAN_POINT('',(0.,0.));
#10579 = VECTOR('',#10580,1.);
#10580 = DIRECTION('',(1.,0.));
#10581 = ( GEOMETRIC_REPRESENTATION_CONTEXT(2) 
PARAMETRIC_REPRESENTATION_CONTEXT() REPRESENTATION_CONTEXT('2D SPACE',''
  ) );
#10582 = ORIENTED_EDGE('',*,*,#10583,.T.);
#10583 = EDGE_CURVE('',#10549,#10584,#10586,.T.);
#10584 = VERTEX_POINT('',#10585);
#10585 = CARTESIAN_POINT('',(23.6,34.36,1.595));
#10586 = SURFACE_CURVE('',#10587,(#10591,#10598),.PCURVE_S1.);
#10587 = LINE('',#10588,#10589);
#10588 = CARTESIAN_POINT('',(23.6,13.36,1.595));
#10589 = VECTOR('',#10590,1.);
#10590 = DIRECTION('',(0.,1.,0.));
#10591 = PCURVE('',#10559,#10592);
#10592 = DEFINITIONAL_REPRESENTATION('',(#10593),#10597);
#10593 = LINE('',#10594,#10595);
#10594 = CARTESIAN_POINT('',(0.,0.));
#10595 = VECTOR('',#10596,1.);
#10596 = DIRECTION('',(0.,-1.));
#10597 = ( GEOMETRIC_REPRESENTATION_CONTEXT(2) 
PARAMETRIC_REPRESENTATION_CONTEXT() REPRESENTATION_CONTEXT('2D SPACE',''
  ) );
#10598 = PCURVE('',#10599,#10604);
#10599 = PLANE('',#10600);
#10600 = AXIS2_PLACEMENT_3D('',#10601,#10602,#10603);
#10601 = CARTESIAN_POINT('',(23.6,13.36,1.595));
#10602 = DIRECTION('',(0.,0.,1.));
#10603 = DIRECTION('',(1.,0.,0.));
#10604 = DEFINITIONAL_REPRESENTATION('',(#10605),#10609);
#10605 = LINE('',#10606,#10607);
#10606 = CARTESIAN_POINT('',(0.,0.));
#10607 = VECTOR('',#10608,1.);
#10608 = DIRECTION('',(0.,1.));
#10609 = ( GEOMETRIC_REPRESENTATION_CONTEXT(2) 
PARAMETRIC_REPRESENTATION_CONTEXT() REPRESENTATION_CONTEXT('2D SPACE',''
  ) );
#10610 = ORIENTED_EDGE('',*,*,#10611,.T.);
#10611 = EDGE_CURVE('',#10584,#10612,#10614,.T.);
#10612 = VERTEX_POINT('',#10613);
#10613 = CARTESIAN_POINT('',(23.6,34.36,5.295));
#10614 = SURFACE_CURVE('',#10615,(#10619,#10626),.PCURVE_S1.);
#10615 = LINE('',#10616,#10617);
#10616 = CARTESIAN_POINT('',(23.6,34.36,1.595));
#10617 = VECTOR('',#10618,1.);
#10618 = DIRECTION('',(0.,0.,1.));
#10619 = PCURVE('',#10559,#10620);
#10620 = DEFINITIONAL_REPRESENTATION('',(#10621),#10625);
#10621 = LINE('',#10622,#10623);
#10622 = CARTESIAN_POINT('',(0.,-21.));
#10623 = VECTOR('',#10624,1.);
#10624 = DIRECTION('',(1.,0.));
#10625 = ( GEOMETRIC_REPRESENTATION_CONTEXT(2) 
PARAMETRIC_REPRESENTATION_CONTEXT() REPRESENTATION_CONTEXT('2D SPACE',''
  ) );
#10626 = PCURVE('',#10627,#10632);
#10627 = PLANE('',#10628);
#10628 = AXIS2_PLACEMENT_3D('',#10629,#10630,#10631);
#10629 = CARTESIAN_POINT('',(23.6,34.36,1.595));
#10630 = DIRECTION('',(0.,1.,0.));
#10631 = DIRECTION('',(0.,0.,1.));
#10632 = DEFINITIONAL_REPRESENTATION('',(#10633),#10637);
#10633 = LINE('',#10634,#10635);
#10634 = CARTESIAN_POINT('',(0.,0.));
#10635 = VECTOR('',#10636,1.);
#10636 = DIRECTION('',(1.,0.));
#10637 = ( GEOMETRIC_REPRESENTATION_CONTEXT(2) 
PARAMETRIC_REPRESENTATION_CONTEXT() REPRESENTATION_CONTEXT('2D SPACE',''
  ) );
#10638 = ORIENTED_EDGE('',*,*,#10639,.F.);
#10639 = EDGE_CURVE('',#10551,#10612,#10640,.T.);
#10640 = SURFACE_CURVE('',#10641,(#10645,#10652),.PCURVE_S1.);
#10641 = LINE('',#10642,#10643);
#10642 = CARTESIAN_POINT('',(23.6,13.36,5.295));
#10643 = VECTOR('',#10644,1.);
#10644 = DIRECTION('',(0.,1.,0.));
#10645 = PCURVE('',#10559,#10646);
#10646 = DEFINITIONAL_REPRESENTATION('',(#10647),#10651);
#10647 = LINE('',#10648,#10649);
#10648 = CARTESIAN_POINT('',(3.7,0.));
#10649 = VECTOR('',#10650,1.);
#10650 = DIRECTION('',(0.,-1.));
#10651 = ( GEOMETRIC_REPRESENTATION_CONTEXT(2) 
PARAMETRIC_REPRESENTATION_CONTEXT() REPRESENTATION_CONTEXT('2D SPACE',''
  ) );
#10652 = PCURVE('',#10653,#10658);
#10653 = PLANE('',#10654);
#10654 = AXIS2_PLACEMENT_3D('',#10655,#10656,#10657);
#10655 = CARTESIAN_POINT('',(23.6,13.36,5.295));
#10656 = DIRECTION('',(0.,0.,1.));
#10657 = DIRECTION('',(1.,0.,0.));
#10658 = DEFINITIONAL_REPRESENTATION('',(#10659),#10663);
#10659 = LINE('',#10660,#10661);
#10660 = CARTESIAN_POINT('',(0.,0.));
#10661 = VECTOR('',#10662,1.);
#10662 = DIRECTION('',(0.,1.));
#10663 = ( GEOMETRIC_REPRESENTATION_CONTEXT(2) 
PARAMETRIC_REPRESENTATION_CONTEXT() REPRESENTATION_CONTEXT('2D SPACE',''
  ) );
#10664 = ADVANCED_FACE('',(#10665),#10679,.T.);
#10665 = FACE_BOUND('',#10666,.T.);
#10666 = EDGE_LOOP('',(#10667,#10697,#10720,#10743));
#10667 = ORIENTED_EDGE('',*,*,#10668,.F.);
#10668 = EDGE_CURVE('',#10669,#10671,#10673,.T.);
#10669 = VERTEX_POINT('',#10670);
#10670 = CARTESIAN_POINT('',(75.9,13.36,1.595));
#10671 = VERTEX_POINT('',#10672);
#10672 = CARTESIAN_POINT('',(75.9,13.36,5.295));
#10673 = SURFACE_CURVE('',#10674,(#10678,#10690),.PCURVE_S1.);
#10674 = LINE('',#10675,#10676);
#10675 = CARTESIAN_POINT('',(75.9,13.36,1.595));
#10676 = VECTOR('',#10677,1.);
#10677 = DIRECTION('',(0.,0.,1.));
#10678 = PCURVE('',#10679,#10684);
#10679 = PLANE('',#10680);
#10680 = AXIS2_PLACEMENT_3D('',#10681,#10682,#10683);
#10681 = CARTESIAN_POINT('',(75.9,13.36,1.595));
#10682 = DIRECTION('',(1.,0.,0.));
#10683 = DIRECTION('',(0.,0.,1.));
#10684 = DEFINITIONAL_REPRESENTATION('',(#10685),#10689);
#10685 = LINE('',#10686,#10687);
#10686 = CARTESIAN_POINT('',(0.,0.));
#10687 = VECTOR('',#10688,1.);
#10688 = DIRECTION('',(1.,0.));
#10689 = ( GEOMETRIC_REPRESENTATION_CONTEXT(2) 
PARAMETRIC_REPRESENTATION_CONTEXT() REPRESENTATION_CONTEXT('2D SPACE',''
  ) );
#10690 = PCURVE('',#10571,#10691);
#10691 = DEFINITIONAL_REPRESENTATION('',(#10692),#10696);
#10692 = LINE('',#10693,#10694);
#10693 = CARTESIAN_POINT('',(0.,52.3));
#10694 = VECTOR('',#10695,1.);
#10695 = DIRECTION('',(1.,0.));
#10696 = ( GEOMETRIC_REPRESENTATION_CONTEXT(2) 
PARAMETRIC_REPRESENTATION_CONTEXT() REPRESENTATION_CONTEXT('2D SPACE',''
  ) );
#10697 = ORIENTED_EDGE('',*,*,#10698,.T.);
#10698 = EDGE_CURVE('',#10669,#10699,#10701,.T.);
#10699 = VERTEX_POINT('',#10700);
#10700 = CARTESIAN_POINT('',(75.9,34.36,1.595));
#10701 = SURFACE_CURVE('',#10702,(#10706,#10713),.PCURVE_S1.);
#10702 = LINE('',#10703,#10704);
#10703 = CARTESIAN_POINT('',(75.9,13.36,1.595));
#10704 = VECTOR('',#10705,1.);
#10705 = DIRECTION('',(0.,1.,0.));
#10706 = PCURVE('',#10679,#10707);
#10707 = DEFINITIONAL_REPRESENTATION('',(#10708),#10712);
#10708 = LINE('',#10709,#10710);
#10709 = CARTESIAN_POINT('',(0.,0.));
#10710 = VECTOR('',#10711,1.);
#10711 = DIRECTION('',(0.,-1.));
#10712 = ( GEOMETRIC_REPRESENTATION_CONTEXT(2) 
PARAMETRIC_REPRESENTATION_CONTEXT() REPRESENTATION_CONTEXT('2D SPACE',''
  ) );
#10713 = PCURVE('',#10599,#10714);
#10714 = DEFINITIONAL_REPRESENTATION('',(#10715),#10719);
#10715 = LINE('',#10716,#10717);
#10716 = CARTESIAN_POINT('',(52.3,0.));
#10717 = VECTOR('',#10718,1.);
#10718 = DIRECTION('',(0.,1.));
#10719 = ( GEOMETRIC_REPRESENTATION_CONTEXT(2) 
PARAMETRIC_REPRESENTATION_CONTEXT() REPRESENTATION_CONTEXT('2D SPACE',''
  ) );
#10720 = ORIENTED_EDGE('',*,*,#10721,.T.);
#10721 = EDGE_CURVE('',#10699,#10722,#10724,.T.);
#10722 = VERTEX_POINT('',#10723);
#10723 = CARTESIAN_POINT('',(75.9,34.36,5.295));
#10724 = SURFACE_CURVE('',#10725,(#10729,#10736),.PCURVE_S1.);
#10725 = LINE('',#10726,#10727);
#10726 = CARTESIAN_POINT('',(75.9,34.36,1.595));
#10727 = VECTOR('',#10728,1.);
#10728 = DIRECTION('',(0.,0.,1.));
#10729 = PCURVE('',#10679,#10730);
#10730 = DEFINITIONAL_REPRESENTATION('',(#10731),#10735);
#10731 = LINE('',#10732,#10733);
#10732 = CARTESIAN_POINT('',(0.,-21.));
#10733 = VECTOR('',#10734,1.);
#10734 = DIRECTION('',(1.,0.));
#10735 = ( GEOMETRIC_REPRESENTATION_CONTEXT(2) 
PARAMETRIC_REPRESENTATION_CONTEXT() REPRESENTATION_CONTEXT('2D SPACE',''
  ) );
#10736 = PCURVE('',#10627,#10737);
#10737 = DEFINITIONAL_REPRESENTATION('',(#10738),#10742);
#10738 = LINE('',#10739,#10740);
#10739 = CARTESIAN_POINT('',(0.,52.3));
#10740 = VECTOR('',#10741,1.);
#10741 = DIRECTION('',(1.,0.));
#10742 = ( GEOMETRIC_REPRESENTATION_CONTEXT(2) 
PARAMETRIC_REPRESENTATION_CONTEXT() REPRESENTATION_CONTEXT('2D SPACE',''
  ) );
#10743 = ORIENTED_EDGE('',*,*,#10744,.F.);
#10744 = EDGE_CURVE('',#10671,#10722,#10745,.T.);
#10745 = SURFACE_CURVE('',#10746,(#10750,#10757),.PCURVE_S1.);
#10746 = LINE('',#10747,#10748);
#10747 = CARTESIAN_POINT('',(75.9,13.36,5.295));
#10748 = VECTOR('',#10749,1.);
#10749 = DIRECTION('',(0.,1.,0.));
#10750 = PCURVE('',#10679,#10751);
#10751 = DEFINITIONAL_REPRESENTATION('',(#10752),#10756);
#10752 = LINE('',#10753,#10754);
#10753 = CARTESIAN_POINT('',(3.7,0.));
#10754 = VECTOR('',#10755,1.);
#10755 = DIRECTION('',(0.,-1.));
#10756 = ( GEOMETRIC_REPRESENTATION_CONTEXT(2) 
PARAMETRIC_REPRESENTATION_CONTEXT() REPRESENTATION_CONTEXT('2D SPACE',''
  ) );
#10757 = PCURVE('',#10653,#10758);
#10758 = DEFINITIONAL_REPRESENTATION('',(#10759),#10763);
#10759 = LINE('',#10760,#10761);
#10760 = CARTESIAN_POINT('',(52.3,0.));
#10761 = VECTOR('',#10762,1.);
#10762 = DIRECTION('',(0.,1.));
#10763 = ( GEOMETRIC_REPRESENTATION_CONTEXT(2) 
PARAMETRIC_REPRESENTATION_CONTEXT() REPRESENTATION_CONTEXT('2D SPACE',''
  ) );
#10764 = ADVANCED_FACE('',(#10765),#10571,.F.);
#10765 = FACE_BOUND('',#10766,.F.);
#10766 = EDGE_LOOP('',(#10767,#10788,#10789,#10810));
#10767 = ORIENTED_EDGE('',*,*,#10768,.F.);
#10768 = EDGE_CURVE('',#10549,#10669,#10769,.T.);
#10769 = SURFACE_CURVE('',#10770,(#10774,#10781),.PCURVE_S1.);
#10770 = LINE('',#10771,#10772);
#10771 = CARTESIAN_POINT('',(23.6,13.36,1.595));
#10772 = VECTOR('',#10773,1.);
#10773 = DIRECTION('',(1.,0.,0.));
#10774 = PCURVE('',#10571,#10775);
#10775 = DEFINITIONAL_REPRESENTATION('',(#10776),#10780);
#10776 = LINE('',#10777,#10778);
#10777 = CARTESIAN_POINT('',(0.,0.));
#10778 = VECTOR('',#10779,1.);
#10779 = DIRECTION('',(0.,1.));
#10780 = ( GEOMETRIC_REPRESENTATION_CONTEXT(2) 
PARAMETRIC_REPRESENTATION_CONTEXT() REPRESENTATION_CONTEXT('2D SPACE',''
  ) );
#10781 = PCURVE('',#10599,#10782);
#10782 = DEFINITIONAL_REPRESENTATION('',(#10783),#10787);
#10783 = LINE('',#10784,#10785);
#10784 = CARTESIAN_POINT('',(0.,0.));
#10785 = VECTOR('',#10786,1.);
#10786 = DIRECTION('',(1.,0.));
#10787 = ( GEOMETRIC_REPRESENTATION_CONTEXT(2) 
PARAMETRIC_REPRESENTATION_CONTEXT() REPRESENTATION_CONTEXT('2D SPACE',''
  ) );
#10788 = ORIENTED_EDGE('',*,*,#10548,.T.);
#10789 = ORIENTED_EDGE('',*,*,#10790,.T.);
#10790 = EDGE_CURVE('',#10551,#10671,#10791,.T.);
#10791 = SURFACE_CURVE('',#10792,(#10796,#10803),.PCURVE_S1.);
#10792 = LINE('',#10793,#10794);
#10793 = CARTESIAN_POINT('',(23.6,13.36,5.295));
#10794 = VECTOR('',#10795,1.);
#10795 = DIRECTION('',(1.,0.,0.));
#10796 = PCURVE('',#10571,#10797);
#10797 = DEFINITIONAL_REPRESENTATION('',(#10798),#10802);
#10798 = LINE('',#10799,#10800);
#10799 = CARTESIAN_POINT('',(3.7,0.));
#10800 = VECTOR('',#10801,1.);
#10801 = DIRECTION('',(0.,1.));
#10802 = ( GEOMETRIC_REPRESENTATION_CONTEXT(2) 
PARAMETRIC_REPRESENTATION_CONTEXT() REPRESENTATION_CONTEXT('2D SPACE',''
  ) );
#10803 = PCURVE('',#10653,#10804);
#10804 = DEFINITIONAL_REPRESENTATION('',(#10805),#10809);
#10805 = LINE('',#10806,#10807);
#10806 = CARTESIAN_POINT('',(0.,0.));
#10807 = VECTOR('',#10808,1.);
#10808 = DIRECTION('',(1.,0.));
#10809 = ( GEOMETRIC_REPRESENTATION_CONTEXT(2) 
PARAMETRIC_REPRESENTATION_CONTEXT() REPRESENTATION_CONTEXT('2D SPACE',''
  ) );
#10810 = ORIENTED_EDGE('',*,*,#10668,.F.);
#10811 = ADVANCED_FACE('',(#10812),#10627,.T.);
#10812 = FACE_BOUND('',#10813,.T.);
#10813 = EDGE_LOOP('',(#10814,#10835,#10836,#10857));
#10814 = ORIENTED_EDGE('',*,*,#10815,.F.);
#10815 = EDGE_CURVE('',#10584,#10699,#10816,.T.);
#10816 = SURFACE_CURVE('',#10817,(#10821,#10828),.PCURVE_S1.);
#10817 = LINE('',#10818,#10819);
#10818 = CARTESIAN_POINT('',(23.6,34.36,1.595));
#10819 = VECTOR('',#10820,1.);
#10820 = DIRECTION('',(1.,0.,0.));
#10821 = PCURVE('',#10627,#10822);
#10822 = DEFINITIONAL_REPRESENTATION('',(#10823),#10827);
#10823 = LINE('',#10824,#10825);
#10824 = CARTESIAN_POINT('',(0.,0.));
#10825 = VECTOR('',#10826,1.);
#10826 = DIRECTION('',(0.,1.));
#10827 = ( GEOMETRIC_REPRESENTATION_CONTEXT(2) 
PARAMETRIC_REPRESENTATION_CONTEXT() REPRESENTATION_CONTEXT('2D SPACE',''
  ) );
#10828 = PCURVE('',#10599,#10829);
#10829 = DEFINITIONAL_REPRESENTATION('',(#10830),#10834);
#10830 = LINE('',#10831,#10832);
#10831 = CARTESIAN_POINT('',(0.,21.));
#10832 = VECTOR('',#10833,1.);
#10833 = DIRECTION('',(1.,0.));
#10834 = ( GEOMETRIC_REPRESENTATION_CONTEXT(2) 
PARAMETRIC_REPRESENTATION_CONTEXT() REPRESENTATION_CONTEXT('2D SPACE',''
  ) );
#10835 = ORIENTED_EDGE('',*,*,#10611,.T.);
#10836 = ORIENTED_EDGE('',*,*,#10837,.T.);
#10837 = EDGE_CURVE('',#10612,#10722,#10838,.T.);
#10838 = SURFACE_CURVE('',#10839,(#10843,#10850),.PCURVE_S1.);
#10839 = LINE('',#10840,#10841);
#10840 = CARTESIAN_POINT('',(23.6,34.36,5.295));
#10841 = VECTOR('',#10842,1.);
#10842 = DIRECTION('',(1.,0.,0.));
#10843 = PCURVE('',#10627,#10844);
#10844 = DEFINITIONAL_REPRESENTATION('',(#10845),#10849);
#10845 = LINE('',#10846,#10847);
#10846 = CARTESIAN_POINT('',(3.7,0.));
#10847 = VECTOR('',#10848,1.);
#10848 = DIRECTION('',(0.,1.));
#10849 = ( GEOMETRIC_REPRESENTATION_CONTEXT(2) 
PARAMETRIC_REPRESENTATION_CONTEXT() REPRESENTATION_CONTEXT('2D SPACE',''
  ) );
#10850 = PCURVE('',#10653,#10851);
#10851 = DEFINITIONAL_REPRESENTATION('',(#10852),#10856);
#10852 = LINE('',#10853,#10854);
#10853 = CARTESIAN_POINT('',(0.,21.));
#10854 = VECTOR('',#10855,1.);
#10855 = DIRECTION('',(1.,0.));
#10856 = ( GEOMETRIC_REPRESENTATION_CONTEXT(2) 
PARAMETRIC_REPRESENTATION_CONTEXT() REPRESENTATION_CONTEXT('2D SPACE',''
  ) );
#10857 = ORIENTED_EDGE('',*,*,#10721,.F.);
#10858 = ADVANCED_FACE('',(#10859),#10599,.F.);
#10859 = FACE_BOUND('',#10860,.F.);
#10860 = EDGE_LOOP('',(#10861,#10862,#10863,#10864));
#10861 = ORIENTED_EDGE('',*,*,#10583,.F.);
#10862 = ORIENTED_EDGE('',*,*,#10768,.T.);
#10863 = ORIENTED_EDGE('',*,*,#10698,.T.);
#10864 = ORIENTED_EDGE('',*,*,#10815,.F.);
#10865 = ADVANCED_FACE('',(#10866),#10653,.T.);
#10866 = FACE_BOUND('',#10867,.T.);
#10867 = EDGE_LOOP('',(#10868,#10869,#10870,#10871));
#10868 = ORIENTED_EDGE('',*,*,#10639,.F.);
#10869 = ORIENTED_EDGE('',*,*,#10790,.T.);
#10870 = ORIENTED_EDGE('',*,*,#10744,.T.);
#10871 = ORIENTED_EDGE('',*,*,#10837,.F.);
#10872 = ( GEOMETRIC_REPRESENTATION_CONTEXT(3) 
GLOBAL_UNCERTAINTY_ASSIGNED_CONTEXT((#10876)) 
GLOBAL_UNIT_ASSIGNED_CONTEXT((#10873,#10874,#10875)) 
REPRESENTATION_CONTEXT('Context #1',
  '3D Context with UNIT and UNCERTAINTY') );
#10873 = ( LENGTH_UNIT() NAMED_UNIT(*) SI_UNIT(.MILLI.,.METRE.) );
#10874 = ( NAMED_UNIT(*) PLANE_ANGLE_UNIT() SI_UNIT($,.RADIAN.) );
#10875 = ( NAMED_UNIT(*) SI_UNIT($,.STERADIAN.) SOLID_ANGLE_UNIT() );
#10876 = UNCERTAINTY_MEASURE_WITH_UNIT(LENGTH_MEASURE(1.E-07),#10873,
  'distance_accuracy_value','confusion accuracy');
#10877 = CONTEXT_DEPENDENT_SHAPE_REPRESENTATION(#10878,#10880);
#10878 = ( REPRESENTATION_RELATIONSHIP('','',#10541,#10) 
REPRESENTATION_RELATIONSHIP_WITH_TRANSFORMATION(#10879) 
SHAPE_REPRESENTATION_RELATIONSHIP() );
#10879 = ITEM_DEFINED_TRANSFORMATION('','',#11,#35);
#10880 = PRODUCT_DEFINITION_SHAPE('Placement','Placement of an item',
  #10881);
#10881 = NEXT_ASSEMBLY_USAGE_OCCURRENCE('14','Component envelope 5','',
  #5,#10536,$);
#10882 = PRODUCT_RELATED_PRODUCT_CATEGORY('part',$,(#10538));
#10883 = SHAPE_DEFINITION_REPRESENTATION(#10884,#10890);
#10884 = PRODUCT_DEFINITION_SHAPE('','',#10885);
#10885 = PRODUCT_DEFINITION('design','',#10886,#10889);
#10886 = PRODUCT_DEFINITION_FORMATION('','',#10887);
#10887 = PRODUCT('Component envelope 6','Component envelope 6','',(
    #10888));
#10888 = PRODUCT_CONTEXT('',#2,'mechanical');
#10889 = PRODUCT_DEFINITION_CONTEXT('part definition',#2,'design');
#10890 = ADVANCED_BREP_SHAPE_REPRESENTATION('',(#11,#10891),#11221);
#10891 = MANIFOLD_SOLID_BREP('',#10892);
#10892 = CLOSED_SHELL('',(#10893,#11013,#11113,#11160,#11207,#11214));
#10893 = ADVANCED_FACE('',(#10894),#10908,.F.);
#10894 = FACE_BOUND('',#10895,.F.);
#10895 = EDGE_LOOP('',(#10896,#10931,#10959,#10987));
#10896 = ORIENTED_EDGE('',*,*,#10897,.F.);
#10897 = EDGE_CURVE('',#10898,#10900,#10902,.T.);
#10898 = VERTEX_POINT('',#10899);
#10899 = CARTESIAN_POINT('',(63.9625,6.375,1.595));
#10900 = VERTEX_POINT('',#10901);
#10901 = CARTESIAN_POINT('',(63.9625,6.375,2.845));
#10902 = SURFACE_CURVE('',#10903,(#10907,#10919),.PCURVE_S1.);
#10903 = LINE('',#10904,#10905);
#10904 = CARTESIAN_POINT('',(63.9625,6.375,1.595));
#10905 = VECTOR('',#10906,1.);
#10906 = DIRECTION('',(0.,0.,1.));
#10907 = PCURVE('',#10908,#10913);
#10908 = PLANE('',#10909);
#10909 = AXIS2_PLACEMENT_3D('',#10910,#10911,#10912);
#10910 = CARTESIAN_POINT('',(63.9625,6.375,1.595));
#10911 = DIRECTION('',(1.,0.,0.));
#10912 = DIRECTION('',(0.,0.,1.));
#10913 = DEFINITIONAL_REPRESENTATION('',(#10914),#10918);
#10914 = LINE('',#10915,#10916);
#10915 = CARTESIAN_POINT('',(0.,0.));
#10916 = VECTOR('',#10917,1.);
#10917 = DIRECTION('',(1.,0.));
#10918 = ( GEOMETRIC_REPRESENTATION_CONTEXT(2) 
PARAMETRIC_REPRESENTATION_CONTEXT() REPRESENTATION_CONTEXT('2D SPACE',''
  ) );
#10919 = PCURVE('',#10920,#10925);
#10920 = PLANE('',#10921);
#10921 = AXIS2_PLACEMENT_3D('',#10922,#10923,#10924);
#10922 = CARTESIAN_POINT('',(63.9625,6.375,1.595));
#10923 = DIRECTION('',(0.,1.,0.));
#10924 = DIRECTION('',(0.,0.,1.));
#10925 = DEFINITIONAL_REPRESENTATION('',(#10926),#10930);
#10926 = LINE('',#10927,#10928);
#10927 = CARTESIAN_POINT('',(0.,0.));
#10928 = VECTOR('',#10929,1.);
#10929 = DIRECTION('',(1.,0.));
#10930 = ( GEOMETRIC_REPRESENTATION_CONTEXT(2) 
PARAMETRIC_REPRESENTATION_CONTEXT() REPRESENTATION_CONTEXT('2D SPACE',''
  ) );
#10931 = ORIENTED_EDGE('',*,*,#10932,.T.);
#10932 = EDGE_CURVE('',#10898,#10933,#10935,.T.);
#10933 = VERTEX_POINT('',#10934);
#10934 = CARTESIAN_POINT('',(63.9625,7.625,1.595));
#10935 = SURFACE_CURVE('',#10936,(#10940,#10947),.PCURVE_S1.);
#10936 = LINE('',#10937,#10938);
#10937 = CARTESIAN_POINT('',(63.9625,6.375,1.595));
#10938 = VECTOR('',#10939,1.);
#10939 = DIRECTION('',(0.,1.,0.));
#10940 = PCURVE('',#10908,#10941);
#10941 = DEFINITIONAL_REPRESENTATION('',(#10942),#10946);
#10942 = LINE('',#10943,#10944);
#10943 = CARTESIAN_POINT('',(0.,0.));
#10944 = VECTOR('',#10945,1.);
#10945 = DIRECTION('',(0.,-1.));
#10946 = ( GEOMETRIC_REPRESENTATION_CONTEXT(2) 
PARAMETRIC_REPRESENTATION_CONTEXT() REPRESENTATION_CONTEXT('2D SPACE',''
  ) );
#10947 = PCURVE('',#10948,#10953);
#10948 = PLANE('',#10949);
#10949 = AXIS2_PLACEMENT_3D('',#10950,#10951,#10952);
#10950 = CARTESIAN_POINT('',(63.9625,6.375,1.595));
#10951 = DIRECTION('',(0.,0.,1.));
#10952 = DIRECTION('',(1.,0.,0.));
#10953 = DEFINITIONAL_REPRESENTATION('',(#10954),#10958);
#10954 = LINE('',#10955,#10956);
#10955 = CARTESIAN_POINT('',(0.,0.));
#10956 = VECTOR('',#10957,1.);
#10957 = DIRECTION('',(0.,1.));
#10958 = ( GEOMETRIC_REPRESENTATION_CONTEXT(2) 
PARAMETRIC_REPRESENTATION_CONTEXT() REPRESENTATION_CONTEXT('2D SPACE',''
  ) );
#10959 = ORIENTED_EDGE('',*,*,#10960,.T.);
#10960 = EDGE_CURVE('',#10933,#10961,#10963,.T.);
#10961 = VERTEX_POINT('',#10962);
#10962 = CARTESIAN_POINT('',(63.9625,7.625,2.845));
#10963 = SURFACE_CURVE('',#10964,(#10968,#10975),.PCURVE_S1.);
#10964 = LINE('',#10965,#10966);
#10965 = CARTESIAN_POINT('',(63.9625,7.625,1.595));
#10966 = VECTOR('',#10967,1.);
#10967 = DIRECTION('',(0.,0.,1.));
#10968 = PCURVE('',#10908,#10969);
#10969 = DEFINITIONAL_REPRESENTATION('',(#10970),#10974);
#10970 = LINE('',#10971,#10972);
#10971 = CARTESIAN_POINT('',(0.,-1.25));
#10972 = VECTOR('',#10973,1.);
#10973 = DIRECTION('',(1.,0.));
#10974 = ( GEOMETRIC_REPRESENTATION_CONTEXT(2) 
PARAMETRIC_REPRESENTATION_CONTEXT() REPRESENTATION_CONTEXT('2D SPACE',''
  ) );
#10975 = PCURVE('',#10976,#10981);
#10976 = PLANE('',#10977);
#10977 = AXIS2_PLACEMENT_3D('',#10978,#10979,#10980);
#10978 = CARTESIAN_POINT('',(63.9625,7.625,1.595));
#10979 = DIRECTION('',(0.,1.,0.));
#10980 = DIRECTION('',(0.,0.,1.));
#10981 = DEFINITIONAL_REPRESENTATION('',(#10982),#10986);
#10982 = LINE('',#10983,#10984);
#10983 = CARTESIAN_POINT('',(0.,0.));
#10984 = VECTOR('',#10985,1.);
#10985 = DIRECTION('',(1.,0.));
#10986 = ( GEOMETRIC_REPRESENTATION_CONTEXT(2) 
PARAMETRIC_REPRESENTATION_CONTEXT() REPRESENTATION_CONTEXT('2D SPACE',''
  ) );
#10987 = ORIENTED_EDGE('',*,*,#10988,.F.);
#10988 = EDGE_CURVE('',#10900,#10961,#10989,.T.);
#10989 = SURFACE_CURVE('',#10990,(#10994,#11001),.PCURVE_S1.);
#10990 = LINE('',#10991,#10992);
#10991 = CARTESIAN_POINT('',(63.9625,6.375,2.845));
#10992 = VECTOR('',#10993,1.);
#10993 = DIRECTION('',(0.,1.,0.));
#10994 = PCURVE('',#10908,#10995);
#10995 = DEFINITIONAL_REPRESENTATION('',(#10996),#11000);
#10996 = LINE('',#10997,#10998);
#10997 = CARTESIAN_POINT('',(1.25,0.));
#10998 = VECTOR('',#10999,1.);
#10999 = DIRECTION('',(0.,-1.));
#11000 = ( GEOMETRIC_REPRESENTATION_CONTEXT(2) 
PARAMETRIC_REPRESENTATION_CONTEXT() REPRESENTATION_CONTEXT('2D SPACE',''
  ) );
#11001 = PCURVE('',#11002,#11007);
#11002 = PLANE('',#11003);
#11003 = AXIS2_PLACEMENT_3D('',#11004,#11005,#11006);
#11004 = CARTESIAN_POINT('',(63.9625,6.375,2.845));
#11005 = DIRECTION('',(0.,0.,1.));
#11006 = DIRECTION('',(1.,0.,0.));
#11007 = DEFINITIONAL_REPRESENTATION('',(#11008),#11012);
#11008 = LINE('',#11009,#11010);
#11009 = CARTESIAN_POINT('',(0.,0.));
#11010 = VECTOR('',#11011,1.);
#11011 = DIRECTION('',(0.,1.));
#11012 = ( GEOMETRIC_REPRESENTATION_CONTEXT(2) 
PARAMETRIC_REPRESENTATION_CONTEXT() REPRESENTATION_CONTEXT('2D SPACE',''
  ) );
#11013 = ADVANCED_FACE('',(#11014),#11028,.T.);
#11014 = FACE_BOUND('',#11015,.T.);
#11015 = EDGE_LOOP('',(#11016,#11046,#11069,#11092));
#11016 = ORIENTED_EDGE('',*,*,#11017,.F.);
#11017 = EDGE_CURVE('',#11018,#11020,#11022,.T.);
#11018 = VERTEX_POINT('',#11019);
#11019 = CARTESIAN_POINT('',(65.9625,6.375,1.595));
#11020 = VERTEX_POINT('',#11021);
#11021 = CARTESIAN_POINT('',(65.9625,6.375,2.845));
#11022 = SURFACE_CURVE('',#11023,(#11027,#11039),.PCURVE_S1.);
#11023 = LINE('',#11024,#11025);
#11024 = CARTESIAN_POINT('',(65.9625,6.375,1.595));
#11025 = VECTOR('',#11026,1.);
#11026 = DIRECTION('',(0.,0.,1.));
#11027 = PCURVE('',#11028,#11033);
#11028 = PLANE('',#11029);
#11029 = AXIS2_PLACEMENT_3D('',#11030,#11031,#11032);
#11030 = CARTESIAN_POINT('',(65.9625,6.375,1.595));
#11031 = DIRECTION('',(1.,0.,0.));
#11032 = DIRECTION('',(0.,0.,1.));
#11033 = DEFINITIONAL_REPRESENTATION('',(#11034),#11038);
#11034 = LINE('',#11035,#11036);
#11035 = CARTESIAN_POINT('',(0.,0.));
#11036 = VECTOR('',#11037,1.);
#11037 = DIRECTION('',(1.,0.));
#11038 = ( GEOMETRIC_REPRESENTATION_CONTEXT(2) 
PARAMETRIC_REPRESENTATION_CONTEXT() REPRESENTATION_CONTEXT('2D SPACE',''
  ) );
#11039 = PCURVE('',#10920,#11040);
#11040 = DEFINITIONAL_REPRESENTATION('',(#11041),#11045);
#11041 = LINE('',#11042,#11043);
#11042 = CARTESIAN_POINT('',(0.,2.));
#11043 = VECTOR('',#11044,1.);
#11044 = DIRECTION('',(1.,0.));
#11045 = ( GEOMETRIC_REPRESENTATION_CONTEXT(2) 
PARAMETRIC_REPRESENTATION_CONTEXT() REPRESENTATION_CONTEXT('2D SPACE',''
  ) );
#11046 = ORIENTED_EDGE('',*,*,#11047,.T.);
#11047 = EDGE_CURVE('',#11018,#11048,#11050,.T.);
#11048 = VERTEX_POINT('',#11049);
#11049 = CARTESIAN_POINT('',(65.9625,7.625,1.595));
#11050 = SURFACE_CURVE('',#11051,(#11055,#11062),.PCURVE_S1.);
#11051 = LINE('',#11052,#11053);
#11052 = CARTESIAN_POINT('',(65.9625,6.375,1.595));
#11053 = VECTOR('',#11054,1.);
#11054 = DIRECTION('',(0.,1.,0.));
#11055 = PCURVE('',#11028,#11056);
#11056 = DEFINITIONAL_REPRESENTATION('',(#11057),#11061);
#11057 = LINE('',#11058,#11059);
#11058 = CARTESIAN_POINT('',(0.,0.));
#11059 = VECTOR('',#11060,1.);
#11060 = DIRECTION('',(0.,-1.));
#11061 = ( GEOMETRIC_REPRESENTATION_CONTEXT(2) 
PARAMETRIC_REPRESENTATION_CONTEXT() REPRESENTATION_CONTEXT('2D SPACE',''
  ) );
#11062 = PCURVE('',#10948,#11063);
#11063 = DEFINITIONAL_REPRESENTATION('',(#11064),#11068);
#11064 = LINE('',#11065,#11066);
#11065 = CARTESIAN_POINT('',(2.,0.));
#11066 = VECTOR('',#11067,1.);
#11067 = DIRECTION('',(0.,1.));
#11068 = ( GEOMETRIC_REPRESENTATION_CONTEXT(2) 
PARAMETRIC_REPRESENTATION_CONTEXT() REPRESENTATION_CONTEXT('2D SPACE',''
  ) );
#11069 = ORIENTED_EDGE('',*,*,#11070,.T.);
#11070 = EDGE_CURVE('',#11048,#11071,#11073,.T.);
#11071 = VERTEX_POINT('',#11072);
#11072 = CARTESIAN_POINT('',(65.9625,7.625,2.845));
#11073 = SURFACE_CURVE('',#11074,(#11078,#11085),.PCURVE_S1.);
#11074 = LINE('',#11075,#11076);
#11075 = CARTESIAN_POINT('',(65.9625,7.625,1.595));
#11076 = VECTOR('',#11077,1.);
#11077 = DIRECTION('',(0.,0.,1.));
#11078 = PCURVE('',#11028,#11079);
#11079 = DEFINITIONAL_REPRESENTATION('',(#11080),#11084);
#11080 = LINE('',#11081,#11082);
#11081 = CARTESIAN_POINT('',(0.,-1.25));
#11082 = VECTOR('',#11083,1.);
#11083 = DIRECTION('',(1.,0.));
#11084 = ( GEOMETRIC_REPRESENTATION_CONTEXT(2) 
PARAMETRIC_REPRESENTATION_CONTEXT() REPRESENTATION_CONTEXT('2D SPACE',''
  ) );
#11085 = PCURVE('',#10976,#11086);
#11086 = DEFINITIONAL_REPRESENTATION('',(#11087),#11091);
#11087 = LINE('',#11088,#11089);
#11088 = CARTESIAN_POINT('',(0.,2.));
#11089 = VECTOR('',#11090,1.);
#11090 = DIRECTION('',(1.,0.));
#11091 = ( GEOMETRIC_REPRESENTATION_CONTEXT(2) 
PARAMETRIC_REPRESENTATION_CONTEXT() REPRESENTATION_CONTEXT('2D SPACE',''
  ) );
#11092 = ORIENTED_EDGE('',*,*,#11093,.F.);
#11093 = EDGE_CURVE('',#11020,#11071,#11094,.T.);
#11094 = SURFACE_CURVE('',#11095,(#11099,#11106),.PCURVE_S1.);
#11095 = LINE('',#11096,#11097);
#11096 = CARTESIAN_POINT('',(65.9625,6.375,2.845));
#11097 = VECTOR('',#11098,1.);
#11098 = DIRECTION('',(0.,1.,0.));
#11099 = PCURVE('',#11028,#11100);
#11100 = DEFINITIONAL_REPRESENTATION('',(#11101),#11105);
#11101 = LINE('',#11102,#11103);
#11102 = CARTESIAN_POINT('',(1.25,0.));
#11103 = VECTOR('',#11104,1.);
#11104 = DIRECTION('',(0.,-1.));
#11105 = ( GEOMETRIC_REPRESENTATION_CONTEXT(2) 
PARAMETRIC_REPRESENTATION_CONTEXT() REPRESENTATION_CONTEXT('2D SPACE',''
  ) );
#11106 = PCURVE('',#11002,#11107);
#11107 = DEFINITIONAL_REPRESENTATION('',(#11108),#11112);
#11108 = LINE('',#11109,#11110);
#11109 = CARTESIAN_POINT('',(2.,0.));
#11110 = VECTOR('',#11111,1.);
#11111 = DIRECTION('',(0.,1.));
#11112 = ( GEOMETRIC_REPRESENTATION_CONTEXT(2) 
PARAMETRIC_REPRESENTATION_CONTEXT() REPRESENTATION_CONTEXT('2D SPACE',''
  ) );
#11113 = ADVANCED_FACE('',(#11114),#10920,.F.);
#11114 = FACE_BOUND('',#11115,.F.);
#11115 = EDGE_LOOP('',(#11116,#11137,#11138,#11159));
#11116 = ORIENTED_EDGE('',*,*,#11117,.F.);
#11117 = EDGE_CURVE('',#10898,#11018,#11118,.T.);
#11118 = SURFACE_CURVE('',#11119,(#11123,#11130),.PCURVE_S1.);
#11119 = LINE('',#11120,#11121);
#11120 = CARTESIAN_POINT('',(63.9625,6.375,1.595));
#11121 = VECTOR('',#11122,1.);
#11122 = DIRECTION('',(1.,0.,0.));
#11123 = PCURVE('',#10920,#11124);
#11124 = DEFINITIONAL_REPRESENTATION('',(#11125),#11129);
#11125 = LINE('',#11126,#11127);
#11126 = CARTESIAN_POINT('',(0.,0.));
#11127 = VECTOR('',#11128,1.);
#11128 = DIRECTION('',(0.,1.));
#11129 = ( GEOMETRIC_REPRESENTATION_CONTEXT(2) 
PARAMETRIC_REPRESENTATION_CONTEXT() REPRESENTATION_CONTEXT('2D SPACE',''
  ) );
#11130 = PCURVE('',#10948,#11131);
#11131 = DEFINITIONAL_REPRESENTATION('',(#11132),#11136);
#11132 = LINE('',#11133,#11134);
#11133 = CARTESIAN_POINT('',(0.,0.));
#11134 = VECTOR('',#11135,1.);
#11135 = DIRECTION('',(1.,0.));
#11136 = ( GEOMETRIC_REPRESENTATION_CONTEXT(2) 
PARAMETRIC_REPRESENTATION_CONTEXT() REPRESENTATION_CONTEXT('2D SPACE',''
  ) );
#11137 = ORIENTED_EDGE('',*,*,#10897,.T.);
#11138 = ORIENTED_EDGE('',*,*,#11139,.T.);
#11139 = EDGE_CURVE('',#10900,#11020,#11140,.T.);
#11140 = SURFACE_CURVE('',#11141,(#11145,#11152),.PCURVE_S1.);
#11141 = LINE('',#11142,#11143);
#11142 = CARTESIAN_POINT('',(63.9625,6.375,2.845));
#11143 = VECTOR('',#11144,1.);
#11144 = DIRECTION('',(1.,0.,0.));
#11145 = PCURVE('',#10920,#11146);
#11146 = DEFINITIONAL_REPRESENTATION('',(#11147),#11151);
#11147 = LINE('',#11148,#11149);
#11148 = CARTESIAN_POINT('',(1.25,0.));
#11149 = VECTOR('',#11150,1.);
#11150 = DIRECTION('',(0.,1.));
#11151 = ( GEOMETRIC_REPRESENTATION_CONTEXT(2) 
PARAMETRIC_REPRESENTATION_CONTEXT() REPRESENTATION_CONTEXT('2D SPACE',''
  ) );
#11152 = PCURVE('',#11002,#11153);
#11153 = DEFINITIONAL_REPRESENTATION('',(#11154),#11158);
#11154 = LINE('',#11155,#11156);
#11155 = CARTESIAN_POINT('',(0.,0.));
#11156 = VECTOR('',#11157,1.);
#11157 = DIRECTION('',(1.,0.));
#11158 = ( GEOMETRIC_REPRESENTATION_CONTEXT(2) 
PARAMETRIC_REPRESENTATION_CONTEXT() REPRESENTATION_CONTEXT('2D SPACE',''
  ) );
#11159 = ORIENTED_EDGE('',*,*,#11017,.F.);
#11160 = ADVANCED_FACE('',(#11161),#10976,.T.);
#11161 = FACE_BOUND('',#11162,.T.);
#11162 = EDGE_LOOP('',(#11163,#11184,#11185,#11206));
#11163 = ORIENTED_EDGE('',*,*,#11164,.F.);
#11164 = EDGE_CURVE('',#10933,#11048,#11165,.T.);
#11165 = SURFACE_CURVE('',#11166,(#11170,#11177),.PCURVE_S1.);
#11166 = LINE('',#11167,#11168);
#11167 = CARTESIAN_POINT('',(63.9625,7.625,1.595));
#11168 = VECTOR('',#11169,1.);
#11169 = DIRECTION('',(1.,0.,0.));
#11170 = PCURVE('',#10976,#11171);
#11171 = DEFINITIONAL_REPRESENTATION('',(#11172),#11176);
#11172 = LINE('',#11173,#11174);
#11173 = CARTESIAN_POINT('',(0.,0.));
#11174 = VECTOR('',#11175,1.);
#11175 = DIRECTION('',(0.,1.));
#11176 = ( GEOMETRIC_REPRESENTATION_CONTEXT(2) 
PARAMETRIC_REPRESENTATION_CONTEXT() REPRESENTATION_CONTEXT('2D SPACE',''
  ) );
#11177 = PCURVE('',#10948,#11178);
#11178 = DEFINITIONAL_REPRESENTATION('',(#11179),#11183);
#11179 = LINE('',#11180,#11181);
#11180 = CARTESIAN_POINT('',(0.,1.25));
#11181 = VECTOR('',#11182,1.);
#11182 = DIRECTION('',(1.,0.));
#11183 = ( GEOMETRIC_REPRESENTATION_CONTEXT(2) 
PARAMETRIC_REPRESENTATION_CONTEXT() REPRESENTATION_CONTEXT('2D SPACE',''
  ) );
#11184 = ORIENTED_EDGE('',*,*,#10960,.T.);
#11185 = ORIENTED_EDGE('',*,*,#11186,.T.);
#11186 = EDGE_CURVE('',#10961,#11071,#11187,.T.);
#11187 = SURFACE_CURVE('',#11188,(#11192,#11199),.PCURVE_S1.);
#11188 = LINE('',#11189,#11190);
#11189 = CARTESIAN_POINT('',(63.9625,7.625,2.845));
#11190 = VECTOR('',#11191,1.);
#11191 = DIRECTION('',(1.,0.,0.));
#11192 = PCURVE('',#10976,#11193);
#11193 = DEFINITIONAL_REPRESENTATION('',(#11194),#11198);
#11194 = LINE('',#11195,#11196);
#11195 = CARTESIAN_POINT('',(1.25,0.));
#11196 = VECTOR('',#11197,1.);
#11197 = DIRECTION('',(0.,1.));
#11198 = ( GEOMETRIC_REPRESENTATION_CONTEXT(2) 
PARAMETRIC_REPRESENTATION_CONTEXT() REPRESENTATION_CONTEXT('2D SPACE',''
  ) );
#11199 = PCURVE('',#11002,#11200);
#11200 = DEFINITIONAL_REPRESENTATION('',(#11201),#11205);
#11201 = LINE('',#11202,#11203);
#11202 = CARTESIAN_POINT('',(0.,1.25));
#11203 = VECTOR('',#11204,1.);
#11204 = DIRECTION('',(1.,0.));
#11205 = ( GEOMETRIC_REPRESENTATION_CONTEXT(2) 
PARAMETRIC_REPRESENTATION_CONTEXT() REPRESENTATION_CONTEXT('2D SPACE',''
  ) );
#11206 = ORIENTED_EDGE('',*,*,#11070,.F.);
#11207 = ADVANCED_FACE('',(#11208),#10948,.F.);
#11208 = FACE_BOUND('',#11209,.F.);
#11209 = EDGE_LOOP('',(#11210,#11211,#11212,#11213));
#11210 = ORIENTED_EDGE('',*,*,#10932,.F.);
#11211 = ORIENTED_EDGE('',*,*,#11117,.T.);
#11212 = ORIENTED_EDGE('',*,*,#11047,.T.);
#11213 = ORIENTED_EDGE('',*,*,#11164,.F.);
#11214 = ADVANCED_FACE('',(#11215),#11002,.T.);
#11215 = FACE_BOUND('',#11216,.T.);
#11216 = EDGE_LOOP('',(#11217,#11218,#11219,#11220));
#11217 = ORIENTED_EDGE('',*,*,#10988,.F.);
#11218 = ORIENTED_EDGE('',*,*,#11139,.T.);
#11219 = ORIENTED_EDGE('',*,*,#11093,.T.);
#11220 = ORIENTED_EDGE('',*,*,#11186,.F.);
#11221 = ( GEOMETRIC_REPRESENTATION_CONTEXT(3) 
GLOBAL_UNCERTAINTY_ASSIGNED_CONTEXT((#11225)) 
GLOBAL_UNIT_ASSIGNED_CONTEXT((#11222,#11223,#11224)) 
REPRESENTATION_CONTEXT('Context #1',
  '3D Context with UNIT and UNCERTAINTY') );
#11222 = ( LENGTH_UNIT() NAMED_UNIT(*) SI_UNIT(.MILLI.,.METRE.) );
#11223 = ( NAMED_UNIT(*) PLANE_ANGLE_UNIT() SI_UNIT($,.RADIAN.) );
#11224 = ( NAMED_UNIT(*) SI_UNIT($,.STERADIAN.) SOLID_ANGLE_UNIT() );
#11225 = UNCERTAINTY_MEASURE_WITH_UNIT(LENGTH_MEASURE(1.E-07),#11222,
  'distance_accuracy_value','confusion accuracy');
#11226 = CONTEXT_DEPENDENT_SHAPE_REPRESENTATION(#11227,#11229);
#11227 = ( REPRESENTATION_RELATIONSHIP('','',#10890,#10) 
REPRESENTATION_RELATIONSHIP_WITH_TRANSFORMATION(#11228) 
SHAPE_REPRESENTATION_RELATIONSHIP() );
#11228 = ITEM_DEFINED_TRANSFORMATION('','',#11,#39);
#11229 = PRODUCT_DEFINITION_SHAPE('Placement','Placement of an item',
  #11230);
#11230 = NEXT_ASSEMBLY_USAGE_OCCURRENCE('15','Component envelope 6','',
  #5,#10885,$);
#11231 = PRODUCT_RELATED_PRODUCT_CATEGORY('part',$,(#10887));
#11232 = SHAPE_DEFINITION_REPRESENTATION(#11233,#11239);
#11233 = PRODUCT_DEFINITION_SHAPE('','',#11234);
#11234 = PRODUCT_DEFINITION('design','',#11235,#11238);
#11235 = PRODUCT_DEFINITION_FORMATION('','',#11236);
#11236 = PRODUCT('Component envelope 7','Component envelope 7','',(
    #11237));
#11237 = PRODUCT_CONTEXT('',#2,'mechanical');
#11238 = PRODUCT_DEFINITION_CONTEXT('part definition',#2,'design');
#11239 = ADVANCED_BREP_SHAPE_REPRESENTATION('',(#11,#11240),#11570);
#11240 = MANIFOLD_SOLID_BREP('',#11241);
#11241 = CLOSED_SHELL('',(#11242,#11362,#11462,#11509,#11556,#11563));
#11242 = ADVANCED_FACE('',(#11243),#11257,.F.);
#11243 = FACE_BOUND('',#11244,.F.);
#11244 = EDGE_LOOP('',(#11245,#11280,#11308,#11336));
#11245 = ORIENTED_EDGE('',*,*,#11246,.F.);
#11246 = EDGE_CURVE('',#11247,#11249,#11251,.T.);
#11247 = VERTEX_POINT('',#11248);
#11248 = CARTESIAN_POINT('',(53.75,9.65,1.595));
#11249 = VERTEX_POINT('',#11250);
#11250 = CARTESIAN_POINT('',(53.75,9.65,2.045));
#11251 = SURFACE_CURVE('',#11252,(#11256,#11268),.PCURVE_S1.);
#11252 = LINE('',#11253,#11254);
#11253 = CARTESIAN_POINT('',(53.75,9.65,1.595));
#11254 = VECTOR('',#11255,1.);
#11255 = DIRECTION('',(0.,0.,1.));
#11256 = PCURVE('',#11257,#11262);
#11257 = PLANE('',#11258);
#11258 = AXIS2_PLACEMENT_3D('',#11259,#11260,#11261);
#11259 = CARTESIAN_POINT('',(53.75,9.65,1.595));
#11260 = DIRECTION('',(1.,0.,0.));
#11261 = DIRECTION('',(0.,0.,1.));
#11262 = DEFINITIONAL_REPRESENTATION('',(#11263),#11267);
#11263 = LINE('',#11264,#11265);
#11264 = CARTESIAN_POINT('',(0.,0.));
#11265 = VECTOR('',#11266,1.);
#11266 = DIRECTION('',(1.,0.));
#11267 = ( GEOMETRIC_REPRESENTATION_CONTEXT(2) 
PARAMETRIC_REPRESENTATION_CONTEXT() REPRESENTATION_CONTEXT('2D SPACE',''
  ) );
#11268 = PCURVE('',#11269,#11274);
#11269 = PLANE('',#11270);
#11270 = AXIS2_PLACEMENT_3D('',#11271,#11272,#11273);
#11271 = CARTESIAN_POINT('',(53.75,9.65,1.595));
#11272 = DIRECTION('',(0.,1.,0.));
#11273 = DIRECTION('',(0.,0.,1.));
#11274 = DEFINITIONAL_REPRESENTATION('',(#11275),#11279);
#11275 = LINE('',#11276,#11277);
#11276 = CARTESIAN_POINT('',(0.,0.));
#11277 = VECTOR('',#11278,1.);
#11278 = DIRECTION('',(1.,0.));
#11279 = ( GEOMETRIC_REPRESENTATION_CONTEXT(2) 
PARAMETRIC_REPRESENTATION_CONTEXT() REPRESENTATION_CONTEXT('2D SPACE',''
  ) );
#11280 = ORIENTED_EDGE('',*,*,#11281,.T.);
#11281 = EDGE_CURVE('',#11247,#11282,#11284,.T.);
#11282 = VERTEX_POINT('',#11283);
#11283 = CARTESIAN_POINT('',(53.75,10.85,1.595));
#11284 = SURFACE_CURVE('',#11285,(#11289,#11296),.PCURVE_S1.);
#11285 = LINE('',#11286,#11287);
#11286 = CARTESIAN_POINT('',(53.75,9.65,1.595));
#11287 = VECTOR('',#11288,1.);
#11288 = DIRECTION('',(0.,1.,0.));
#11289 = PCURVE('',#11257,#11290);
#11290 = DEFINITIONAL_REPRESENTATION('',(#11291),#11295);
#11291 = LINE('',#11292,#11293);
#11292 = CARTESIAN_POINT('',(0.,0.));
#11293 = VECTOR('',#11294,1.);
#11294 = DIRECTION('',(0.,-1.));
#11295 = ( GEOMETRIC_REPRESENTATION_CONTEXT(2) 
PARAMETRIC_REPRESENTATION_CONTEXT() REPRESENTATION_CONTEXT('2D SPACE',''
  ) );
#11296 = PCURVE('',#11297,#11302);
#11297 = PLANE('',#11298);
#11298 = AXIS2_PLACEMENT_3D('',#11299,#11300,#11301);
#11299 = CARTESIAN_POINT('',(53.75,9.65,1.595));
#11300 = DIRECTION('',(0.,0.,1.));
#11301 = DIRECTION('',(1.,0.,0.));
#11302 = DEFINITIONAL_REPRESENTATION('',(#11303),#11307);
#11303 = LINE('',#11304,#11305);
#11304 = CARTESIAN_POINT('',(0.,0.));
#11305 = VECTOR('',#11306,1.);
#11306 = DIRECTION('',(0.,1.));
#11307 = ( GEOMETRIC_REPRESENTATION_CONTEXT(2) 
PARAMETRIC_REPRESENTATION_CONTEXT() REPRESENTATION_CONTEXT('2D SPACE',''
  ) );
#11308 = ORIENTED_EDGE('',*,*,#11309,.T.);
#11309 = EDGE_CURVE('',#11282,#11310,#11312,.T.);
#11310 = VERTEX_POINT('',#11311);
#11311 = CARTESIAN_POINT('',(53.75,10.85,2.045));
#11312 = SURFACE_CURVE('',#11313,(#11317,#11324),.PCURVE_S1.);
#11313 = LINE('',#11314,#11315);
#11314 = CARTESIAN_POINT('',(53.75,10.85,1.595));
#11315 = VECTOR('',#11316,1.);
#11316 = DIRECTION('',(0.,0.,1.));
#11317 = PCURVE('',#11257,#11318);
#11318 = DEFINITIONAL_REPRESENTATION('',(#11319),#11323);
#11319 = LINE('',#11320,#11321);
#11320 = CARTESIAN_POINT('',(0.,-1.2));
#11321 = VECTOR('',#11322,1.);
#11322 = DIRECTION('',(1.,0.));
#11323 = ( GEOMETRIC_REPRESENTATION_CONTEXT(2) 
PARAMETRIC_REPRESENTATION_CONTEXT() REPRESENTATION_CONTEXT('2D SPACE',''
  ) );
#11324 = PCURVE('',#11325,#11330);
#11325 = PLANE('',#11326);
#11326 = AXIS2_PLACEMENT_3D('',#11327,#11328,#11329);
#11327 = CARTESIAN_POINT('',(53.75,10.85,1.595));
#11328 = DIRECTION('',(0.,1.,0.));
#11329 = DIRECTION('',(0.,0.,1.));
#11330 = DEFINITIONAL_REPRESENTATION('',(#11331),#11335);
#11331 = LINE('',#11332,#11333);
#11332 = CARTESIAN_POINT('',(0.,0.));
#11333 = VECTOR('',#11334,1.);
#11334 = DIRECTION('',(1.,0.));
#11335 = ( GEOMETRIC_REPRESENTATION_CONTEXT(2) 
PARAMETRIC_REPRESENTATION_CONTEXT() REPRESENTATION_CONTEXT('2D SPACE',''
  ) );
#11336 = ORIENTED_EDGE('',*,*,#11337,.F.);
#11337 = EDGE_CURVE('',#11249,#11310,#11338,.T.);
#11338 = SURFACE_CURVE('',#11339,(#11343,#11350),.PCURVE_S1.);
#11339 = LINE('',#11340,#11341);
#11340 = CARTESIAN_POINT('',(53.75,9.65,2.045));
#11341 = VECTOR('',#11342,1.);
#11342 = DIRECTION('',(0.,1.,0.));
#11343 = PCURVE('',#11257,#11344);
#11344 = DEFINITIONAL_REPRESENTATION('',(#11345),#11349);
#11345 = LINE('',#11346,#11347);
#11346 = CARTESIAN_POINT('',(0.45,0.));
#11347 = VECTOR('',#11348,1.);
#11348 = DIRECTION('',(0.,-1.));
#11349 = ( GEOMETRIC_REPRESENTATION_CONTEXT(2) 
PARAMETRIC_REPRESENTATION_CONTEXT() REPRESENTATION_CONTEXT('2D SPACE',''
  ) );
#11350 = PCURVE('',#11351,#11356);
#11351 = PLANE('',#11352);
#11352 = AXIS2_PLACEMENT_3D('',#11353,#11354,#11355);
#11353 = CARTESIAN_POINT('',(53.75,9.65,2.045));
#11354 = DIRECTION('',(0.,0.,1.));
#11355 = DIRECTION('',(1.,0.,0.));
#11356 = DEFINITIONAL_REPRESENTATION('',(#11357),#11361);
#11357 = LINE('',#11358,#11359);
#11358 = CARTESIAN_POINT('',(0.,0.));
#11359 = VECTOR('',#11360,1.);
#11360 = DIRECTION('',(0.,1.));
#11361 = ( GEOMETRIC_REPRESENTATION_CONTEXT(2) 
PARAMETRIC_REPRESENTATION_CONTEXT() REPRESENTATION_CONTEXT('2D SPACE',''
  ) );
#11362 = ADVANCED_FACE('',(#11363),#11377,.T.);
#11363 = FACE_BOUND('',#11364,.T.);
#11364 = EDGE_LOOP('',(#11365,#11395,#11418,#11441));
#11365 = ORIENTED_EDGE('',*,*,#11366,.F.);
#11366 = EDGE_CURVE('',#11367,#11369,#11371,.T.);
#11367 = VERTEX_POINT('',#11368);
#11368 = CARTESIAN_POINT('',(55.75,9.65,1.595));
#11369 = VERTEX_POINT('',#11370);
#11370 = CARTESIAN_POINT('',(55.75,9.65,2.045));
#11371 = SURFACE_CURVE('',#11372,(#11376,#11388),.PCURVE_S1.);
#11372 = LINE('',#11373,#11374);
#11373 = CARTESIAN_POINT('',(55.75,9.65,1.595));
#11374 = VECTOR('',#11375,1.);
#11375 = DIRECTION('',(0.,0.,1.));
#11376 = PCURVE('',#11377,#11382);
#11377 = PLANE('',#11378);
#11378 = AXIS2_PLACEMENT_3D('',#11379,#11380,#11381);
#11379 = CARTESIAN_POINT('',(55.75,9.65,1.595));
#11380 = DIRECTION('',(1.,0.,0.));
#11381 = DIRECTION('',(0.,0.,1.));
#11382 = DEFINITIONAL_REPRESENTATION('',(#11383),#11387);
#11383 = LINE('',#11384,#11385);
#11384 = CARTESIAN_POINT('',(0.,0.));
#11385 = VECTOR('',#11386,1.);
#11386 = DIRECTION('',(1.,0.));
#11387 = ( GEOMETRIC_REPRESENTATION_CONTEXT(2) 
PARAMETRIC_REPRESENTATION_CONTEXT() REPRESENTATION_CONTEXT('2D SPACE',''
  ) );
#11388 = PCURVE('',#11269,#11389);
#11389 = DEFINITIONAL_REPRESENTATION('',(#11390),#11394);
#11390 = LINE('',#11391,#11392);
#11391 = CARTESIAN_POINT('',(0.,2.));
#11392 = VECTOR('',#11393,1.);
#11393 = DIRECTION('',(1.,0.));
#11394 = ( GEOMETRIC_REPRESENTATION_CONTEXT(2) 
PARAMETRIC_REPRESENTATION_CONTEXT() REPRESENTATION_CONTEXT('2D SPACE',''
  ) );
#11395 = ORIENTED_EDGE('',*,*,#11396,.T.);
#11396 = EDGE_CURVE('',#11367,#11397,#11399,.T.);
#11397 = VERTEX_POINT('',#11398);
#11398 = CARTESIAN_POINT('',(55.75,10.85,1.595));
#11399 = SURFACE_CURVE('',#11400,(#11404,#11411),.PCURVE_S1.);
#11400 = LINE('',#11401,#11402);
#11401 = CARTESIAN_POINT('',(55.75,9.65,1.595));
#11402 = VECTOR('',#11403,1.);
#11403 = DIRECTION('',(0.,1.,0.));
#11404 = PCURVE('',#11377,#11405);
#11405 = DEFINITIONAL_REPRESENTATION('',(#11406),#11410);
#11406 = LINE('',#11407,#11408);
#11407 = CARTESIAN_POINT('',(0.,0.));
#11408 = VECTOR('',#11409,1.);
#11409 = DIRECTION('',(0.,-1.));
#11410 = ( GEOMETRIC_REPRESENTATION_CONTEXT(2) 
PARAMETRIC_REPRESENTATION_CONTEXT() REPRESENTATION_CONTEXT('2D SPACE',''
  ) );
#11411 = PCURVE('',#11297,#11412);
#11412 = DEFINITIONAL_REPRESENTATION('',(#11413),#11417);
#11413 = LINE('',#11414,#11415);
#11414 = CARTESIAN_POINT('',(2.,0.));
#11415 = VECTOR('',#11416,1.);
#11416 = DIRECTION('',(0.,1.));
#11417 = ( GEOMETRIC_REPRESENTATION_CONTEXT(2) 
PARAMETRIC_REPRESENTATION_CONTEXT() REPRESENTATION_CONTEXT('2D SPACE',''
  ) );
#11418 = ORIENTED_EDGE('',*,*,#11419,.T.);
#11419 = EDGE_CURVE('',#11397,#11420,#11422,.T.);
#11420 = VERTEX_POINT('',#11421);
#11421 = CARTESIAN_POINT('',(55.75,10.85,2.045));
#11422 = SURFACE_CURVE('',#11423,(#11427,#11434),.PCURVE_S1.);
#11423 = LINE('',#11424,#11425);
#11424 = CARTESIAN_POINT('',(55.75,10.85,1.595));
#11425 = VECTOR('',#11426,1.);
#11426 = DIRECTION('',(0.,0.,1.));
#11427 = PCURVE('',#11377,#11428);
#11428 = DEFINITIONAL_REPRESENTATION('',(#11429),#11433);
#11429 = LINE('',#11430,#11431);
#11430 = CARTESIAN_POINT('',(0.,-1.2));
#11431 = VECTOR('',#11432,1.);
#11432 = DIRECTION('',(1.,0.));
#11433 = ( GEOMETRIC_REPRESENTATION_CONTEXT(2) 
PARAMETRIC_REPRESENTATION_CONTEXT() REPRESENTATION_CONTEXT('2D SPACE',''
  ) );
#11434 = PCURVE('',#11325,#11435);
#11435 = DEFINITIONAL_REPRESENTATION('',(#11436),#11440);
#11436 = LINE('',#11437,#11438);
#11437 = CARTESIAN_POINT('',(0.,2.));
#11438 = VECTOR('',#11439,1.);
#11439 = DIRECTION('',(1.,0.));
#11440 = ( GEOMETRIC_REPRESENTATION_CONTEXT(2) 
PARAMETRIC_REPRESENTATION_CONTEXT() REPRESENTATION_CONTEXT('2D SPACE',''
  ) );
#11441 = ORIENTED_EDGE('',*,*,#11442,.F.);
#11442 = EDGE_CURVE('',#11369,#11420,#11443,.T.);
#11443 = SURFACE_CURVE('',#11444,(#11448,#11455),.PCURVE_S1.);
#11444 = LINE('',#11445,#11446);
#11445 = CARTESIAN_POINT('',(55.75,9.65,2.045));
#11446 = VECTOR('',#11447,1.);
#11447 = DIRECTION('',(0.,1.,0.));
#11448 = PCURVE('',#11377,#11449);
#11449 = DEFINITIONAL_REPRESENTATION('',(#11450),#11454);
#11450 = LINE('',#11451,#11452);
#11451 = CARTESIAN_POINT('',(0.45,0.));
#11452 = VECTOR('',#11453,1.);
#11453 = DIRECTION('',(0.,-1.));
#11454 = ( GEOMETRIC_REPRESENTATION_CONTEXT(2) 
PARAMETRIC_REPRESENTATION_CONTEXT() REPRESENTATION_CONTEXT('2D SPACE',''
  ) );
#11455 = PCURVE('',#11351,#11456);
#11456 = DEFINITIONAL_REPRESENTATION('',(#11457),#11461);
#11457 = LINE('',#11458,#11459);
#11458 = CARTESIAN_POINT('',(2.,0.));
#11459 = VECTOR('',#11460,1.);
#11460 = DIRECTION('',(0.,1.));
#11461 = ( GEOMETRIC_REPRESENTATION_CONTEXT(2) 
PARAMETRIC_REPRESENTATION_CONTEXT() REPRESENTATION_CONTEXT('2D SPACE',''
  ) );
#11462 = ADVANCED_FACE('',(#11463),#11269,.F.);
#11463 = FACE_BOUND('',#11464,.F.);
#11464 = EDGE_LOOP('',(#11465,#11486,#11487,#11508));
#11465 = ORIENTED_EDGE('',*,*,#11466,.F.);
#11466 = EDGE_CURVE('',#11247,#11367,#11467,.T.);
#11467 = SURFACE_CURVE('',#11468,(#11472,#11479),.PCURVE_S1.);
#11468 = LINE('',#11469,#11470);
#11469 = CARTESIAN_POINT('',(53.75,9.65,1.595));
#11470 = VECTOR('',#11471,1.);
#11471 = DIRECTION('',(1.,0.,0.));
#11472 = PCURVE('',#11269,#11473);
#11473 = DEFINITIONAL_REPRESENTATION('',(#11474),#11478);
#11474 = LINE('',#11475,#11476);
#11475 = CARTESIAN_POINT('',(0.,0.));
#11476 = VECTOR('',#11477,1.);
#11477 = DIRECTION('',(0.,1.));
#11478 = ( GEOMETRIC_REPRESENTATION_CONTEXT(2) 
PARAMETRIC_REPRESENTATION_CONTEXT() REPRESENTATION_CONTEXT('2D SPACE',''
  ) );
#11479 = PCURVE('',#11297,#11480);
#11480 = DEFINITIONAL_REPRESENTATION('',(#11481),#11485);
#11481 = LINE('',#11482,#11483);
#11482 = CARTESIAN_POINT('',(0.,0.));
#11483 = VECTOR('',#11484,1.);
#11484 = DIRECTION('',(1.,0.));
#11485 = ( GEOMETRIC_REPRESENTATION_CONTEXT(2) 
PARAMETRIC_REPRESENTATION_CONTEXT() REPRESENTATION_CONTEXT('2D SPACE',''
  ) );
#11486 = ORIENTED_EDGE('',*,*,#11246,.T.);
#11487 = ORIENTED_EDGE('',*,*,#11488,.T.);
#11488 = EDGE_CURVE('',#11249,#11369,#11489,.T.);
#11489 = SURFACE_CURVE('',#11490,(#11494,#11501),.PCURVE_S1.);
#11490 = LINE('',#11491,#11492);
#11491 = CARTESIAN_POINT('',(53.75,9.65,2.045));
#11492 = VECTOR('',#11493,1.);
#11493 = DIRECTION('',(1.,0.,0.));
#11494 = PCURVE('',#11269,#11495);
#11495 = DEFINITIONAL_REPRESENTATION('',(#11496),#11500);
#11496 = LINE('',#11497,#11498);
#11497 = CARTESIAN_POINT('',(0.45,0.));
#11498 = VECTOR('',#11499,1.);
#11499 = DIRECTION('',(0.,1.));
#11500 = ( GEOMETRIC_REPRESENTATION_CONTEXT(2) 
PARAMETRIC_REPRESENTATION_CONTEXT() REPRESENTATION_CONTEXT('2D SPACE',''
  ) );
#11501 = PCURVE('',#11351,#11502);
#11502 = DEFINITIONAL_REPRESENTATION('',(#11503),#11507);
#11503 = LINE('',#11504,#11505);
#11504 = CARTESIAN_POINT('',(0.,0.));
#11505 = VECTOR('',#11506,1.);
#11506 = DIRECTION('',(1.,0.));
#11507 = ( GEOMETRIC_REPRESENTATION_CONTEXT(2) 
PARAMETRIC_REPRESENTATION_CONTEXT() REPRESENTATION_CONTEXT('2D SPACE',''
  ) );
#11508 = ORIENTED_EDGE('',*,*,#11366,.F.);
#11509 = ADVANCED_FACE('',(#11510),#11325,.T.);
#11510 = FACE_BOUND('',#11511,.T.);
#11511 = EDGE_LOOP('',(#11512,#11533,#11534,#11555));
#11512 = ORIENTED_EDGE('',*,*,#11513,.F.);
#11513 = EDGE_CURVE('',#11282,#11397,#11514,.T.);
#11514 = SURFACE_CURVE('',#11515,(#11519,#11526),.PCURVE_S1.);
#11515 = LINE('',#11516,#11517);
#11516 = CARTESIAN_POINT('',(53.75,10.85,1.595));
#11517 = VECTOR('',#11518,1.);
#11518 = DIRECTION('',(1.,0.,0.));
#11519 = PCURVE('',#11325,#11520);
#11520 = DEFINITIONAL_REPRESENTATION('',(#11521),#11525);
#11521 = LINE('',#11522,#11523);
#11522 = CARTESIAN_POINT('',(0.,0.));
#11523 = VECTOR('',#11524,1.);
#11524 = DIRECTION('',(0.,1.));
#11525 = ( GEOMETRIC_REPRESENTATION_CONTEXT(2) 
PARAMETRIC_REPRESENTATION_CONTEXT() REPRESENTATION_CONTEXT('2D SPACE',''
  ) );
#11526 = PCURVE('',#11297,#11527);
#11527 = DEFINITIONAL_REPRESENTATION('',(#11528),#11532);
#11528 = LINE('',#11529,#11530);
#11529 = CARTESIAN_POINT('',(0.,1.2));
#11530 = VECTOR('',#11531,1.);
#11531 = DIRECTION('',(1.,0.));
#11532 = ( GEOMETRIC_REPRESENTATION_CONTEXT(2) 
PARAMETRIC_REPRESENTATION_CONTEXT() REPRESENTATION_CONTEXT('2D SPACE',''
  ) );
#11533 = ORIENTED_EDGE('',*,*,#11309,.T.);
#11534 = ORIENTED_EDGE('',*,*,#11535,.T.);
#11535 = EDGE_CURVE('',#11310,#11420,#11536,.T.);
#11536 = SURFACE_CURVE('',#11537,(#11541,#11548),.PCURVE_S1.);
#11537 = LINE('',#11538,#11539);
#11538 = CARTESIAN_POINT('',(53.75,10.85,2.045));
#11539 = VECTOR('',#11540,1.);
#11540 = DIRECTION('',(1.,0.,0.));
#11541 = PCURVE('',#11325,#11542);
#11542 = DEFINITIONAL_REPRESENTATION('',(#11543),#11547);
#11543 = LINE('',#11544,#11545);
#11544 = CARTESIAN_POINT('',(0.45,0.));
#11545 = VECTOR('',#11546,1.);
#11546 = DIRECTION('',(0.,1.));
#11547 = ( GEOMETRIC_REPRESENTATION_CONTEXT(2) 
PARAMETRIC_REPRESENTATION_CONTEXT() REPRESENTATION_CONTEXT('2D SPACE',''
  ) );
#11548 = PCURVE('',#11351,#11549);
#11549 = DEFINITIONAL_REPRESENTATION('',(#11550),#11554);
#11550 = LINE('',#11551,#11552);
#11551 = CARTESIAN_POINT('',(0.,1.2));
#11552 = VECTOR('',#11553,1.);
#11553 = DIRECTION('',(1.,0.));
#11554 = ( GEOMETRIC_REPRESENTATION_CONTEXT(2) 
PARAMETRIC_REPRESENTATION_CONTEXT() REPRESENTATION_CONTEXT('2D SPACE',''
  ) );
#11555 = ORIENTED_EDGE('',*,*,#11419,.F.);
#11556 = ADVANCED_FACE('',(#11557),#11297,.F.);
#11557 = FACE_BOUND('',#11558,.F.);
#11558 = EDGE_LOOP('',(#11559,#11560,#11561,#11562));
#11559 = ORIENTED_EDGE('',*,*,#11281,.F.);
#11560 = ORIENTED_EDGE('',*,*,#11466,.T.);
#11561 = ORIENTED_EDGE('',*,*,#11396,.T.);
#11562 = ORIENTED_EDGE('',*,*,#11513,.F.);
#11563 = ADVANCED_FACE('',(#11564),#11351,.T.);
#11564 = FACE_BOUND('',#11565,.T.);
#11565 = EDGE_LOOP('',(#11566,#11567,#11568,#11569));
#11566 = ORIENTED_EDGE('',*,*,#11337,.F.);
#11567 = ORIENTED_EDGE('',*,*,#11488,.T.);
#11568 = ORIENTED_EDGE('',*,*,#11442,.T.);
#11569 = ORIENTED_EDGE('',*,*,#11535,.F.);
#11570 = ( GEOMETRIC_REPRESENTATION_CONTEXT(3) 
GLOBAL_UNCERTAINTY_ASSIGNED_CONTEXT((#11574)) 
GLOBAL_UNIT_ASSIGNED_CONTEXT((#11571,#11572,#11573)) 
REPRESENTATION_CONTEXT('Context #1',
  '3D Context with UNIT and UNCERTAINTY') );
#11571 = ( LENGTH_UNIT() NAMED_UNIT(*) SI_UNIT(.MILLI.,.METRE.) );
#11572 = ( NAMED_UNIT(*) PLANE_ANGLE_UNIT() SI_UNIT($,.RADIAN.) );
#11573 = ( NAMED_UNIT(*) SI_UNIT($,.STERADIAN.) SOLID_ANGLE_UNIT() );
#11574 = UNCERTAINTY_MEASURE_WITH_UNIT(LENGTH_MEASURE(1.E-07),#11571,
  'distance_accuracy_value','confusion accuracy');
#11575 = CONTEXT_DEPENDENT_SHAPE_REPRESENTATION(#11576,#11578);
#11576 = ( REPRESENTATION_RELATIONSHIP('','',#11239,#10) 
REPRESENTATION_RELATIONSHIP_WITH_TRANSFORMATION(#11577) 
SHAPE_REPRESENTATION_RELATIONSHIP() );
#11577 = ITEM_DEFINED_TRANSFORMATION('','',#11,#43);
#11578 = PRODUCT_DEFINITION_SHAPE('Placement','Placement of an item',
  #11579);
#11579 = NEXT_ASSEMBLY_USAGE_OCCURRENCE('16','Component envelope 7','',
  #5,#11234,$);
#11580 = PRODUCT_RELATED_PRODUCT_CATEGORY('part',$,(#11236));
#11581 = SHAPE_DEFINITION_REPRESENTATION(#11582,#11588);
#11582 = PRODUCT_DEFINITION_SHAPE('','',#11583);
#11583 = PRODUCT_DEFINITION('design','',#11584,#11587);
#11584 = PRODUCT_DEFINITION_FORMATION('','',#11585);
#11585 = PRODUCT('Component envelope 8','Component envelope 8','',(
    #11586));
#11586 = PRODUCT_CONTEXT('',#2,'mechanical');
#11587 = PRODUCT_DEFINITION_CONTEXT('part definition',#2,'design');
#11588 = ADVANCED_BREP_SHAPE_REPRESENTATION('',(#11,#11589),#11919);
#11589 = MANIFOLD_SOLID_BREP('',#11590);
#11590 = CLOSED_SHELL('',(#11591,#11711,#11811,#11858,#11905,#11912));
#11591 = ADVANCED_FACE('',(#11592),#11606,.F.);
#11592 = FACE_BOUND('',#11593,.F.);
#11593 = EDGE_LOOP('',(#11594,#11629,#11657,#11685));
#11594 = ORIENTED_EDGE('',*,*,#11595,.F.);
#11595 = EDGE_CURVE('',#11596,#11598,#11600,.T.);
#11596 = VERTEX_POINT('',#11597);
#11597 = CARTESIAN_POINT('',(43.,5.175,1.595));
#11598 = VERTEX_POINT('',#11599);
#11599 = CARTESIAN_POINT('',(43.,5.175,2.845));
#11600 = SURFACE_CURVE('',#11601,(#11605,#11617),.PCURVE_S1.);
#11601 = LINE('',#11602,#11603);
#11602 = CARTESIAN_POINT('',(43.,5.175,1.595));
#11603 = VECTOR('',#11604,1.);
#11604 = DIRECTION('',(0.,0.,1.));
#11605 = PCURVE('',#11606,#11611);
#11606 = PLANE('',#11607);
#11607 = AXIS2_PLACEMENT_3D('',#11608,#11609,#11610);
#11608 = CARTESIAN_POINT('',(43.,5.175,1.595));
#11609 = DIRECTION('',(1.,0.,0.));
#11610 = DIRECTION('',(0.,0.,1.));
#11611 = DEFINITIONAL_REPRESENTATION('',(#11612),#11616);
#11612 = LINE('',#11613,#11614);
#11613 = CARTESIAN_POINT('',(0.,0.));
#11614 = VECTOR('',#11615,1.);
#11615 = DIRECTION('',(1.,0.));
#11616 = ( GEOMETRIC_REPRESENTATION_CONTEXT(2) 
PARAMETRIC_REPRESENTATION_CONTEXT() REPRESENTATION_CONTEXT('2D SPACE',''
  ) );
#11617 = PCURVE('',#11618,#11623);
#11618 = PLANE('',#11619);
#11619 = AXIS2_PLACEMENT_3D('',#11620,#11621,#11622);
#11620 = CARTESIAN_POINT('',(43.,5.175,1.595));
#11621 = DIRECTION('',(0.,1.,0.));
#11622 = DIRECTION('',(0.,0.,1.));
#11623 = DEFINITIONAL_REPRESENTATION('',(#11624),#11628);
#11624 = LINE('',#11625,#11626);
#11625 = CARTESIAN_POINT('',(0.,0.));
#11626 = VECTOR('',#11627,1.);
#11627 = DIRECTION('',(1.,0.));
#11628 = ( GEOMETRIC_REPRESENTATION_CONTEXT(2) 
PARAMETRIC_REPRESENTATION_CONTEXT() REPRESENTATION_CONTEXT('2D SPACE',''
  ) );
#11629 = ORIENTED_EDGE('',*,*,#11630,.T.);
#11630 = EDGE_CURVE('',#11596,#11631,#11633,.T.);
#11631 = VERTEX_POINT('',#11632);
#11632 = CARTESIAN_POINT('',(43.,6.425,1.595));
#11633 = SURFACE_CURVE('',#11634,(#11638,#11645),.PCURVE_S1.);
#11634 = LINE('',#11635,#11636);
#11635 = CARTESIAN_POINT('',(43.,5.175,1.595));
#11636 = VECTOR('',#11637,1.);
#11637 = DIRECTION('',(0.,1.,0.));
#11638 = PCURVE('',#11606,#11639);
#11639 = DEFINITIONAL_REPRESENTATION('',(#11640),#11644);
#11640 = LINE('',#11641,#11642);
#11641 = CARTESIAN_POINT('',(0.,0.));
#11642 = VECTOR('',#11643,1.);
#11643 = DIRECTION('',(0.,-1.));
#11644 = ( GEOMETRIC_REPRESENTATION_CONTEXT(2) 
PARAMETRIC_REPRESENTATION_CONTEXT() REPRESENTATION_CONTEXT('2D SPACE',''
  ) );
#11645 = PCURVE('',#11646,#11651);
#11646 = PLANE('',#11647);
#11647 = AXIS2_PLACEMENT_3D('',#11648,#11649,#11650);
#11648 = CARTESIAN_POINT('',(43.,5.175,1.595));
#11649 = DIRECTION('',(0.,0.,1.));
#11650 = DIRECTION('',(1.,0.,0.));
#11651 = DEFINITIONAL_REPRESENTATION('',(#11652),#11656);
#11652 = LINE('',#11653,#11654);
#11653 = CARTESIAN_POINT('',(0.,0.));
#11654 = VECTOR('',#11655,1.);
#11655 = DIRECTION('',(0.,1.));
#11656 = ( GEOMETRIC_REPRESENTATION_CONTEXT(2) 
PARAMETRIC_REPRESENTATION_CONTEXT() REPRESENTATION_CONTEXT('2D SPACE',''
  ) );
#11657 = ORIENTED_EDGE('',*,*,#11658,.T.);
#11658 = EDGE_CURVE('',#11631,#11659,#11661,.T.);
#11659 = VERTEX_POINT('',#11660);
#11660 = CARTESIAN_POINT('',(43.,6.425,2.845));
#11661 = SURFACE_CURVE('',#11662,(#11666,#11673),.PCURVE_S1.);
#11662 = LINE('',#11663,#11664);
#11663 = CARTESIAN_POINT('',(43.,6.425,1.595));
#11664 = VECTOR('',#11665,1.);
#11665 = DIRECTION('',(0.,0.,1.));
#11666 = PCURVE('',#11606,#11667);
#11667 = DEFINITIONAL_REPRESENTATION('',(#11668),#11672);
#11668 = LINE('',#11669,#11670);
#11669 = CARTESIAN_POINT('',(0.,-1.25));
#11670 = VECTOR('',#11671,1.);
#11671 = DIRECTION('',(1.,0.));
#11672 = ( GEOMETRIC_REPRESENTATION_CONTEXT(2) 
PARAMETRIC_REPRESENTATION_CONTEXT() REPRESENTATION_CONTEXT('2D SPACE',''
  ) );
#11673 = PCURVE('',#11674,#11679);
#11674 = PLANE('',#11675);
#11675 = AXIS2_PLACEMENT_3D('',#11676,#11677,#11678);
#11676 = CARTESIAN_POINT('',(43.,6.425,1.595));
#11677 = DIRECTION('',(0.,1.,0.));
#11678 = DIRECTION('',(0.,0.,1.));
#11679 = DEFINITIONAL_REPRESENTATION('',(#11680),#11684);
#11680 = LINE('',#11681,#11682);
#11681 = CARTESIAN_POINT('',(0.,0.));
#11682 = VECTOR('',#11683,1.);
#11683 = DIRECTION('',(1.,0.));
#11684 = ( GEOMETRIC_REPRESENTATION_CONTEXT(2) 
PARAMETRIC_REPRESENTATION_CONTEXT() REPRESENTATION_CONTEXT('2D SPACE',''
  ) );
#11685 = ORIENTED_EDGE('',*,*,#11686,.F.);
#11686 = EDGE_CURVE('',#11598,#11659,#11687,.T.);
#11687 = SURFACE_CURVE('',#11688,(#11692,#11699),.PCURVE_S1.);
#11688 = LINE('',#11689,#11690);
#11689 = CARTESIAN_POINT('',(43.,5.175,2.845));
#11690 = VECTOR('',#11691,1.);
#11691 = DIRECTION('',(0.,1.,0.));
#11692 = PCURVE('',#11606,#11693);
#11693 = DEFINITIONAL_REPRESENTATION('',(#11694),#11698);
#11694 = LINE('',#11695,#11696);
#11695 = CARTESIAN_POINT('',(1.25,0.));
#11696 = VECTOR('',#11697,1.);
#11697 = DIRECTION('',(0.,-1.));
#11698 = ( GEOMETRIC_REPRESENTATION_CONTEXT(2) 
PARAMETRIC_REPRESENTATION_CONTEXT() REPRESENTATION_CONTEXT('2D SPACE',''
  ) );
#11699 = PCURVE('',#11700,#11705);
#11700 = PLANE('',#11701);
#11701 = AXIS2_PLACEMENT_3D('',#11702,#11703,#11704);
#11702 = CARTESIAN_POINT('',(43.,5.175,2.845));
#11703 = DIRECTION('',(0.,0.,1.));
#11704 = DIRECTION('',(1.,0.,0.));
#11705 = DEFINITIONAL_REPRESENTATION('',(#11706),#11710);
#11706 = LINE('',#11707,#11708);
#11707 = CARTESIAN_POINT('',(0.,0.));
#11708 = VECTOR('',#11709,1.);
#11709 = DIRECTION('',(0.,1.));
#11710 = ( GEOMETRIC_REPRESENTATION_CONTEXT(2) 
PARAMETRIC_REPRESENTATION_CONTEXT() REPRESENTATION_CONTEXT('2D SPACE',''
  ) );
#11711 = ADVANCED_FACE('',(#11712),#11726,.T.);
#11712 = FACE_BOUND('',#11713,.T.);
#11713 = EDGE_LOOP('',(#11714,#11744,#11767,#11790));
#11714 = ORIENTED_EDGE('',*,*,#11715,.F.);
#11715 = EDGE_CURVE('',#11716,#11718,#11720,.T.);
#11716 = VERTEX_POINT('',#11717);
#11717 = CARTESIAN_POINT('',(45.,5.175,1.595));
#11718 = VERTEX_POINT('',#11719);
#11719 = CARTESIAN_POINT('',(45.,5.175,2.845));
#11720 = SURFACE_CURVE('',#11721,(#11725,#11737),.PCURVE_S1.);
#11721 = LINE('',#11722,#11723);
#11722 = CARTESIAN_POINT('',(45.,5.175,1.595));
#11723 = VECTOR('',#11724,1.);
#11724 = DIRECTION('',(0.,0.,1.));
#11725 = PCURVE('',#11726,#11731);
#11726 = PLANE('',#11727);
#11727 = AXIS2_PLACEMENT_3D('',#11728,#11729,#11730);
#11728 = CARTESIAN_POINT('',(45.,5.175,1.595));
#11729 = DIRECTION('',(1.,0.,0.));
#11730 = DIRECTION('',(0.,0.,1.));
#11731 = DEFINITIONAL_REPRESENTATION('',(#11732),#11736);
#11732 = LINE('',#11733,#11734);
#11733 = CARTESIAN_POINT('',(0.,0.));
#11734 = VECTOR('',#11735,1.);
#11735 = DIRECTION('',(1.,0.));
#11736 = ( GEOMETRIC_REPRESENTATION_CONTEXT(2) 
PARAMETRIC_REPRESENTATION_CONTEXT() REPRESENTATION_CONTEXT('2D SPACE',''
  ) );
#11737 = PCURVE('',#11618,#11738);
#11738 = DEFINITIONAL_REPRESENTATION('',(#11739),#11743);
#11739 = LINE('',#11740,#11741);
#11740 = CARTESIAN_POINT('',(0.,2.));
#11741 = VECTOR('',#11742,1.);
#11742 = DIRECTION('',(1.,0.));
#11743 = ( GEOMETRIC_REPRESENTATION_CONTEXT(2) 
PARAMETRIC_REPRESENTATION_CONTEXT() REPRESENTATION_CONTEXT('2D SPACE',''
  ) );
#11744 = ORIENTED_EDGE('',*,*,#11745,.T.);
#11745 = EDGE_CURVE('',#11716,#11746,#11748,.T.);
#11746 = VERTEX_POINT('',#11747);
#11747 = CARTESIAN_POINT('',(45.,6.425,1.595));
#11748 = SURFACE_CURVE('',#11749,(#11753,#11760),.PCURVE_S1.);
#11749 = LINE('',#11750,#11751);
#11750 = CARTESIAN_POINT('',(45.,5.175,1.595));
#11751 = VECTOR('',#11752,1.);
#11752 = DIRECTION('',(0.,1.,0.));
#11753 = PCURVE('',#11726,#11754);
#11754 = DEFINITIONAL_REPRESENTATION('',(#11755),#11759);
#11755 = LINE('',#11756,#11757);
#11756 = CARTESIAN_POINT('',(0.,0.));
#11757 = VECTOR('',#11758,1.);
#11758 = DIRECTION('',(0.,-1.));
#11759 = ( GEOMETRIC_REPRESENTATION_CONTEXT(2) 
PARAMETRIC_REPRESENTATION_CONTEXT() REPRESENTATION_CONTEXT('2D SPACE',''
  ) );
#11760 = PCURVE('',#11646,#11761);
#11761 = DEFINITIONAL_REPRESENTATION('',(#11762),#11766);
#11762 = LINE('',#11763,#11764);
#11763 = CARTESIAN_POINT('',(2.,0.));
#11764 = VECTOR('',#11765,1.);
#11765 = DIRECTION('',(0.,1.));
#11766 = ( GEOMETRIC_REPRESENTATION_CONTEXT(2) 
PARAMETRIC_REPRESENTATION_CONTEXT() REPRESENTATION_CONTEXT('2D SPACE',''
  ) );
#11767 = ORIENTED_EDGE('',*,*,#11768,.T.);
#11768 = EDGE_CURVE('',#11746,#11769,#11771,.T.);
#11769 = VERTEX_POINT('',#11770);
#11770 = CARTESIAN_POINT('',(45.,6.425,2.845));
#11771 = SURFACE_CURVE('',#11772,(#11776,#11783),.PCURVE_S1.);
#11772 = LINE('',#11773,#11774);
#11773 = CARTESIAN_POINT('',(45.,6.425,1.595));
#11774 = VECTOR('',#11775,1.);
#11775 = DIRECTION('',(0.,0.,1.));
#11776 = PCURVE('',#11726,#11777);
#11777 = DEFINITIONAL_REPRESENTATION('',(#11778),#11782);
#11778 = LINE('',#11779,#11780);
#11779 = CARTESIAN_POINT('',(0.,-1.25));
#11780 = VECTOR('',#11781,1.);
#11781 = DIRECTION('',(1.,0.));
#11782 = ( GEOMETRIC_REPRESENTATION_CONTEXT(2) 
PARAMETRIC_REPRESENTATION_CONTEXT() REPRESENTATION_CONTEXT('2D SPACE',''
  ) );
#11783 = PCURVE('',#11674,#11784);
#11784 = DEFINITIONAL_REPRESENTATION('',(#11785),#11789);
#11785 = LINE('',#11786,#11787);
#11786 = CARTESIAN_POINT('',(0.,2.));
#11787 = VECTOR('',#11788,1.);
#11788 = DIRECTION('',(1.,0.));
#11789 = ( GEOMETRIC_REPRESENTATION_CONTEXT(2) 
PARAMETRIC_REPRESENTATION_CONTEXT() REPRESENTATION_CONTEXT('2D SPACE',''
  ) );
#11790 = ORIENTED_EDGE('',*,*,#11791,.F.);
#11791 = EDGE_CURVE('',#11718,#11769,#11792,.T.);
#11792 = SURFACE_CURVE('',#11793,(#11797,#11804),.PCURVE_S1.);
#11793 = LINE('',#11794,#11795);
#11794 = CARTESIAN_POINT('',(45.,5.175,2.845));
#11795 = VECTOR('',#11796,1.);
#11796 = DIRECTION('',(0.,1.,0.));
#11797 = PCURVE('',#11726,#11798);
#11798 = DEFINITIONAL_REPRESENTATION('',(#11799),#11803);
#11799 = LINE('',#11800,#11801);
#11800 = CARTESIAN_POINT('',(1.25,0.));
#11801 = VECTOR('',#11802,1.);
#11802 = DIRECTION('',(0.,-1.));
#11803 = ( GEOMETRIC_REPRESENTATION_CONTEXT(2) 
PARAMETRIC_REPRESENTATION_CONTEXT() REPRESENTATION_CONTEXT('2D SPACE',''
  ) );
#11804 = PCURVE('',#11700,#11805);
#11805 = DEFINITIONAL_REPRESENTATION('',(#11806),#11810);
#11806 = LINE('',#11807,#11808);
#11807 = CARTESIAN_POINT('',(2.,0.));
#11808 = VECTOR('',#11809,1.);
#11809 = DIRECTION('',(0.,1.));
#11810 = ( GEOMETRIC_REPRESENTATION_CONTEXT(2) 
PARAMETRIC_REPRESENTATION_CONTEXT() REPRESENTATION_CONTEXT('2D SPACE',''
  ) );
#11811 = ADVANCED_FACE('',(#11812),#11618,.F.);
#11812 = FACE_BOUND('',#11813,.F.);
#11813 = EDGE_LOOP('',(#11814,#11835,#11836,#11857));
#11814 = ORIENTED_EDGE('',*,*,#11815,.F.);
#11815 = EDGE_CURVE('',#11596,#11716,#11816,.T.);
#11816 = SURFACE_CURVE('',#11817,(#11821,#11828),.PCURVE_S1.);
#11817 = LINE('',#11818,#11819);
#11818 = CARTESIAN_POINT('',(43.,5.175,1.595));
#11819 = VECTOR('',#11820,1.);
#11820 = DIRECTION('',(1.,0.,0.));
#11821 = PCURVE('',#11618,#11822);
#11822 = DEFINITIONAL_REPRESENTATION('',(#11823),#11827);
#11823 = LINE('',#11824,#11825);
#11824 = CARTESIAN_POINT('',(0.,0.));
#11825 = VECTOR('',#11826,1.);
#11826 = DIRECTION('',(0.,1.));
#11827 = ( GEOMETRIC_REPRESENTATION_CONTEXT(2) 
PARAMETRIC_REPRESENTATION_CONTEXT() REPRESENTATION_CONTEXT('2D SPACE',''
  ) );
#11828 = PCURVE('',#11646,#11829);
#11829 = DEFINITIONAL_REPRESENTATION('',(#11830),#11834);
#11830 = LINE('',#11831,#11832);
#11831 = CARTESIAN_POINT('',(0.,0.));
#11832 = VECTOR('',#11833,1.);
#11833 = DIRECTION('',(1.,0.));
#11834 = ( GEOMETRIC_REPRESENTATION_CONTEXT(2) 
PARAMETRIC_REPRESENTATION_CONTEXT() REPRESENTATION_CONTEXT('2D SPACE',''
  ) );
#11835 = ORIENTED_EDGE('',*,*,#11595,.T.);
#11836 = ORIENTED_EDGE('',*,*,#11837,.T.);
#11837 = EDGE_CURVE('',#11598,#11718,#11838,.T.);
#11838 = SURFACE_CURVE('',#11839,(#11843,#11850),.PCURVE_S1.);
#11839 = LINE('',#11840,#11841);
#11840 = CARTESIAN_POINT('',(43.,5.175,2.845));
#11841 = VECTOR('',#11842,1.);
#11842 = DIRECTION('',(1.,0.,0.));
#11843 = PCURVE('',#11618,#11844);
#11844 = DEFINITIONAL_REPRESENTATION('',(#11845),#11849);
#11845 = LINE('',#11846,#11847);
#11846 = CARTESIAN_POINT('',(1.25,0.));
#11847 = VECTOR('',#11848,1.);
#11848 = DIRECTION('',(0.,1.));
#11849 = ( GEOMETRIC_REPRESENTATION_CONTEXT(2) 
PARAMETRIC_REPRESENTATION_CONTEXT() REPRESENTATION_CONTEXT('2D SPACE',''
  ) );
#11850 = PCURVE('',#11700,#11851);
#11851 = DEFINITIONAL_REPRESENTATION('',(#11852),#11856);
#11852 = LINE('',#11853,#11854);
#11853 = CARTESIAN_POINT('',(0.,0.));
#11854 = VECTOR('',#11855,1.);
#11855 = DIRECTION('',(1.,0.));
#11856 = ( GEOMETRIC_REPRESENTATION_CONTEXT(2) 
PARAMETRIC_REPRESENTATION_CONTEXT() REPRESENTATION_CONTEXT('2D SPACE',''
  ) );
#11857 = ORIENTED_EDGE('',*,*,#11715,.F.);
#11858 = ADVANCED_FACE('',(#11859),#11674,.T.);
#11859 = FACE_BOUND('',#11860,.T.);
#11860 = EDGE_LOOP('',(#11861,#11882,#11883,#11904));
#11861 = ORIENTED_EDGE('',*,*,#11862,.F.);
#11862 = EDGE_CURVE('',#11631,#11746,#11863,.T.);
#11863 = SURFACE_CURVE('',#11864,(#11868,#11875),.PCURVE_S1.);
#11864 = LINE('',#11865,#11866);
#11865 = CARTESIAN_POINT('',(43.,6.425,1.595));
#11866 = VECTOR('',#11867,1.);
#11867 = DIRECTION('',(1.,0.,0.));
#11868 = PCURVE('',#11674,#11869);
#11869 = DEFINITIONAL_REPRESENTATION('',(#11870),#11874);
#11870 = LINE('',#11871,#11872);
#11871 = CARTESIAN_POINT('',(0.,0.));
#11872 = VECTOR('',#11873,1.);
#11873 = DIRECTION('',(0.,1.));
#11874 = ( GEOMETRIC_REPRESENTATION_CONTEXT(2) 
PARAMETRIC_REPRESENTATION_CONTEXT() REPRESENTATION_CONTEXT('2D SPACE',''
  ) );
#11875 = PCURVE('',#11646,#11876);
#11876 = DEFINITIONAL_REPRESENTATION('',(#11877),#11881);
#11877 = LINE('',#11878,#11879);
#11878 = CARTESIAN_POINT('',(0.,1.25));
#11879 = VECTOR('',#11880,1.);
#11880 = DIRECTION('',(1.,0.));
#11881 = ( GEOMETRIC_REPRESENTATION_CONTEXT(2) 
PARAMETRIC_REPRESENTATION_CONTEXT() REPRESENTATION_CONTEXT('2D SPACE',''
  ) );
#11882 = ORIENTED_EDGE('',*,*,#11658,.T.);
#11883 = ORIENTED_EDGE('',*,*,#11884,.T.);
#11884 = EDGE_CURVE('',#11659,#11769,#11885,.T.);
#11885 = SURFACE_CURVE('',#11886,(#11890,#11897),.PCURVE_S1.);
#11886 = LINE('',#11887,#11888);
#11887 = CARTESIAN_POINT('',(43.,6.425,2.845));
#11888 = VECTOR('',#11889,1.);
#11889 = DIRECTION('',(1.,0.,0.));
#11890 = PCURVE('',#11674,#11891);
#11891 = DEFINITIONAL_REPRESENTATION('',(#11892),#11896);
#11892 = LINE('',#11893,#11894);
#11893 = CARTESIAN_POINT('',(1.25,0.));
#11894 = VECTOR('',#11895,1.);
#11895 = DIRECTION('',(0.,1.));
#11896 = ( GEOMETRIC_REPRESENTATION_CONTEXT(2) 
PARAMETRIC_REPRESENTATION_CONTEXT() REPRESENTATION_CONTEXT('2D SPACE',''
  ) );
#11897 = PCURVE('',#11700,#11898);
#11898 = DEFINITIONAL_REPRESENTATION('',(#11899),#11903);
#11899 = LINE('',#11900,#11901);
#11900 = CARTESIAN_POINT('',(0.,1.25));
#11901 = VECTOR('',#11902,1.);
#11902 = DIRECTION('',(1.,0.));
#11903 = ( GEOMETRIC_REPRESENTATION_CONTEXT(2) 
PARAMETRIC_REPRESENTATION_CONTEXT() REPRESENTATION_CONTEXT('2D SPACE',''
  ) );
#11904 = ORIENTED_EDGE('',*,*,#11768,.F.);
#11905 = ADVANCED_FACE('',(#11906),#11646,.F.);
#11906 = FACE_BOUND('',#11907,.F.);
#11907 = EDGE_LOOP('',(#11908,#11909,#11910,#11911));
#11908 = ORIENTED_EDGE('',*,*,#11630,.F.);
#11909 = ORIENTED_EDGE('',*,*,#11815,.T.);
#11910 = ORIENTED_EDGE('',*,*,#11745,.T.);
#11911 = ORIENTED_EDGE('',*,*,#11862,.F.);
#11912 = ADVANCED_FACE('',(#11913),#11700,.T.);
#11913 = FACE_BOUND('',#11914,.T.);
#11914 = EDGE_LOOP('',(#11915,#11916,#11917,#11918));
#11915 = ORIENTED_EDGE('',*,*,#11686,.F.);
#11916 = ORIENTED_EDGE('',*,*,#11837,.T.);
#11917 = ORIENTED_EDGE('',*,*,#11791,.T.);
#11918 = ORIENTED_EDGE('',*,*,#11884,.F.);
#11919 = ( GEOMETRIC_REPRESENTATION_CONTEXT(3) 
GLOBAL_UNCERTAINTY_ASSIGNED_CONTEXT((#11923)) 
GLOBAL_UNIT_ASSIGNED_CONTEXT((#11920,#11921,#11922)) 
REPRESENTATION_CONTEXT('Context #1',
  '3D Context with UNIT and UNCERTAINTY') );
#11920 = ( LENGTH_UNIT() NAMED_UNIT(*) SI_UNIT(.MILLI.,.METRE.) );
#11921 = ( NAMED_UNIT(*) PLANE_ANGLE_UNIT() SI_UNIT($,.RADIAN.) );
#11922 = ( NAMED_UNIT(*) SI_UNIT($,.STERADIAN.) SOLID_ANGLE_UNIT() );
#11923 = UNCERTAINTY_MEASURE_WITH_UNIT(LENGTH_MEASURE(1.E-07),#11920,
  'distance_accuracy_value','confusion accuracy');
#11924 = CONTEXT_DEPENDENT_SHAPE_REPRESENTATION(#11925,#11927);
#11925 = ( REPRESENTATION_RELATIONSHIP('','',#11588,#10) 
REPRESENTATION_RELATIONSHIP_WITH_TRANSFORMATION(#11926) 
SHAPE_REPRESENTATION_RELATIONSHIP() );
#11926 = ITEM_DEFINED_TRANSFORMATION('','',#11,#47);
#11927 = PRODUCT_DEFINITION_SHAPE('Placement','Placement of an item',
  #11928);
#11928 = NEXT_ASSEMBLY_USAGE_OCCURRENCE('17','Component envelope 8','',
  #5,#11583,$);
#11929 = PRODUCT_RELATED_PRODUCT_CATEGORY('part',$,(#11585));
#11930 = SHAPE_DEFINITION_REPRESENTATION(#11931,#11937);
#11931 = PRODUCT_DEFINITION_SHAPE('','',#11932);
#11932 = PRODUCT_DEFINITION('design','',#11933,#11936);
#11933 = PRODUCT_DEFINITION_FORMATION('','',#11934);
#11934 = PRODUCT('3mm base plate','3mm base plate','',(#11935));
#11935 = PRODUCT_CONTEXT('',#2,'mechanical');
#11936 = PRODUCT_DEFINITION_CONTEXT('part definition',#2,'design');
#11937 = ADVANCED_BREP_SHAPE_REPRESENTATION('',(#11,#11938),#12636);
#11938 = MANIFOLD_SOLID_BREP('',#11939);
#11939 = CLOSED_SHELL('',(#11940,#12060,#12136,#12325,#12374,#12521,
    #12528,#12555,#12582,#12609));
#11940 = ADVANCED_FACE('',(#11941),#11955,.F.);
#11941 = FACE_BOUND('',#11942,.F.);
#11942 = EDGE_LOOP('',(#11943,#11978,#12006,#12034));
#11943 = ORIENTED_EDGE('',*,*,#11944,.F.);
#11944 = EDGE_CURVE('',#11945,#11947,#11949,.T.);
#11945 = VERTEX_POINT('',#11946);
#11946 = CARTESIAN_POINT('',(0.,0.,-9.));
#11947 = VERTEX_POINT('',#11948);
#11948 = CARTESIAN_POINT('',(0.,0.,-6.));
#11949 = SURFACE_CURVE('',#11950,(#11954,#11966),.PCURVE_S1.);
#11950 = LINE('',#11951,#11952);
#11951 = CARTESIAN_POINT('',(0.,0.,-9.));
#11952 = VECTOR('',#11953,1.);
#11953 = DIRECTION('',(0.,0.,1.));
#11954 = PCURVE('',#11955,#11960);
#11955 = PLANE('',#11956);
#11956 = AXIS2_PLACEMENT_3D('',#11957,#11958,#11959);
#11957 = CARTESIAN_POINT('',(0.,0.,-9.));
#11958 = DIRECTION('',(1.,0.,0.));
#11959 = DIRECTION('',(0.,0.,1.));
#11960 = DEFINITIONAL_REPRESENTATION('',(#11961),#11965);
#11961 = LINE('',#11962,#11963);
#11962 = CARTESIAN_POINT('',(0.,0.));
#11963 = VECTOR('',#11964,1.);
#11964 = DIRECTION('',(1.,0.));
#11965 = ( GEOMETRIC_REPRESENTATION_CONTEXT(2) 
PARAMETRIC_REPRESENTATION_CONTEXT() REPRESENTATION_CONTEXT('2D SPACE',''
  ) );
#11966 = PCURVE('',#11967,#11972);
#11967 = PLANE('',#11968);
#11968 = AXIS2_PLACEMENT_3D('',#11969,#11970,#11971);
#11969 = CARTESIAN_POINT('',(0.,0.,-9.));
#11970 = DIRECTION('',(0.,1.,0.));
#11971 = DIRECTION('',(0.,0.,1.));
#11972 = DEFINITIONAL_REPRESENTATION('',(#11973),#11977);
#11973 = LINE('',#11974,#11975);
#11974 = CARTESIAN_POINT('',(0.,0.));
#11975 = VECTOR('',#11976,1.);
#11976 = DIRECTION('',(1.,0.));
#11977 = ( GEOMETRIC_REPRESENTATION_CONTEXT(2) 
PARAMETRIC_REPRESENTATION_CONTEXT() REPRESENTATION_CONTEXT('2D SPACE',''
  ) );
#11978 = ORIENTED_EDGE('',*,*,#11979,.T.);
#11979 = EDGE_CURVE('',#11945,#11980,#11982,.T.);
#11980 = VERTEX_POINT('',#11981);
#11981 = CARTESIAN_POINT('',(0.,91.5,-9.));
#11982 = SURFACE_CURVE('',#11983,(#11987,#11994),.PCURVE_S1.);
#11983 = LINE('',#11984,#11985);
#11984 = CARTESIAN_POINT('',(0.,0.,-9.));
#11985 = VECTOR('',#11986,1.);
#11986 = DIRECTION('',(0.,1.,0.));
#11987 = PCURVE('',#11955,#11988);
#11988 = DEFINITIONAL_REPRESENTATION('',(#11989),#11993);
#11989 = LINE('',#11990,#11991);
#11990 = CARTESIAN_POINT('',(0.,0.));
#11991 = VECTOR('',#11992,1.);
#11992 = DIRECTION('',(0.,-1.));
#11993 = ( GEOMETRIC_REPRESENTATION_CONTEXT(2) 
PARAMETRIC_REPRESENTATION_CONTEXT() REPRESENTATION_CONTEXT('2D SPACE',''
  ) );
#11994 = PCURVE('',#11995,#12000);
#11995 = PLANE('',#11996);
#11996 = AXIS2_PLACEMENT_3D('',#11997,#11998,#11999);
#11997 = CARTESIAN_POINT('',(0.,0.,-9.));
#11998 = DIRECTION('',(0.,0.,1.));
#11999 = DIRECTION('',(1.,0.,0.));
#12000 = DEFINITIONAL_REPRESENTATION('',(#12001),#12005);
#12001 = LINE('',#12002,#12003);
#12002 = CARTESIAN_POINT('',(0.,0.));
#12003 = VECTOR('',#12004,1.);
#12004 = DIRECTION('',(0.,1.));
#12005 = ( GEOMETRIC_REPRESENTATION_CONTEXT(2) 
PARAMETRIC_REPRESENTATION_CONTEXT() REPRESENTATION_CONTEXT('2D SPACE',''
  ) );
#12006 = ORIENTED_EDGE('',*,*,#12007,.T.);
#12007 = EDGE_CURVE('',#11980,#12008,#12010,.T.);
#12008 = VERTEX_POINT('',#12009);
#12009 = CARTESIAN_POINT('',(0.,91.5,-6.));
#12010 = SURFACE_CURVE('',#12011,(#12015,#12022),.PCURVE_S1.);
#12011 = LINE('',#12012,#12013);
#12012 = CARTESIAN_POINT('',(0.,91.5,-9.));
#12013 = VECTOR('',#12014,1.);
#12014 = DIRECTION('',(0.,0.,1.));
#12015 = PCURVE('',#11955,#12016);
#12016 = DEFINITIONAL_REPRESENTATION('',(#12017),#12021);
#12017 = LINE('',#12018,#12019);
#12018 = CARTESIAN_POINT('',(0.,-91.5));
#12019 = VECTOR('',#12020,1.);
#12020 = DIRECTION('',(1.,0.));
#12021 = ( GEOMETRIC_REPRESENTATION_CONTEXT(2) 
PARAMETRIC_REPRESENTATION_CONTEXT() REPRESENTATION_CONTEXT('2D SPACE',''
  ) );
#12022 = PCURVE('',#12023,#12028);
#12023 = PLANE('',#12024);
#12024 = AXIS2_PLACEMENT_3D('',#12025,#12026,#12027);
#12025 = CARTESIAN_POINT('',(0.,91.5,-9.));
#12026 = DIRECTION('',(0.,1.,0.));
#12027 = DIRECTION('',(0.,0.,1.));
#12028 = DEFINITIONAL_REPRESENTATION('',(#12029),#12033);
#12029 = LINE('',#12030,#12031);
#12030 = CARTESIAN_POINT('',(0.,0.));
#12031 = VECTOR('',#12032,1.);
#12032 = DIRECTION('',(1.,0.));
#12033 = ( GEOMETRIC_REPRESENTATION_CONTEXT(2) 
PARAMETRIC_REPRESENTATION_CONTEXT() REPRESENTATION_CONTEXT('2D SPACE',''
  ) );
#12034 = ORIENTED_EDGE('',*,*,#12035,.F.);
#12035 = EDGE_CURVE('',#11947,#12008,#12036,.T.);
#12036 = SURFACE_CURVE('',#12037,(#12041,#12048),.PCURVE_S1.);
#12037 = LINE('',#12038,#12039);
#12038 = CARTESIAN_POINT('',(0.,0.,-6.));
#12039 = VECTOR('',#12040,1.);
#12040 = DIRECTION('',(0.,1.,0.));
#12041 = PCURVE('',#11955,#12042);
#12042 = DEFINITIONAL_REPRESENTATION('',(#12043),#12047);
#12043 = LINE('',#12044,#12045);
#12044 = CARTESIAN_POINT('',(3.,0.));
#12045 = VECTOR('',#12046,1.);
#12046 = DIRECTION('',(0.,-1.));
#12047 = ( GEOMETRIC_REPRESENTATION_CONTEXT(2) 
PARAMETRIC_REPRESENTATION_CONTEXT() REPRESENTATION_CONTEXT('2D SPACE',''
  ) );
#12048 = PCURVE('',#12049,#12054);
#12049 = PLANE('',#12050);
#12050 = AXIS2_PLACEMENT_3D('',#12051,#12052,#12053);
#12051 = CARTESIAN_POINT('',(0.,0.,-6.));
#12052 = DIRECTION('',(0.,0.,1.));
#12053 = DIRECTION('',(1.,0.,0.));
#12054 = DEFINITIONAL_REPRESENTATION('',(#12055),#12059);
#12055 = LINE('',#12056,#12057);
#12056 = CARTESIAN_POINT('',(0.,0.));
#12057 = VECTOR('',#12058,1.);
#12058 = DIRECTION('',(0.,1.));
#12059 = ( GEOMETRIC_REPRESENTATION_CONTEXT(2) 
PARAMETRIC_REPRESENTATION_CONTEXT() REPRESENTATION_CONTEXT('2D SPACE',''
  ) );
#12060 = ADVANCED_FACE('',(#12061),#11967,.F.);
#12061 = FACE_BOUND('',#12062,.F.);
#12062 = EDGE_LOOP('',(#12063,#12086,#12087,#12110));
#12063 = ORIENTED_EDGE('',*,*,#12064,.F.);
#12064 = EDGE_CURVE('',#11945,#12065,#12067,.T.);
#12065 = VERTEX_POINT('',#12066);
#12066 = CARTESIAN_POINT('',(97.75,0.,-9.));
#12067 = SURFACE_CURVE('',#12068,(#12072,#12079),.PCURVE_S1.);
#12068 = LINE('',#12069,#12070);
#12069 = CARTESIAN_POINT('',(0.,0.,-9.));
#12070 = VECTOR('',#12071,1.);
#12071 = DIRECTION('',(1.,0.,0.));
#12072 = PCURVE('',#11967,#12073);
#12073 = DEFINITIONAL_REPRESENTATION('',(#12074),#12078);
#12074 = LINE('',#12075,#12076);
#12075 = CARTESIAN_POINT('',(0.,0.));
#12076 = VECTOR('',#12077,1.);
#12077 = DIRECTION('',(0.,1.));
#12078 = ( GEOMETRIC_REPRESENTATION_CONTEXT(2) 
PARAMETRIC_REPRESENTATION_CONTEXT() REPRESENTATION_CONTEXT('2D SPACE',''
  ) );
#12079 = PCURVE('',#11995,#12080);
#12080 = DEFINITIONAL_REPRESENTATION('',(#12081),#12085);
#12081 = LINE('',#12082,#12083);
#12082 = CARTESIAN_POINT('',(0.,0.));
#12083 = VECTOR('',#12084,1.);
#12084 = DIRECTION('',(1.,0.));
#12085 = ( GEOMETRIC_REPRESENTATION_CONTEXT(2) 
PARAMETRIC_REPRESENTATION_CONTEXT() REPRESENTATION_CONTEXT('2D SPACE',''
  ) );
#12086 = ORIENTED_EDGE('',*,*,#11944,.T.);
#12087 = ORIENTED_EDGE('',*,*,#12088,.T.);
#12088 = EDGE_CURVE('',#11947,#12089,#12091,.T.);
#12089 = VERTEX_POINT('',#12090);
#12090 = CARTESIAN_POINT('',(97.75,0.,-6.));
#12091 = SURFACE_CURVE('',#12092,(#12096,#12103),.PCURVE_S1.);
#12092 = LINE('',#12093,#12094);
#12093 = CARTESIAN_POINT('',(0.,0.,-6.));
#12094 = VECTOR('',#12095,1.);
#12095 = DIRECTION('',(1.,0.,0.));
#12096 = PCURVE('',#11967,#12097);
#12097 = DEFINITIONAL_REPRESENTATION('',(#12098),#12102);
#12098 = LINE('',#12099,#12100);
#12099 = CARTESIAN_POINT('',(3.,0.));
#12100 = VECTOR('',#12101,1.);
#12101 = DIRECTION('',(0.,1.));
#12102 = ( GEOMETRIC_REPRESENTATION_CONTEXT(2) 
PARAMETRIC_REPRESENTATION_CONTEXT() REPRESENTATION_CONTEXT('2D SPACE',''
  ) );
#12103 = PCURVE('',#12049,#12104);
#12104 = DEFINITIONAL_REPRESENTATION('',(#12105),#12109);
#12105 = LINE('',#12106,#12107);
#12106 = CARTESIAN_POINT('',(0.,0.));
#12107 = VECTOR('',#12108,1.);
#12108 = DIRECTION('',(1.,0.));
#12109 = ( GEOMETRIC_REPRESENTATION_CONTEXT(2) 
PARAMETRIC_REPRESENTATION_CONTEXT() REPRESENTATION_CONTEXT('2D SPACE',''
  ) );
#12110 = ORIENTED_EDGE('',*,*,#12111,.F.);
#12111 = EDGE_CURVE('',#12065,#12089,#12112,.T.);
#12112 = SURFACE_CURVE('',#12113,(#12117,#12124),.PCURVE_S1.);
#12113 = LINE('',#12114,#12115);
#12114 = CARTESIAN_POINT('',(97.75,0.,-9.));
#12115 = VECTOR('',#12116,1.);
#12116 = DIRECTION('',(0.,0.,1.));
#12117 = PCURVE('',#11967,#12118);
#12118 = DEFINITIONAL_REPRESENTATION('',(#12119),#12123);
#12119 = LINE('',#12120,#12121);
#12120 = CARTESIAN_POINT('',(0.,97.75));
#12121 = VECTOR('',#12122,1.);
#12122 = DIRECTION('',(1.,0.));
#12123 = ( GEOMETRIC_REPRESENTATION_CONTEXT(2) 
PARAMETRIC_REPRESENTATION_CONTEXT() REPRESENTATION_CONTEXT('2D SPACE',''
  ) );
#12124 = PCURVE('',#12125,#12130);
#12125 = PLANE('',#12126);
#12126 = AXIS2_PLACEMENT_3D('',#12127,#12128,#12129);
#12127 = CARTESIAN_POINT('',(97.75,0.,-9.));
#12128 = DIRECTION('',(1.,0.,0.));
#12129 = DIRECTION('',(0.,0.,1.));
#12130 = DEFINITIONAL_REPRESENTATION('',(#12131),#12135);
#12131 = LINE('',#12132,#12133);
#12132 = CARTESIAN_POINT('',(0.,0.));
#12133 = VECTOR('',#12134,1.);
#12134 = DIRECTION('',(1.,0.));
#12135 = ( GEOMETRIC_REPRESENTATION_CONTEXT(2) 
PARAMETRIC_REPRESENTATION_CONTEXT() REPRESENTATION_CONTEXT('2D SPACE',''
  ) );
#12136 = ADVANCED_FACE('',(#12137,#12185,#12220,#12255,#12290),#12049,
  .T.);
#12137 = FACE_BOUND('',#12138,.T.);
#12138 = EDGE_LOOP('',(#12139,#12140,#12141,#12164));
#12139 = ORIENTED_EDGE('',*,*,#12035,.F.);
#12140 = ORIENTED_EDGE('',*,*,#12088,.T.);
#12141 = ORIENTED_EDGE('',*,*,#12142,.T.);
#12142 = EDGE_CURVE('',#12089,#12143,#12145,.T.);
#12143 = VERTEX_POINT('',#12144);
#12144 = CARTESIAN_POINT('',(97.75,91.5,-6.));
#12145 = SURFACE_CURVE('',#12146,(#12150,#12157),.PCURVE_S1.);
#12146 = LINE('',#12147,#12148);
#12147 = CARTESIAN_POINT('',(97.75,0.,-6.));
#12148 = VECTOR('',#12149,1.);
#12149 = DIRECTION('',(0.,1.,0.));
#12150 = PCURVE('',#12049,#12151);
#12151 = DEFINITIONAL_REPRESENTATION('',(#12152),#12156);
#12152 = LINE('',#12153,#12154);
#12153 = CARTESIAN_POINT('',(97.75,0.));
#12154 = VECTOR('',#12155,1.);
#12155 = DIRECTION('',(0.,1.));
#12156 = ( GEOMETRIC_REPRESENTATION_CONTEXT(2) 
PARAMETRIC_REPRESENTATION_CONTEXT() REPRESENTATION_CONTEXT('2D SPACE',''
  ) );
#12157 = PCURVE('',#12125,#12158);
#12158 = DEFINITIONAL_REPRESENTATION('',(#12159),#12163);
#12159 = LINE('',#12160,#12161);
#12160 = CARTESIAN_POINT('',(3.,0.));
#12161 = VECTOR('',#12162,1.);
#12162 = DIRECTION('',(0.,-1.));
#12163 = ( GEOMETRIC_REPRESENTATION_CONTEXT(2) 
PARAMETRIC_REPRESENTATION_CONTEXT() REPRESENTATION_CONTEXT('2D SPACE',''
  ) );
#12164 = ORIENTED_EDGE('',*,*,#12165,.F.);
#12165 = EDGE_CURVE('',#12008,#12143,#12166,.T.);
#12166 = SURFACE_CURVE('',#12167,(#12171,#12178),.PCURVE_S1.);
#12167 = LINE('',#12168,#12169);
#12168 = CARTESIAN_POINT('',(0.,91.5,-6.));
#12169 = VECTOR('',#12170,1.);
#12170 = DIRECTION('',(1.,0.,0.));
#12171 = PCURVE('',#12049,#12172);
#12172 = DEFINITIONAL_REPRESENTATION('',(#12173),#12177);
#12173 = LINE('',#12174,#12175);
#12174 = CARTESIAN_POINT('',(0.,91.5));
#12175 = VECTOR('',#12176,1.);
#12176 = DIRECTION('',(1.,0.));
#12177 = ( GEOMETRIC_REPRESENTATION_CONTEXT(2) 
PARAMETRIC_REPRESENTATION_CONTEXT() REPRESENTATION_CONTEXT('2D SPACE',''
  ) );
#12178 = PCURVE('',#12023,#12179);
#12179 = DEFINITIONAL_REPRESENTATION('',(#12180),#12184);
#12180 = LINE('',#12181,#12182);
#12181 = CARTESIAN_POINT('',(3.,0.));
#12182 = VECTOR('',#12183,1.);
#12183 = DIRECTION('',(0.,1.));
#12184 = ( GEOMETRIC_REPRESENTATION_CONTEXT(2) 
PARAMETRIC_REPRESENTATION_CONTEXT() REPRESENTATION_CONTEXT('2D SPACE',''
  ) );
#12185 = FACE_BOUND('',#12186,.T.);
#12186 = EDGE_LOOP('',(#12187));
#12187 = ORIENTED_EDGE('',*,*,#12188,.T.);
#12188 = EDGE_CURVE('',#12189,#12189,#12191,.T.);
#12189 = VERTEX_POINT('',#12190);
#12190 = CARTESIAN_POINT('',(3.625,2.5,-6.));
#12191 = SURFACE_CURVE('',#12192,(#12197,#12208),.PCURVE_S1.);
#12192 = CIRCLE('',#12193,1.125);
#12193 = AXIS2_PLACEMENT_3D('',#12194,#12195,#12196);
#12194 = CARTESIAN_POINT('',(2.5,2.5,-6.));
#12195 = DIRECTION('',(0.,0.,-1.));
#12196 = DIRECTION('',(1.,0.,0.));
#12197 = PCURVE('',#12049,#12198);
#12198 = DEFINITIONAL_REPRESENTATION('',(#12199),#12207);
#12199 = ( BOUNDED_CURVE() B_SPLINE_CURVE(2,(#12200,#12201,#12202,#12203
    ,#12204,#12205,#12206),.UNSPECIFIED.,.T.,.F.) 
B_SPLINE_CURVE_WITH_KNOTS((1,2,2,2,2,1),(-2.094395102393,0.,
    2.094395102393,4.188790204786,6.28318530718,8.377580409573),
.UNSPECIFIED.) CURVE() GEOMETRIC_REPRESENTATION_ITEM() 
RATIONAL_B_SPLINE_CURVE((1.,0.5,1.,0.5,1.,0.5,1.)) REPRESENTATION_ITEM(
  '') );
#12200 = CARTESIAN_POINT('',(3.625,2.5));
#12201 = CARTESIAN_POINT('',(3.625,0.551442841485));
#12202 = CARTESIAN_POINT('',(1.9375,1.525721420743));
#12203 = CARTESIAN_POINT('',(0.25,2.5));
#12204 = CARTESIAN_POINT('',(1.9375,3.474278579257));
#12205 = CARTESIAN_POINT('',(3.625,4.448557158515));
#12206 = CARTESIAN_POINT('',(3.625,2.5));
#12207 = ( GEOMETRIC_REPRESENTATION_CONTEXT(2) 
PARAMETRIC_REPRESENTATION_CONTEXT() REPRESENTATION_CONTEXT('2D SPACE',''
  ) );
#12208 = PCURVE('',#12209,#12214);
#12209 = CYLINDRICAL_SURFACE('',#12210,1.125);
#12210 = AXIS2_PLACEMENT_3D('',#12211,#12212,#12213);
#12211 = CARTESIAN_POINT('',(2.5,2.5,-10.));
#12212 = DIRECTION('',(-0.,-0.,-1.));
#12213 = DIRECTION('',(1.,0.,0.));
#12214 = DEFINITIONAL_REPRESENTATION('',(#12215),#12219);
#12215 = LINE('',#12216,#12217);
#12216 = CARTESIAN_POINT('',(-6.28318530718,-4.));
#12217 = VECTOR('',#12218,1.);
#12218 = DIRECTION('',(1.,-0.));
#12219 = ( GEOMETRIC_REPRESENTATION_CONTEXT(2) 
PARAMETRIC_REPRESENTATION_CONTEXT() REPRESENTATION_CONTEXT('2D SPACE',''
  ) );
#12220 = FACE_BOUND('',#12221,.T.);
#12221 = EDGE_LOOP('',(#12222));
#12222 = ORIENTED_EDGE('',*,*,#12223,.T.);
#12223 = EDGE_CURVE('',#12224,#12224,#12226,.T.);
#12224 = VERTEX_POINT('',#12225);
#12225 = CARTESIAN_POINT('',(93.875,2.75,-6.));
#12226 = SURFACE_CURVE('',#12227,(#12232,#12243),.PCURVE_S1.);
#12227 = CIRCLE('',#12228,1.125);
#12228 = AXIS2_PLACEMENT_3D('',#12229,#12230,#12231);
#12229 = CARTESIAN_POINT('',(92.75,2.75,-6.));
#12230 = DIRECTION('',(0.,0.,-1.));
#12231 = DIRECTION('',(1.,0.,0.));
#12232 = PCURVE('',#12049,#12233);
#12233 = DEFINITIONAL_REPRESENTATION('',(#12234),#12242);
#12234 = ( BOUNDED_CURVE() B_SPLINE_CURVE(2,(#12235,#12236,#12237,#12238
    ,#12239,#12240,#12241),.UNSPECIFIED.,.T.,.F.) 
B_SPLINE_CURVE_WITH_KNOTS((1,2,2,2,2,1),(-2.094395102393,0.,
    2.094395102393,4.188790204786,6.28318530718,8.377580409573),
.UNSPECIFIED.) CURVE() GEOMETRIC_REPRESENTATION_ITEM() 
RATIONAL_B_SPLINE_CURVE((1.,0.5,1.,0.5,1.,0.5,1.)) REPRESENTATION_ITEM(
  '') );
#12235 = CARTESIAN_POINT('',(93.875,2.75));
#12236 = CARTESIAN_POINT('',(93.875,0.801442841485));
#12237 = CARTESIAN_POINT('',(92.1875,1.775721420743));
#12238 = CARTESIAN_POINT('',(90.5,2.75));
#12239 = CARTESIAN_POINT('',(92.1875,3.724278579257));
#12240 = CARTESIAN_POINT('',(93.875,4.698557158515));
#12241 = CARTESIAN_POINT('',(93.875,2.75));
#12242 = ( GEOMETRIC_REPRESENTATION_CONTEXT(2) 
PARAMETRIC_REPRESENTATION_CONTEXT() REPRESENTATION_CONTEXT('2D SPACE',''
  ) );
#12243 = PCURVE('',#12244,#12249);
#12244 = CYLINDRICAL_SURFACE('',#12245,1.125);
#12245 = AXIS2_PLACEMENT_3D('',#12246,#12247,#12248);
#12246 = CARTESIAN_POINT('',(92.75,2.75,-10.));
#12247 = DIRECTION('',(-0.,-0.,-1.));
#12248 = DIRECTION('',(1.,0.,0.));
#12249 = DEFINITIONAL_REPRESENTATION('',(#12250),#12254);
#12250 = LINE('',#12251,#12252);
#12251 = CARTESIAN_POINT('',(-6.28318530718,-4.));
#12252 = VECTOR('',#12253,1.);
#12253 = DIRECTION('',(1.,-0.));
#12254 = ( GEOMETRIC_REPRESENTATION_CONTEXT(2) 
PARAMETRIC_REPRESENTATION_CONTEXT() REPRESENTATION_CONTEXT('2D SPACE',''
  ) );
#12255 = FACE_BOUND('',#12256,.T.);
#12256 = EDGE_LOOP('',(#12257));
#12257 = ORIENTED_EDGE('',*,*,#12258,.T.);
#12258 = EDGE_CURVE('',#12259,#12259,#12261,.T.);
#12259 = VERTEX_POINT('',#12260);
#12260 = CARTESIAN_POINT('',(3.875,88.75,-6.));
#12261 = SURFACE_CURVE('',#12262,(#12267,#12278),.PCURVE_S1.);
#12262 = CIRCLE('',#12263,1.125);
#12263 = AXIS2_PLACEMENT_3D('',#12264,#12265,#12266);
#12264 = CARTESIAN_POINT('',(2.75,88.75,-6.));
#12265 = DIRECTION('',(0.,0.,-1.));
#12266 = DIRECTION('',(1.,0.,0.));
#12267 = PCURVE('',#12049,#12268);
#12268 = DEFINITIONAL_REPRESENTATION('',(#12269),#12277);
#12269 = ( BOUNDED_CURVE() B_SPLINE_CURVE(2,(#12270,#12271,#12272,#12273
    ,#12274,#12275,#12276),.UNSPECIFIED.,.T.,.F.) 
B_SPLINE_CURVE_WITH_KNOTS((1,2,2,2,2,1),(-2.094395102393,0.,
    2.094395102393,4.188790204786,6.28318530718,8.377580409573),
.UNSPECIFIED.) CURVE() GEOMETRIC_REPRESENTATION_ITEM() 
RATIONAL_B_SPLINE_CURVE((1.,0.5,1.,0.5,1.,0.5,1.)) REPRESENTATION_ITEM(
  '') );
#12270 = CARTESIAN_POINT('',(3.875,88.75));
#12271 = CARTESIAN_POINT('',(3.875,86.801442841485));
#12272 = CARTESIAN_POINT('',(2.1875,87.775721420743));
#12273 = CARTESIAN_POINT('',(0.5,88.75));
#12274 = CARTESIAN_POINT('',(2.1875,89.724278579257));
#12275 = CARTESIAN_POINT('',(3.875,90.698557158515));
#12276 = CARTESIAN_POINT('',(3.875,88.75));
#12277 = ( GEOMETRIC_REPRESENTATION_CONTEXT(2) 
PARAMETRIC_REPRESENTATION_CONTEXT() REPRESENTATION_CONTEXT('2D SPACE',''
  ) );
#12278 = PCURVE('',#12279,#12284);
#12279 = CYLINDRICAL_SURFACE('',#12280,1.125);
#12280 = AXIS2_PLACEMENT_3D('',#12281,#12282,#12283);
#12281 = CARTESIAN_POINT('',(2.75,88.75,-10.));
#12282 = DIRECTION('',(-0.,-0.,-1.));
#12283 = DIRECTION('',(1.,0.,0.));
#12284 = DEFINITIONAL_REPRESENTATION('',(#12285),#12289);
#12285 = LINE('',#12286,#12287);
#12286 = CARTESIAN_POINT('',(-6.28318530718,-4.));
#12287 = VECTOR('',#12288,1.);
#12288 = DIRECTION('',(1.,-0.));
#12289 = ( GEOMETRIC_REPRESENTATION_CONTEXT(2) 
PARAMETRIC_REPRESENTATION_CONTEXT() REPRESENTATION_CONTEXT('2D SPACE',''
  ) );
#12290 = FACE_BOUND('',#12291,.T.);
#12291 = EDGE_LOOP('',(#12292));
#12292 = ORIENTED_EDGE('',*,*,#12293,.T.);
#12293 = EDGE_CURVE('',#12294,#12294,#12296,.T.);
#12294 = VERTEX_POINT('',#12295);
#12295 = CARTESIAN_POINT('',(93.875,88.5,-6.));
#12296 = SURFACE_CURVE('',#12297,(#12302,#12313),.PCURVE_S1.);
#12297 = CIRCLE('',#12298,1.125);
#12298 = AXIS2_PLACEMENT_3D('',#12299,#12300,#12301);
#12299 = CARTESIAN_POINT('',(92.75,88.5,-6.));
#12300 = DIRECTION('',(0.,0.,-1.));
#12301 = DIRECTION('',(1.,0.,0.));
#12302 = PCURVE('',#12049,#12303);
#12303 = DEFINITIONAL_REPRESENTATION('',(#12304),#12312);
#12304 = ( BOUNDED_CURVE() B_SPLINE_CURVE(2,(#12305,#12306,#12307,#12308
    ,#12309,#12310,#12311),.UNSPECIFIED.,.T.,.F.) 
B_SPLINE_CURVE_WITH_KNOTS((1,2,2,2,2,1),(-2.094395102393,0.,
    2.094395102393,4.188790204786,6.28318530718,8.377580409573),
.UNSPECIFIED.) CURVE() GEOMETRIC_REPRESENTATION_ITEM() 
RATIONAL_B_SPLINE_CURVE((1.,0.5,1.,0.5,1.,0.5,1.)) REPRESENTATION_ITEM(
  '') );
#12305 = CARTESIAN_POINT('',(93.875,88.5));
#12306 = CARTESIAN_POINT('',(93.875,86.551442841485));
#12307 = CARTESIAN_POINT('',(92.1875,87.525721420743));
#12308 = CARTESIAN_POINT('',(90.5,88.5));
#12309 = CARTESIAN_POINT('',(92.1875,89.474278579257));
#12310 = CARTESIAN_POINT('',(93.875,90.448557158515));
#12311 = CARTESIAN_POINT('',(93.875,88.5));
#12312 = ( GEOMETRIC_REPRESENTATION_CONTEXT(2) 
PARAMETRIC_REPRESENTATION_CONTEXT() REPRESENTATION_CONTEXT('2D SPACE',''
  ) );
#12313 = PCURVE('',#12314,#12319);
#12314 = CYLINDRICAL_SURFACE('',#12315,1.125);
#12315 = AXIS2_PLACEMENT_3D('',#12316,#12317,#12318);
#12316 = CARTESIAN_POINT('',(92.75,88.5,-10.));
#12317 = DIRECTION('',(-0.,-0.,-1.));
#12318 = DIRECTION('',(1.,0.,0.));
#12319 = DEFINITIONAL_REPRESENTATION('',(#12320),#12324);
#12320 = LINE('',#12321,#12322);
#12321 = CARTESIAN_POINT('',(-6.28318530718,-4.));
#12322 = VECTOR('',#12323,1.);
#12323 = DIRECTION('',(1.,-0.));
#12324 = ( GEOMETRIC_REPRESENTATION_CONTEXT(2) 
PARAMETRIC_REPRESENTATION_CONTEXT() REPRESENTATION_CONTEXT('2D SPACE',''
  ) );
#12325 = ADVANCED_FACE('',(#12326),#12023,.T.);
#12326 = FACE_BOUND('',#12327,.T.);
#12327 = EDGE_LOOP('',(#12328,#12351,#12352,#12353));
#12328 = ORIENTED_EDGE('',*,*,#12329,.F.);
#12329 = EDGE_CURVE('',#11980,#12330,#12332,.T.);
#12330 = VERTEX_POINT('',#12331);
#12331 = CARTESIAN_POINT('',(97.75,91.5,-9.));
#12332 = SURFACE_CURVE('',#12333,(#12337,#12344),.PCURVE_S1.);
#12333 = LINE('',#12334,#12335);
#12334 = CARTESIAN_POINT('',(0.,91.5,-9.));
#12335 = VECTOR('',#12336,1.);
#12336 = DIRECTION('',(1.,0.,0.));
#12337 = PCURVE('',#12023,#12338);
#12338 = DEFINITIONAL_REPRESENTATION('',(#12339),#12343);
#12339 = LINE('',#12340,#12341);
#12340 = CARTESIAN_POINT('',(0.,0.));
#12341 = VECTOR('',#12342,1.);
#12342 = DIRECTION('',(0.,1.));
#12343 = ( GEOMETRIC_REPRESENTATION_CONTEXT(2) 
PARAMETRIC_REPRESENTATION_CONTEXT() REPRESENTATION_CONTEXT('2D SPACE',''
  ) );
#12344 = PCURVE('',#11995,#12345);
#12345 = DEFINITIONAL_REPRESENTATION('',(#12346),#12350);
#12346 = LINE('',#12347,#12348);
#12347 = CARTESIAN_POINT('',(0.,91.5));
#12348 = VECTOR('',#12349,1.);
#12349 = DIRECTION('',(1.,0.));
#12350 = ( GEOMETRIC_REPRESENTATION_CONTEXT(2) 
PARAMETRIC_REPRESENTATION_CONTEXT() REPRESENTATION_CONTEXT('2D SPACE',''
  ) );
#12351 = ORIENTED_EDGE('',*,*,#12007,.T.);
#12352 = ORIENTED_EDGE('',*,*,#12165,.T.);
#12353 = ORIENTED_EDGE('',*,*,#12354,.F.);
#12354 = EDGE_CURVE('',#12330,#12143,#12355,.T.);
#12355 = SURFACE_CURVE('',#12356,(#12360,#12367),.PCURVE_S1.);
#12356 = LINE('',#12357,#12358);
#12357 = CARTESIAN_POINT('',(97.75,91.5,-9.));
#12358 = VECTOR('',#12359,1.);
#12359 = DIRECTION('',(0.,0.,1.));
#12360 = PCURVE('',#12023,#12361);
#12361 = DEFINITIONAL_REPRESENTATION('',(#12362),#12366);
#12362 = LINE('',#12363,#12364);
#12363 = CARTESIAN_POINT('',(0.,97.75));
#12364 = VECTOR('',#12365,1.);
#12365 = DIRECTION('',(1.,0.));
#12366 = ( GEOMETRIC_REPRESENTATION_CONTEXT(2) 
PARAMETRIC_REPRESENTATION_CONTEXT() REPRESENTATION_CONTEXT('2D SPACE',''
  ) );
#12367 = PCURVE('',#12125,#12368);
#12368 = DEFINITIONAL_REPRESENTATION('',(#12369),#12373);
#12369 = LINE('',#12370,#12371);
#12370 = CARTESIAN_POINT('',(0.,-91.5));
#12371 = VECTOR('',#12372,1.);
#12372 = DIRECTION('',(1.,0.));
#12373 = ( GEOMETRIC_REPRESENTATION_CONTEXT(2) 
PARAMETRIC_REPRESENTATION_CONTEXT() REPRESENTATION_CONTEXT('2D SPACE',''
  ) );
#12374 = ADVANCED_FACE('',(#12375,#12401,#12431,#12461,#12491),#11995,
  .F.);
#12375 = FACE_BOUND('',#12376,.F.);
#12376 = EDGE_LOOP('',(#12377,#12378,#12379,#12400));
#12377 = ORIENTED_EDGE('',*,*,#11979,.F.);
#12378 = ORIENTED_EDGE('',*,*,#12064,.T.);
#12379 = ORIENTED_EDGE('',*,*,#12380,.T.);
#12380 = EDGE_CURVE('',#12065,#12330,#12381,.T.);
#12381 = SURFACE_CURVE('',#12382,(#12386,#12393),.PCURVE_S1.);
#12382 = LINE('',#12383,#12384);
#12383 = CARTESIAN_POINT('',(97.75,0.,-9.));
#12384 = VECTOR('',#12385,1.);
#12385 = DIRECTION('',(0.,1.,0.));
#12386 = PCURVE('',#11995,#12387);
#12387 = DEFINITIONAL_REPRESENTATION('',(#12388),#12392);
#12388 = LINE('',#12389,#12390);
#12389 = CARTESIAN_POINT('',(97.75,0.));
#12390 = VECTOR('',#12391,1.);
#12391 = DIRECTION('',(0.,1.));
#12392 = ( GEOMETRIC_REPRESENTATION_CONTEXT(2) 
PARAMETRIC_REPRESENTATION_CONTEXT() REPRESENTATION_CONTEXT('2D SPACE',''
  ) );
#12393 = PCURVE('',#12125,#12394);
#12394 = DEFINITIONAL_REPRESENTATION('',(#12395),#12399);
#12395 = LINE('',#12396,#12397);
#12396 = CARTESIAN_POINT('',(0.,0.));
#12397 = VECTOR('',#12398,1.);
#12398 = DIRECTION('',(0.,-1.));
#12399 = ( GEOMETRIC_REPRESENTATION_CONTEXT(2) 
PARAMETRIC_REPRESENTATION_CONTEXT() REPRESENTATION_CONTEXT('2D SPACE',''
  ) );
#12400 = ORIENTED_EDGE('',*,*,#12329,.F.);
#12401 = FACE_BOUND('',#12402,.F.);
#12402 = EDGE_LOOP('',(#12403));
#12403 = ORIENTED_EDGE('',*,*,#12404,.T.);
#12404 = EDGE_CURVE('',#12405,#12405,#12407,.T.);
#12405 = VERTEX_POINT('',#12406);
#12406 = CARTESIAN_POINT('',(3.625,2.5,-9.));
#12407 = SURFACE_CURVE('',#12408,(#12413,#12424),.PCURVE_S1.);
#12408 = CIRCLE('',#12409,1.125);
#12409 = AXIS2_PLACEMENT_3D('',#12410,#12411,#12412);
#12410 = CARTESIAN_POINT('',(2.5,2.5,-9.));
#12411 = DIRECTION('',(0.,0.,-1.));
#12412 = DIRECTION('',(1.,0.,0.));
#12413 = PCURVE('',#11995,#12414);
#12414 = DEFINITIONAL_REPRESENTATION('',(#12415),#12423);
#12415 = ( BOUNDED_CURVE() B_SPLINE_CURVE(2,(#12416,#12417,#12418,#12419
    ,#12420,#12421,#12422),.UNSPECIFIED.,.T.,.F.) 
B_SPLINE_CURVE_WITH_KNOTS((1,2,2,2,2,1),(-2.094395102393,0.,
    2.094395102393,4.188790204786,6.28318530718,8.377580409573),
.UNSPECIFIED.) CURVE() GEOMETRIC_REPRESENTATION_ITEM() 
RATIONAL_B_SPLINE_CURVE((1.,0.5,1.,0.5,1.,0.5,1.)) REPRESENTATION_ITEM(
  '') );
#12416 = CARTESIAN_POINT('',(3.625,2.5));
#12417 = CARTESIAN_POINT('',(3.625,0.551442841485));
#12418 = CARTESIAN_POINT('',(1.9375,1.525721420743));
#12419 = CARTESIAN_POINT('',(0.25,2.5));
#12420 = CARTESIAN_POINT('',(1.9375,3.474278579257));
#12421 = CARTESIAN_POINT('',(3.625,4.448557158515));
#12422 = CARTESIAN_POINT('',(3.625,2.5));
#12423 = ( GEOMETRIC_REPRESENTATION_CONTEXT(2) 
PARAMETRIC_REPRESENTATION_CONTEXT() REPRESENTATION_CONTEXT('2D SPACE',''
  ) );
#12424 = PCURVE('',#12209,#12425);
#12425 = DEFINITIONAL_REPRESENTATION('',(#12426),#12430);
#12426 = LINE('',#12427,#12428);
#12427 = CARTESIAN_POINT('',(-6.28318530718,-1.));
#12428 = VECTOR('',#12429,1.);
#12429 = DIRECTION('',(1.,-0.));
#12430 = ( GEOMETRIC_REPRESENTATION_CONTEXT(2) 
PARAMETRIC_REPRESENTATION_CONTEXT() REPRESENTATION_CONTEXT('2D SPACE',''
  ) );
#12431 = FACE_BOUND('',#12432,.F.);
#12432 = EDGE_LOOP('',(#12433));
#12433 = ORIENTED_EDGE('',*,*,#12434,.T.);
#12434 = EDGE_CURVE('',#12435,#12435,#12437,.T.);
#12435 = VERTEX_POINT('',#12436);
#12436 = CARTESIAN_POINT('',(93.875,2.75,-9.));
#12437 = SURFACE_CURVE('',#12438,(#12443,#12454),.PCURVE_S1.);
#12438 = CIRCLE('',#12439,1.125);
#12439 = AXIS2_PLACEMENT_3D('',#12440,#12441,#12442);
#12440 = CARTESIAN_POINT('',(92.75,2.75,-9.));
#12441 = DIRECTION('',(0.,0.,-1.));
#12442 = DIRECTION('',(1.,0.,0.));
#12443 = PCURVE('',#11995,#12444);
#12444 = DEFINITIONAL_REPRESENTATION('',(#12445),#12453);
#12445 = ( BOUNDED_CURVE() B_SPLINE_CURVE(2,(#12446,#12447,#12448,#12449
    ,#12450,#12451,#12452),.UNSPECIFIED.,.T.,.F.) 
B_SPLINE_CURVE_WITH_KNOTS((1,2,2,2,2,1),(-2.094395102393,0.,
    2.094395102393,4.188790204786,6.28318530718,8.377580409573),
.UNSPECIFIED.) CURVE() GEOMETRIC_REPRESENTATION_ITEM() 
RATIONAL_B_SPLINE_CURVE((1.,0.5,1.,0.5,1.,0.5,1.)) REPRESENTATION_ITEM(
  '') );
#12446 = CARTESIAN_POINT('',(93.875,2.75));
#12447 = CARTESIAN_POINT('',(93.875,0.801442841485));
#12448 = CARTESIAN_POINT('',(92.1875,1.775721420743));
#12449 = CARTESIAN_POINT('',(90.5,2.75));
#12450 = CARTESIAN_POINT('',(92.1875,3.724278579257));
#12451 = CARTESIAN_POINT('',(93.875,4.698557158515));
#12452 = CARTESIAN_POINT('',(93.875,2.75));
#12453 = ( GEOMETRIC_REPRESENTATION_CONTEXT(2) 
PARAMETRIC_REPRESENTATION_CONTEXT() REPRESENTATION_CONTEXT('2D SPACE',''
  ) );
#12454 = PCURVE('',#12244,#12455);
#12455 = DEFINITIONAL_REPRESENTATION('',(#12456),#12460);
#12456 = LINE('',#12457,#12458);
#12457 = CARTESIAN_POINT('',(-6.28318530718,-1.));
#12458 = VECTOR('',#12459,1.);
#12459 = DIRECTION('',(1.,-0.));
#12460 = ( GEOMETRIC_REPRESENTATION_CONTEXT(2) 
PARAMETRIC_REPRESENTATION_CONTEXT() REPRESENTATION_CONTEXT('2D SPACE',''
  ) );
#12461 = FACE_BOUND('',#12462,.F.);
#12462 = EDGE_LOOP('',(#12463));
#12463 = ORIENTED_EDGE('',*,*,#12464,.T.);
#12464 = EDGE_CURVE('',#12465,#12465,#12467,.T.);
#12465 = VERTEX_POINT('',#12466);
#12466 = CARTESIAN_POINT('',(3.875,88.75,-9.));
#12467 = SURFACE_CURVE('',#12468,(#12473,#12484),.PCURVE_S1.);
#12468 = CIRCLE('',#12469,1.125);
#12469 = AXIS2_PLACEMENT_3D('',#12470,#12471,#12472);
#12470 = CARTESIAN_POINT('',(2.75,88.75,-9.));
#12471 = DIRECTION('',(0.,0.,-1.));
#12472 = DIRECTION('',(1.,0.,0.));
#12473 = PCURVE('',#11995,#12474);
#12474 = DEFINITIONAL_REPRESENTATION('',(#12475),#12483);
#12475 = ( BOUNDED_CURVE() B_SPLINE_CURVE(2,(#12476,#12477,#12478,#12479
    ,#12480,#12481,#12482),.UNSPECIFIED.,.T.,.F.) 
B_SPLINE_CURVE_WITH_KNOTS((1,2,2,2,2,1),(-2.094395102393,0.,
    2.094395102393,4.188790204786,6.28318530718,8.377580409573),
.UNSPECIFIED.) CURVE() GEOMETRIC_REPRESENTATION_ITEM() 
RATIONAL_B_SPLINE_CURVE((1.,0.5,1.,0.5,1.,0.5,1.)) REPRESENTATION_ITEM(
  '') );
#12476 = CARTESIAN_POINT('',(3.875,88.75));
#12477 = CARTESIAN_POINT('',(3.875,86.801442841485));
#12478 = CARTESIAN_POINT('',(2.1875,87.775721420743));
#12479 = CARTESIAN_POINT('',(0.5,88.75));
#12480 = CARTESIAN_POINT('',(2.1875,89.724278579257));
#12481 = CARTESIAN_POINT('',(3.875,90.698557158515));
#12482 = CARTESIAN_POINT('',(3.875,88.75));
#12483 = ( GEOMETRIC_REPRESENTATION_CONTEXT(2) 
PARAMETRIC_REPRESENTATION_CONTEXT() REPRESENTATION_CONTEXT('2D SPACE',''
  ) );
#12484 = PCURVE('',#12279,#12485);
#12485 = DEFINITIONAL_REPRESENTATION('',(#12486),#12490);
#12486 = LINE('',#12487,#12488);
#12487 = CARTESIAN_POINT('',(-6.28318530718,-1.));
#12488 = VECTOR('',#12489,1.);
#12489 = DIRECTION('',(1.,-0.));
#12490 = ( GEOMETRIC_REPRESENTATION_CONTEXT(2) 
PARAMETRIC_REPRESENTATION_CONTEXT() REPRESENTATION_CONTEXT('2D SPACE',''
  ) );
#12491 = FACE_BOUND('',#12492,.F.);
#12492 = EDGE_LOOP('',(#12493));
#12493 = ORIENTED_EDGE('',*,*,#12494,.T.);
#12494 = EDGE_CURVE('',#12495,#12495,#12497,.T.);
#12495 = VERTEX_POINT('',#12496);
#12496 = CARTESIAN_POINT('',(93.875,88.5,-9.));
#12497 = SURFACE_CURVE('',#12498,(#12503,#12514),.PCURVE_S1.);
#12498 = CIRCLE('',#12499,1.125);
#12499 = AXIS2_PLACEMENT_3D('',#12500,#12501,#12502);
#12500 = CARTESIAN_POINT('',(92.75,88.5,-9.));
#12501 = DIRECTION('',(0.,0.,-1.));
#12502 = DIRECTION('',(1.,0.,0.));
#12503 = PCURVE('',#11995,#12504);
#12504 = DEFINITIONAL_REPRESENTATION('',(#12505),#12513);
#12505 = ( BOUNDED_CURVE() B_SPLINE_CURVE(2,(#12506,#12507,#12508,#12509
    ,#12510,#12511,#12512),.UNSPECIFIED.,.T.,.F.) 
B_SPLINE_CURVE_WITH_KNOTS((1,2,2,2,2,1),(-2.094395102393,0.,
    2.094395102393,4.188790204786,6.28318530718,8.377580409573),
.UNSPECIFIED.) CURVE() GEOMETRIC_REPRESENTATION_ITEM() 
RATIONAL_B_SPLINE_CURVE((1.,0.5,1.,0.5,1.,0.5,1.)) REPRESENTATION_ITEM(
  '') );
#12506 = CARTESIAN_POINT('',(93.875,88.5));
#12507 = CARTESIAN_POINT('',(93.875,86.551442841485));
#12508 = CARTESIAN_POINT('',(92.1875,87.525721420743));
#12509 = CARTESIAN_POINT('',(90.5,88.5));
#12510 = CARTESIAN_POINT('',(92.1875,89.474278579257));
#12511 = CARTESIAN_POINT('',(93.875,90.448557158515));
#12512 = CARTESIAN_POINT('',(93.875,88.5));
#12513 = ( GEOMETRIC_REPRESENTATION_CONTEXT(2) 
PARAMETRIC_REPRESENTATION_CONTEXT() REPRESENTATION_CONTEXT('2D SPACE',''
  ) );
#12514 = PCURVE('',#12314,#12515);
#12515 = DEFINITIONAL_REPRESENTATION('',(#12516),#12520);
#12516 = LINE('',#12517,#12518);
#12517 = CARTESIAN_POINT('',(-6.28318530718,-1.));
#12518 = VECTOR('',#12519,1.);
#12519 = DIRECTION('',(1.,-0.));
#12520 = ( GEOMETRIC_REPRESENTATION_CONTEXT(2) 
PARAMETRIC_REPRESENTATION_CONTEXT() REPRESENTATION_CONTEXT('2D SPACE',''
  ) );
#12521 = ADVANCED_FACE('',(#12522),#12125,.T.);
#12522 = FACE_BOUND('',#12523,.T.);
#12523 = EDGE_LOOP('',(#12524,#12525,#12526,#12527));
#12524 = ORIENTED_EDGE('',*,*,#12111,.F.);
#12525 = ORIENTED_EDGE('',*,*,#12380,.T.);
#12526 = ORIENTED_EDGE('',*,*,#12354,.T.);
#12527 = ORIENTED_EDGE('',*,*,#12142,.F.);
#12528 = ADVANCED_FACE('',(#12529),#12209,.F.);
#12529 = FACE_BOUND('',#12530,.T.);
#12530 = EDGE_LOOP('',(#12531,#12532,#12553,#12554));
#12531 = ORIENTED_EDGE('',*,*,#12404,.T.);
#12532 = ORIENTED_EDGE('',*,*,#12533,.T.);
#12533 = EDGE_CURVE('',#12405,#12189,#12534,.T.);
#12534 = SEAM_CURVE('',#12535,(#12539,#12546),.PCURVE_S1.);
#12535 = LINE('',#12536,#12537);
#12536 = CARTESIAN_POINT('',(3.625,2.5,-10.));
#12537 = VECTOR('',#12538,1.);
#12538 = DIRECTION('',(0.,0.,1.));
#12539 = PCURVE('',#12209,#12540);
#12540 = DEFINITIONAL_REPRESENTATION('',(#12541),#12545);
#12541 = LINE('',#12542,#12543);
#12542 = CARTESIAN_POINT('',(-6.28318530718,0.));
#12543 = VECTOR('',#12544,1.);
#12544 = DIRECTION('',(-0.,-1.));
#12545 = ( GEOMETRIC_REPRESENTATION_CONTEXT(2) 
PARAMETRIC_REPRESENTATION_CONTEXT() REPRESENTATION_CONTEXT('2D SPACE',''
  ) );
#12546 = PCURVE('',#12209,#12547);
#12547 = DEFINITIONAL_REPRESENTATION('',(#12548),#12552);
#12548 = LINE('',#12549,#12550);
#12549 = CARTESIAN_POINT('',(-0.,0.));
#12550 = VECTOR('',#12551,1.);
#12551 = DIRECTION('',(-0.,-1.));
#12552 = ( GEOMETRIC_REPRESENTATION_CONTEXT(2) 
PARAMETRIC_REPRESENTATION_CONTEXT() REPRESENTATION_CONTEXT('2D SPACE',''
  ) );
#12553 = ORIENTED_EDGE('',*,*,#12188,.F.);
#12554 = ORIENTED_EDGE('',*,*,#12533,.F.);
#12555 = ADVANCED_FACE('',(#12556),#12244,.F.);
#12556 = FACE_BOUND('',#12557,.T.);
#12557 = EDGE_LOOP('',(#12558,#12559,#12580,#12581));
#12558 = ORIENTED_EDGE('',*,*,#12434,.T.);
#12559 = ORIENTED_EDGE('',*,*,#12560,.T.);
#12560 = EDGE_CURVE('',#12435,#12224,#12561,.T.);
#12561 = SEAM_CURVE('',#12562,(#12566,#12573),.PCURVE_S1.);
#12562 = LINE('',#12563,#12564);
#12563 = CARTESIAN_POINT('',(93.875,2.75,-10.));
#12564 = VECTOR('',#12565,1.);
#12565 = DIRECTION('',(0.,0.,1.));
#12566 = PCURVE('',#12244,#12567);
#12567 = DEFINITIONAL_REPRESENTATION('',(#12568),#12572);
#12568 = LINE('',#12569,#12570);
#12569 = CARTESIAN_POINT('',(-6.28318530718,0.));
#12570 = VECTOR('',#12571,1.);
#12571 = DIRECTION('',(-0.,-1.));
#12572 = ( GEOMETRIC_REPRESENTATION_CONTEXT(2) 
PARAMETRIC_REPRESENTATION_CONTEXT() REPRESENTATION_CONTEXT('2D SPACE',''
  ) );
#12573 = PCURVE('',#12244,#12574);
#12574 = DEFINITIONAL_REPRESENTATION('',(#12575),#12579);
#12575 = LINE('',#12576,#12577);
#12576 = CARTESIAN_POINT('',(-0.,0.));
#12577 = VECTOR('',#12578,1.);
#12578 = DIRECTION('',(-0.,-1.));
#12579 = ( GEOMETRIC_REPRESENTATION_CONTEXT(2) 
PARAMETRIC_REPRESENTATION_CONTEXT() REPRESENTATION_CONTEXT('2D SPACE',''
  ) );
#12580 = ORIENTED_EDGE('',*,*,#12223,.F.);
#12581 = ORIENTED_EDGE('',*,*,#12560,.F.);
#12582 = ADVANCED_FACE('',(#12583),#12279,.F.);
#12583 = FACE_BOUND('',#12584,.T.);
#12584 = EDGE_LOOP('',(#12585,#12586,#12607,#12608));
#12585 = ORIENTED_EDGE('',*,*,#12464,.T.);
#12586 = ORIENTED_EDGE('',*,*,#12587,.T.);
#12587 = EDGE_CURVE('',#12465,#12259,#12588,.T.);
#12588 = SEAM_CURVE('',#12589,(#12593,#12600),.PCURVE_S1.);
#12589 = LINE('',#12590,#12591);
#12590 = CARTESIAN_POINT('',(3.875,88.75,-10.));
#12591 = VECTOR('',#12592,1.);
#12592 = DIRECTION('',(0.,0.,1.));
#12593 = PCURVE('',#12279,#12594);
#12594 = DEFINITIONAL_REPRESENTATION('',(#12595),#12599);
#12595 = LINE('',#12596,#12597);
#12596 = CARTESIAN_POINT('',(-6.28318530718,0.));
#12597 = VECTOR('',#12598,1.);
#12598 = DIRECTION('',(-0.,-1.));
#12599 = ( GEOMETRIC_REPRESENTATION_CONTEXT(2) 
PARAMETRIC_REPRESENTATION_CONTEXT() REPRESENTATION_CONTEXT('2D SPACE',''
  ) );
#12600 = PCURVE('',#12279,#12601);
#12601 = DEFINITIONAL_REPRESENTATION('',(#12602),#12606);
#12602 = LINE('',#12603,#12604);
#12603 = CARTESIAN_POINT('',(-0.,0.));
#12604 = VECTOR('',#12605,1.);
#12605 = DIRECTION('',(-0.,-1.));
#12606 = ( GEOMETRIC_REPRESENTATION_CONTEXT(2) 
PARAMETRIC_REPRESENTATION_CONTEXT() REPRESENTATION_CONTEXT('2D SPACE',''
  ) );
#12607 = ORIENTED_EDGE('',*,*,#12258,.F.);
#12608 = ORIENTED_EDGE('',*,*,#12587,.F.);
#12609 = ADVANCED_FACE('',(#12610),#12314,.F.);
#12610 = FACE_BOUND('',#12611,.T.);
#12611 = EDGE_LOOP('',(#12612,#12613,#12634,#12635));
#12612 = ORIENTED_EDGE('',*,*,#12494,.T.);
#12613 = ORIENTED_EDGE('',*,*,#12614,.T.);
#12614 = EDGE_CURVE('',#12495,#12294,#12615,.T.);
#12615 = SEAM_CURVE('',#12616,(#12620,#12627),.PCURVE_S1.);
#12616 = LINE('',#12617,#12618);
#12617 = CARTESIAN_POINT('',(93.875,88.5,-10.));
#12618 = VECTOR('',#12619,1.);
#12619 = DIRECTION('',(0.,0.,1.));
#12620 = PCURVE('',#12314,#12621);
#12621 = DEFINITIONAL_REPRESENTATION('',(#12622),#12626);
#12622 = LINE('',#12623,#12624);
#12623 = CARTESIAN_POINT('',(-6.28318530718,0.));
#12624 = VECTOR('',#12625,1.);
#12625 = DIRECTION('',(-0.,-1.));
#12626 = ( GEOMETRIC_REPRESENTATION_CONTEXT(2) 
PARAMETRIC_REPRESENTATION_CONTEXT() REPRESENTATION_CONTEXT('2D SPACE',''
  ) );
#12627 = PCURVE('',#12314,#12628);
#12628 = DEFINITIONAL_REPRESENTATION('',(#12629),#12633);
#12629 = LINE('',#12630,#12631);
#12630 = CARTESIAN_POINT('',(-0.,0.));
#12631 = VECTOR('',#12632,1.);
#12632 = DIRECTION('',(-0.,-1.));
#12633 = ( GEOMETRIC_REPRESENTATION_CONTEXT(2) 
PARAMETRIC_REPRESENTATION_CONTEXT() REPRESENTATION_CONTEXT('2D SPACE',''
  ) );
#12634 = ORIENTED_EDGE('',*,*,#12293,.F.);
#12635 = ORIENTED_EDGE('',*,*,#12614,.F.);
#12636 = ( GEOMETRIC_REPRESENTATION_CONTEXT(3) 
GLOBAL_UNCERTAINTY_ASSIGNED_CONTEXT((#12640)) 
GLOBAL_UNIT_ASSIGNED_CONTEXT((#12637,#12638,#12639)) 
REPRESENTATION_CONTEXT('Context #1',
  '3D Context with UNIT and UNCERTAINTY') );
#12637 = ( LENGTH_UNIT() NAMED_UNIT(*) SI_UNIT(.MILLI.,.METRE.) );
#12638 = ( NAMED_UNIT(*) PLANE_ANGLE_UNIT() SI_UNIT($,.RADIAN.) );
#12639 = ( NAMED_UNIT(*) SI_UNIT($,.STERADIAN.) SOLID_ANGLE_UNIT() );
#12640 = UNCERTAINTY_MEASURE_WITH_UNIT(LENGTH_MEASURE(1.E-07),#12637,
  'distance_accuracy_value','confusion accuracy');
#12641 = CONTEXT_DEPENDENT_SHAPE_REPRESENTATION(#12642,#12644);
#12642 = ( REPRESENTATION_RELATIONSHIP('','',#11937,#10) 
REPRESENTATION_RELATIONSHIP_WITH_TRANSFORMATION(#12643) 
SHAPE_REPRESENTATION_RELATIONSHIP() );
#12643 = ITEM_DEFINED_TRANSFORMATION('','',#11,#51);
#12644 = PRODUCT_DEFINITION_SHAPE('Placement','Placement of an item',
  #12645);
#12645 = NEXT_ASSEMBLY_USAGE_OCCURRENCE('18','3mm base plate','',#5,
  #11932,$);
#12646 = PRODUCT_RELATED_PRODUCT_CATEGORY('part',$,(#11934));
#12647 = SHAPE_DEFINITION_REPRESENTATION(#12648,#12654);
#12648 = PRODUCT_DEFINITION_SHAPE('','',#12649);
#12649 = PRODUCT_DEFINITION('design','',#12650,#12653);
#12650 = PRODUCT_DEFINITION_FORMATION('','',#12651);
#12651 = PRODUCT('3mm switch deck','3mm switch deck','',(#12652));
#12652 = PRODUCT_CONTEXT('',#2,'mechanical');
#12653 = PRODUCT_DEFINITION_CONTEXT('part definition',#2,'design');
#12654 = ADVANCED_BREP_SHAPE_REPRESENTATION('',(#11,#12655),#16237);
#12655 = MANIFOLD_SOLID_BREP('',#12656);
#12656 = CLOSED_SHELL('',(#12657,#12777,#12853,#14066,#14115,#15096,
    #15103,#15130,#15177,#15204,#15231,#15238,#15265,#15312,#15339,
    #15366,#15373,#15420,#15447,#15474,#15481,#15508,#15555,#15582,
    #15609,#15616,#15663,#15690,#15717,#15724,#15771,#15798,#15825,
    #15832,#15859,#15906,#15933,#15960,#15967,#16014,#16041,#16068,
    #16075,#16122,#16149,#16176,#16183,#16210));
#12657 = ADVANCED_FACE('',(#12658),#12672,.F.);
#12658 = FACE_BOUND('',#12659,.F.);
#12659 = EDGE_LOOP('',(#12660,#12695,#12723,#12751));
#12660 = ORIENTED_EDGE('',*,*,#12661,.F.);
#12661 = EDGE_CURVE('',#12662,#12664,#12666,.T.);
#12662 = VERTEX_POINT('',#12663);
#12663 = CARTESIAN_POINT('',(0.,0.,5.));
#12664 = VERTEX_POINT('',#12665);
#12665 = CARTESIAN_POINT('',(0.,0.,8.));
#12666 = SURFACE_CURVE('',#12667,(#12671,#12683),.PCURVE_S1.);
#12667 = LINE('',#12668,#12669);
#12668 = CARTESIAN_POINT('',(0.,0.,5.));
#12669 = VECTOR('',#12670,1.);
#12670 = DIRECTION('',(0.,0.,1.));
#12671 = PCURVE('',#12672,#12677);
#12672 = PLANE('',#12673);
#12673 = AXIS2_PLACEMENT_3D('',#12674,#12675,#12676);
#12674 = CARTESIAN_POINT('',(0.,0.,5.));
#12675 = DIRECTION('',(1.,0.,0.));
#12676 = DIRECTION('',(0.,0.,1.));
#12677 = DEFINITIONAL_REPRESENTATION('',(#12678),#12682);
#12678 = LINE('',#12679,#12680);
#12679 = CARTESIAN_POINT('',(0.,0.));
#12680 = VECTOR('',#12681,1.);
#12681 = DIRECTION('',(1.,0.));
#12682 = ( GEOMETRIC_REPRESENTATION_CONTEXT(2) 
PARAMETRIC_REPRESENTATION_CONTEXT() REPRESENTATION_CONTEXT('2D SPACE',''
  ) );
#12683 = PCURVE('',#12684,#12689);
#12684 = PLANE('',#12685);
#12685 = AXIS2_PLACEMENT_3D('',#12686,#12687,#12688);
#12686 = CARTESIAN_POINT('',(0.,0.,5.));
#12687 = DIRECTION('',(0.,1.,0.));
#12688 = DIRECTION('',(0.,0.,1.));
#12689 = DEFINITIONAL_REPRESENTATION('',(#12690),#12694);
#12690 = LINE('',#12691,#12692);
#12691 = CARTESIAN_POINT('',(0.,0.));
#12692 = VECTOR('',#12693,1.);
#12693 = DIRECTION('',(1.,0.));
#12694 = ( GEOMETRIC_REPRESENTATION_CONTEXT(2) 
PARAMETRIC_REPRESENTATION_CONTEXT() REPRESENTATION_CONTEXT('2D SPACE',''
  ) );
#12695 = ORIENTED_EDGE('',*,*,#12696,.T.);
#12696 = EDGE_CURVE('',#12662,#12697,#12699,.T.);
#12697 = VERTEX_POINT('',#12698);
#12698 = CARTESIAN_POINT('',(0.,91.5,5.));
#12699 = SURFACE_CURVE('',#12700,(#12704,#12711),.PCURVE_S1.);
#12700 = LINE('',#12701,#12702);
#12701 = CARTESIAN_POINT('',(0.,0.,5.));
#12702 = VECTOR('',#12703,1.);
#12703 = DIRECTION('',(0.,1.,0.));
#12704 = PCURVE('',#12672,#12705);
#12705 = DEFINITIONAL_REPRESENTATION('',(#12706),#12710);
#12706 = LINE('',#12707,#12708);
#12707 = CARTESIAN_POINT('',(0.,0.));
#12708 = VECTOR('',#12709,1.);
#12709 = DIRECTION('',(0.,-1.));
#12710 = ( GEOMETRIC_REPRESENTATION_CONTEXT(2) 
PARAMETRIC_REPRESENTATION_CONTEXT() REPRESENTATION_CONTEXT('2D SPACE',''
  ) );
#12711 = PCURVE('',#12712,#12717);
#12712 = PLANE('',#12713);
#12713 = AXIS2_PLACEMENT_3D('',#12714,#12715,#12716);
#12714 = CARTESIAN_POINT('',(0.,0.,5.));
#12715 = DIRECTION('',(0.,0.,1.));
#12716 = DIRECTION('',(1.,0.,0.));
#12717 = DEFINITIONAL_REPRESENTATION('',(#12718),#12722);
#12718 = LINE('',#12719,#12720);
#12719 = CARTESIAN_POINT('',(0.,0.));
#12720 = VECTOR('',#12721,1.);
#12721 = DIRECTION('',(0.,1.));
#12722 = ( GEOMETRIC_REPRESENTATION_CONTEXT(2) 
PARAMETRIC_REPRESENTATION_CONTEXT() REPRESENTATION_CONTEXT('2D SPACE',''
  ) );
#12723 = ORIENTED_EDGE('',*,*,#12724,.T.);
#12724 = EDGE_CURVE('',#12697,#12725,#12727,.T.);
#12725 = VERTEX_POINT('',#12726);
#12726 = CARTESIAN_POINT('',(0.,91.5,8.));
#12727 = SURFACE_CURVE('',#12728,(#12732,#12739),.PCURVE_S1.);
#12728 = LINE('',#12729,#12730);
#12729 = CARTESIAN_POINT('',(0.,91.5,5.));
#12730 = VECTOR('',#12731,1.);
#12731 = DIRECTION('',(0.,0.,1.));
#12732 = PCURVE('',#12672,#12733);
#12733 = DEFINITIONAL_REPRESENTATION('',(#12734),#12738);
#12734 = LINE('',#12735,#12736);
#12735 = CARTESIAN_POINT('',(0.,-91.5));
#12736 = VECTOR('',#12737,1.);
#12737 = DIRECTION('',(1.,0.));
#12738 = ( GEOMETRIC_REPRESENTATION_CONTEXT(2) 
PARAMETRIC_REPRESENTATION_CONTEXT() REPRESENTATION_CONTEXT('2D SPACE',''
  ) );
#12739 = PCURVE('',#12740,#12745);
#12740 = PLANE('',#12741);
#12741 = AXIS2_PLACEMENT_3D('',#12742,#12743,#12744);
#12742 = CARTESIAN_POINT('',(0.,91.5,5.));
#12743 = DIRECTION('',(0.,1.,0.));
#12744 = DIRECTION('',(0.,0.,1.));
#12745 = DEFINITIONAL_REPRESENTATION('',(#12746),#12750);
#12746 = LINE('',#12747,#12748);
#12747 = CARTESIAN_POINT('',(0.,0.));
#12748 = VECTOR('',#12749,1.);
#12749 = DIRECTION('',(1.,0.));
#12750 = ( GEOMETRIC_REPRESENTATION_CONTEXT(2) 
PARAMETRIC_REPRESENTATION_CONTEXT() REPRESENTATION_CONTEXT('2D SPACE',''
  ) );
#12751 = ORIENTED_EDGE('',*,*,#12752,.F.);
#12752 = EDGE_CURVE('',#12664,#12725,#12753,.T.);
#12753 = SURFACE_CURVE('',#12754,(#12758,#12765),.PCURVE_S1.);
#12754 = LINE('',#12755,#12756);
#12755 = CARTESIAN_POINT('',(0.,0.,8.));
#12756 = VECTOR('',#12757,1.);
#12757 = DIRECTION('',(0.,1.,0.));
#12758 = PCURVE('',#12672,#12759);
#12759 = DEFINITIONAL_REPRESENTATION('',(#12760),#12764);
#12760 = LINE('',#12761,#12762);
#12761 = CARTESIAN_POINT('',(3.,0.));
#12762 = VECTOR('',#12763,1.);
#12763 = DIRECTION('',(0.,-1.));
#12764 = ( GEOMETRIC_REPRESENTATION_CONTEXT(2) 
PARAMETRIC_REPRESENTATION_CONTEXT() REPRESENTATION_CONTEXT('2D SPACE',''
  ) );
#12765 = PCURVE('',#12766,#12771);
#12766 = PLANE('',#12767);
#12767 = AXIS2_PLACEMENT_3D('',#12768,#12769,#12770);
#12768 = CARTESIAN_POINT('',(0.,0.,8.));
#12769 = DIRECTION('',(0.,0.,1.));
#12770 = DIRECTION('',(1.,0.,0.));
#12771 = DEFINITIONAL_REPRESENTATION('',(#12772),#12776);
#12772 = LINE('',#12773,#12774);
#12773 = CARTESIAN_POINT('',(0.,0.));
#12774 = VECTOR('',#12775,1.);
#12775 = DIRECTION('',(0.,1.));
#12776 = ( GEOMETRIC_REPRESENTATION_CONTEXT(2) 
PARAMETRIC_REPRESENTATION_CONTEXT() REPRESENTATION_CONTEXT('2D SPACE',''
  ) );
#12777 = ADVANCED_FACE('',(#12778),#12684,.F.);
#12778 = FACE_BOUND('',#12779,.F.);
#12779 = EDGE_LOOP('',(#12780,#12803,#12804,#12827));
#12780 = ORIENTED_EDGE('',*,*,#12781,.F.);
#12781 = EDGE_CURVE('',#12662,#12782,#12784,.T.);
#12782 = VERTEX_POINT('',#12783);
#12783 = CARTESIAN_POINT('',(97.75,0.,5.));
#12784 = SURFACE_CURVE('',#12785,(#12789,#12796),.PCURVE_S1.);
#12785 = LINE('',#12786,#12787);
#12786 = CARTESIAN_POINT('',(0.,0.,5.));
#12787 = VECTOR('',#12788,1.);
#12788 = DIRECTION('',(1.,0.,0.));
#12789 = PCURVE('',#12684,#12790);
#12790 = DEFINITIONAL_REPRESENTATION('',(#12791),#12795);
#12791 = LINE('',#12792,#12793);
#12792 = CARTESIAN_POINT('',(0.,0.));
#12793 = VECTOR('',#12794,1.);
#12794 = DIRECTION('',(0.,1.));
#12795 = ( GEOMETRIC_REPRESENTATION_CONTEXT(2) 
PARAMETRIC_REPRESENTATION_CONTEXT() REPRESENTATION_CONTEXT('2D SPACE',''
  ) );
#12796 = PCURVE('',#12712,#12797);
#12797 = DEFINITIONAL_REPRESENTATION('',(#12798),#12802);
#12798 = LINE('',#12799,#12800);
#12799 = CARTESIAN_POINT('',(0.,0.));
#12800 = VECTOR('',#12801,1.);
#12801 = DIRECTION('',(1.,0.));
#12802 = ( GEOMETRIC_REPRESENTATION_CONTEXT(2) 
PARAMETRIC_REPRESENTATION_CONTEXT() REPRESENTATION_CONTEXT('2D SPACE',''
  ) );
#12803 = ORIENTED_EDGE('',*,*,#12661,.T.);
#12804 = ORIENTED_EDGE('',*,*,#12805,.T.);
#12805 = EDGE_CURVE('',#12664,#12806,#12808,.T.);
#12806 = VERTEX_POINT('',#12807);
#12807 = CARTESIAN_POINT('',(97.75,0.,8.));
#12808 = SURFACE_CURVE('',#12809,(#12813,#12820),.PCURVE_S1.);
#12809 = LINE('',#12810,#12811);
#12810 = CARTESIAN_POINT('',(0.,0.,8.));
#12811 = VECTOR('',#12812,1.);
#12812 = DIRECTION('',(1.,0.,0.));
#12813 = PCURVE('',#12684,#12814);
#12814 = DEFINITIONAL_REPRESENTATION('',(#12815),#12819);
#12815 = LINE('',#12816,#12817);
#12816 = CARTESIAN_POINT('',(3.,0.));
#12817 = VECTOR('',#12818,1.);
#12818 = DIRECTION('',(0.,1.));
#12819 = ( GEOMETRIC_REPRESENTATION_CONTEXT(2) 
PARAMETRIC_REPRESENTATION_CONTEXT() REPRESENTATION_CONTEXT('2D SPACE',''
  ) );
#12820 = PCURVE('',#12766,#12821);
#12821 = DEFINITIONAL_REPRESENTATION('',(#12822),#12826);
#12822 = LINE('',#12823,#12824);
#12823 = CARTESIAN_POINT('',(0.,0.));
#12824 = VECTOR('',#12825,1.);
#12825 = DIRECTION('',(1.,0.));
#12826 = ( GEOMETRIC_REPRESENTATION_CONTEXT(2) 
PARAMETRIC_REPRESENTATION_CONTEXT() REPRESENTATION_CONTEXT('2D SPACE',''
  ) );
#12827 = ORIENTED_EDGE('',*,*,#12828,.F.);
#12828 = EDGE_CURVE('',#12782,#12806,#12829,.T.);
#12829 = SURFACE_CURVE('',#12830,(#12834,#12841),.PCURVE_S1.);
#12830 = LINE('',#12831,#12832);
#12831 = CARTESIAN_POINT('',(97.75,0.,5.));
#12832 = VECTOR('',#12833,1.);
#12833 = DIRECTION('',(0.,0.,1.));
#12834 = PCURVE('',#12684,#12835);
#12835 = DEFINITIONAL_REPRESENTATION('',(#12836),#12840);
#12836 = LINE('',#12837,#12838);
#12837 = CARTESIAN_POINT('',(0.,97.75));
#12838 = VECTOR('',#12839,1.);
#12839 = DIRECTION('',(1.,0.));
#12840 = ( GEOMETRIC_REPRESENTATION_CONTEXT(2) 
PARAMETRIC_REPRESENTATION_CONTEXT() REPRESENTATION_CONTEXT('2D SPACE',''
  ) );
#12841 = PCURVE('',#12842,#12847);
#12842 = PLANE('',#12843);
#12843 = AXIS2_PLACEMENT_3D('',#12844,#12845,#12846);
#12844 = CARTESIAN_POINT('',(97.75,0.,5.));
#12845 = DIRECTION('',(1.,0.,0.));
#12846 = DIRECTION('',(0.,0.,1.));
#12847 = DEFINITIONAL_REPRESENTATION('',(#12848),#12852);
#12848 = LINE('',#12849,#12850);
#12849 = CARTESIAN_POINT('',(0.,0.));
#12850 = VECTOR('',#12851,1.);
#12851 = DIRECTION('',(1.,0.));
#12852 = ( GEOMETRIC_REPRESENTATION_CONTEXT(2) 
PARAMETRIC_REPRESENTATION_CONTEXT() REPRESENTATION_CONTEXT('2D SPACE',''
  ) );
#12853 = ADVANCED_FACE('',(#12854,#12902,#12937,#13043,#13078,#13184,
    #13290,#13325,#13431,#13537,#13643,#13678,#13784,#13890,#13996,
    #14031),#12766,.T.);
#12854 = FACE_BOUND('',#12855,.T.);
#12855 = EDGE_LOOP('',(#12856,#12857,#12858,#12881));
#12856 = ORIENTED_EDGE('',*,*,#12752,.F.);
#12857 = ORIENTED_EDGE('',*,*,#12805,.T.);
#12858 = ORIENTED_EDGE('',*,*,#12859,.T.);
#12859 = EDGE_CURVE('',#12806,#12860,#12862,.T.);
#12860 = VERTEX_POINT('',#12861);
#12861 = CARTESIAN_POINT('',(97.75,91.5,8.));
#12862 = SURFACE_CURVE('',#12863,(#12867,#12874),.PCURVE_S1.);
#12863 = LINE('',#12864,#12865);
#12864 = CARTESIAN_POINT('',(97.75,0.,8.));
#12865 = VECTOR('',#12866,1.);
#12866 = DIRECTION('',(0.,1.,0.));
#12867 = PCURVE('',#12766,#12868);
#12868 = DEFINITIONAL_REPRESENTATION('',(#12869),#12873);
#12869 = LINE('',#12870,#12871);
#12870 = CARTESIAN_POINT('',(97.75,0.));
#12871 = VECTOR('',#12872,1.);
#12872 = DIRECTION('',(0.,1.));
#12873 = ( GEOMETRIC_REPRESENTATION_CONTEXT(2) 
PARAMETRIC_REPRESENTATION_CONTEXT() REPRESENTATION_CONTEXT('2D SPACE',''
  ) );
#12874 = PCURVE('',#12842,#12875);
#12875 = DEFINITIONAL_REPRESENTATION('',(#12876),#12880);
#12876 = LINE('',#12877,#12878);
#12877 = CARTESIAN_POINT('',(3.,0.));
#12878 = VECTOR('',#12879,1.);
#12879 = DIRECTION('',(0.,-1.));
#12880 = ( GEOMETRIC_REPRESENTATION_CONTEXT(2) 
PARAMETRIC_REPRESENTATION_CONTEXT() REPRESENTATION_CONTEXT('2D SPACE',''
  ) );
#12881 = ORIENTED_EDGE('',*,*,#12882,.F.);
#12882 = EDGE_CURVE('',#12725,#12860,#12883,.T.);
#12883 = SURFACE_CURVE('',#12884,(#12888,#12895),.PCURVE_S1.);
#12884 = LINE('',#12885,#12886);
#12885 = CARTESIAN_POINT('',(0.,91.5,8.));
#12886 = VECTOR('',#12887,1.);
#12887 = DIRECTION('',(1.,0.,0.));
#12888 = PCURVE('',#12766,#12889);
#12889 = DEFINITIONAL_REPRESENTATION('',(#12890),#12894);
#12890 = LINE('',#12891,#12892);
#12891 = CARTESIAN_POINT('',(0.,91.5));
#12892 = VECTOR('',#12893,1.);
#12893 = DIRECTION('',(1.,0.));
#12894 = ( GEOMETRIC_REPRESENTATION_CONTEXT(2) 
PARAMETRIC_REPRESENTATION_CONTEXT() REPRESENTATION_CONTEXT('2D SPACE',''
  ) );
#12895 = PCURVE('',#12740,#12896);
#12896 = DEFINITIONAL_REPRESENTATION('',(#12897),#12901);
#12897 = LINE('',#12898,#12899);
#12898 = CARTESIAN_POINT('',(3.,0.));
#12899 = VECTOR('',#12900,1.);
#12900 = DIRECTION('',(0.,1.));
#12901 = ( GEOMETRIC_REPRESENTATION_CONTEXT(2) 
PARAMETRIC_REPRESENTATION_CONTEXT() REPRESENTATION_CONTEXT('2D SPACE',''
  ) );
#12902 = FACE_BOUND('',#12903,.T.);
#12903 = EDGE_LOOP('',(#12904));
#12904 = ORIENTED_EDGE('',*,*,#12905,.T.);
#12905 = EDGE_CURVE('',#12906,#12906,#12908,.T.);
#12906 = VERTEX_POINT('',#12907);
#12907 = CARTESIAN_POINT('',(3.625,2.5,8.));
#12908 = SURFACE_CURVE('',#12909,(#12914,#12925),.PCURVE_S1.);
#12909 = CIRCLE('',#12910,1.125);
#12910 = AXIS2_PLACEMENT_3D('',#12911,#12912,#12913);
#12911 = CARTESIAN_POINT('',(2.5,2.5,8.));
#12912 = DIRECTION('',(0.,0.,-1.));
#12913 = DIRECTION('',(1.,0.,0.));
#12914 = PCURVE('',#12766,#12915);
#12915 = DEFINITIONAL_REPRESENTATION('',(#12916),#12924);
#12916 = ( BOUNDED_CURVE() B_SPLINE_CURVE(2,(#12917,#12918,#12919,#12920
    ,#12921,#12922,#12923),.UNSPECIFIED.,.T.,.F.) 
B_SPLINE_CURVE_WITH_KNOTS((1,2,2,2,2,1),(-2.094395102393,0.,
    2.094395102393,4.188790204786,6.28318530718,8.377580409573),
.UNSPECIFIED.) CURVE() GEOMETRIC_REPRESENTATION_ITEM() 
RATIONAL_B_SPLINE_CURVE((1.,0.5,1.,0.5,1.,0.5,1.)) REPRESENTATION_ITEM(
  '') );
#12917 = CARTESIAN_POINT('',(3.625,2.5));
#12918 = CARTESIAN_POINT('',(3.625,0.551442841485));
#12919 = CARTESIAN_POINT('',(1.9375,1.525721420743));
#12920 = CARTESIAN_POINT('',(0.25,2.5));
#12921 = CARTESIAN_POINT('',(1.9375,3.474278579257));
#12922 = CARTESIAN_POINT('',(3.625,4.448557158515));
#12923 = CARTESIAN_POINT('',(3.625,2.5));
#12924 = ( GEOMETRIC_REPRESENTATION_CONTEXT(2) 
PARAMETRIC_REPRESENTATION_CONTEXT() REPRESENTATION_CONTEXT('2D SPACE',''
  ) );
#12925 = PCURVE('',#12926,#12931);
#12926 = CYLINDRICAL_SURFACE('',#12927,1.125);
#12927 = AXIS2_PLACEMENT_3D('',#12928,#12929,#12930);
#12928 = CARTESIAN_POINT('',(2.5,2.5,4.));
#12929 = DIRECTION('',(-0.,-0.,-1.));
#12930 = DIRECTION('',(1.,0.,0.));
#12931 = DEFINITIONAL_REPRESENTATION('',(#12932),#12936);
#12932 = LINE('',#12933,#12934);
#12933 = CARTESIAN_POINT('',(-6.28318530718,-4.));
#12934 = VECTOR('',#12935,1.);
#12935 = DIRECTION('',(1.,-0.));
#12936 = ( GEOMETRIC_REPRESENTATION_CONTEXT(2) 
PARAMETRIC_REPRESENTATION_CONTEXT() REPRESENTATION_CONTEXT('2D SPACE',''
  ) );
#12937 = FACE_BOUND('',#12938,.T.);
#12938 = EDGE_LOOP('',(#12939,#12967,#12993,#13019));
#12939 = ORIENTED_EDGE('',*,*,#12940,.T.);
#12940 = EDGE_CURVE('',#12941,#12943,#12945,.T.);
#12941 = VERTEX_POINT('',#12942);
#12942 = CARTESIAN_POINT('',(81.575,2.925,8.));
#12943 = VERTEX_POINT('',#12944);
#12944 = CARTESIAN_POINT('',(71.425,2.925,8.));
#12945 = SURFACE_CURVE('',#12946,(#12950,#12956),.PCURVE_S1.);
#12946 = LINE('',#12947,#12948);
#12947 = CARTESIAN_POINT('',(35.7125,2.925,8.));
#12948 = VECTOR('',#12949,1.);
#12949 = DIRECTION('',(-1.,0.,0.));
#12950 = PCURVE('',#12766,#12951);
#12951 = DEFINITIONAL_REPRESENTATION('',(#12952),#12955);
#12952 = B_SPLINE_CURVE_WITH_KNOTS('',1,(#12953,#12954),.UNSPECIFIED.,
  .F.,.F.,(2,2),(-45.8625,-35.7125),.PIECEWISE_BEZIER_KNOTS.);
#12953 = CARTESIAN_POINT('',(81.575,2.925));
#12954 = CARTESIAN_POINT('',(71.425,2.925));
#12955 = ( GEOMETRIC_REPRESENTATION_CONTEXT(2) 
PARAMETRIC_REPRESENTATION_CONTEXT() REPRESENTATION_CONTEXT('2D SPACE',''
  ) );
#12956 = PCURVE('',#12957,#12962);
#12957 = PLANE('',#12958);
#12958 = AXIS2_PLACEMENT_3D('',#12959,#12960,#12961);
#12959 = CARTESIAN_POINT('',(71.425,2.925,4.));
#12960 = DIRECTION('',(0.,1.,0.));
#12961 = DIRECTION('',(0.,0.,1.));
#12962 = DEFINITIONAL_REPRESENTATION('',(#12963),#12966);
#12963 = B_SPLINE_CURVE_WITH_KNOTS('',1,(#12964,#12965),.UNSPECIFIED.,
  .F.,.F.,(2,2),(-45.8625,-35.7125),.PIECEWISE_BEZIER_KNOTS.);
#12964 = CARTESIAN_POINT('',(4.,10.15));
#12965 = CARTESIAN_POINT('',(4.,0.));
#12966 = ( GEOMETRIC_REPRESENTATION_CONTEXT(2) 
PARAMETRIC_REPRESENTATION_CONTEXT() REPRESENTATION_CONTEXT('2D SPACE',''
  ) );
#12967 = ORIENTED_EDGE('',*,*,#12968,.T.);
#12968 = EDGE_CURVE('',#12943,#12969,#12971,.T.);
#12969 = VERTEX_POINT('',#12970);
#12970 = CARTESIAN_POINT('',(71.425,9.075,8.));
#12971 = SURFACE_CURVE('',#12972,(#12976,#12982),.PCURVE_S1.);
#12972 = LINE('',#12973,#12974);
#12973 = CARTESIAN_POINT('',(71.425,1.4625,8.));
#12974 = VECTOR('',#12975,1.);
#12975 = DIRECTION('',(0.,1.,0.));
#12976 = PCURVE('',#12766,#12977);
#12977 = DEFINITIONAL_REPRESENTATION('',(#12978),#12981);
#12978 = B_SPLINE_CURVE_WITH_KNOTS('',1,(#12979,#12980),.UNSPECIFIED.,
  .F.,.F.,(2,2),(1.4625,7.6125),.PIECEWISE_BEZIER_KNOTS.);
#12979 = CARTESIAN_POINT('',(71.425,2.925));
#12980 = CARTESIAN_POINT('',(71.425,9.075));
#12981 = ( GEOMETRIC_REPRESENTATION_CONTEXT(2) 
PARAMETRIC_REPRESENTATION_CONTEXT() REPRESENTATION_CONTEXT('2D SPACE',''
  ) );
#12982 = PCURVE('',#12983,#12988);
#12983 = PLANE('',#12984);
#12984 = AXIS2_PLACEMENT_3D('',#12985,#12986,#12987);
#12985 = CARTESIAN_POINT('',(71.425,2.925,4.));
#12986 = DIRECTION('',(1.,0.,0.));
#12987 = DIRECTION('',(0.,0.,1.));
#12988 = DEFINITIONAL_REPRESENTATION('',(#12989),#12992);
#12989 = B_SPLINE_CURVE_WITH_KNOTS('',1,(#12990,#12991),.UNSPECIFIED.,
  .F.,.F.,(2,2),(1.4625,7.6125),.PIECEWISE_BEZIER_KNOTS.);
#12990 = CARTESIAN_POINT('',(4.,0.));
#12991 = CARTESIAN_POINT('',(4.,-6.15));
#12992 = ( GEOMETRIC_REPRESENTATION_CONTEXT(2) 
PARAMETRIC_REPRESENTATION_CONTEXT() REPRESENTATION_CONTEXT('2D SPACE',''
  ) );
#12993 = ORIENTED_EDGE('',*,*,#12994,.F.);
#12994 = EDGE_CURVE('',#12995,#12969,#12997,.T.);
#12995 = VERTEX_POINT('',#12996);
#12996 = CARTESIAN_POINT('',(81.575,9.075,8.));
#12997 = SURFACE_CURVE('',#12998,(#13002,#13008),.PCURVE_S1.);
#12998 = LINE('',#12999,#13000);
#12999 = CARTESIAN_POINT('',(35.7125,9.075,8.));
#13000 = VECTOR('',#13001,1.);
#13001 = DIRECTION('',(-1.,0.,0.));
#13002 = PCURVE('',#12766,#13003);
#13003 = DEFINITIONAL_REPRESENTATION('',(#13004),#13007);
#13004 = B_SPLINE_CURVE_WITH_KNOTS('',1,(#13005,#13006),.UNSPECIFIED.,
  .F.,.F.,(2,2),(-45.8625,-35.7125),.PIECEWISE_BEZIER_KNOTS.);
#13005 = CARTESIAN_POINT('',(81.575,9.075));
#13006 = CARTESIAN_POINT('',(71.425,9.075));
#13007 = ( GEOMETRIC_REPRESENTATION_CONTEXT(2) 
PARAMETRIC_REPRESENTATION_CONTEXT() REPRESENTATION_CONTEXT('2D SPACE',''
  ) );
#13008 = PCURVE('',#13009,#13014);
#13009 = PLANE('',#13010);
#13010 = AXIS2_PLACEMENT_3D('',#13011,#13012,#13013);
#13011 = CARTESIAN_POINT('',(71.425,9.075,4.));
#13012 = DIRECTION('',(0.,1.,0.));
#13013 = DIRECTION('',(0.,0.,1.));
#13014 = DEFINITIONAL_REPRESENTATION('',(#13015),#13018);
#13015 = B_SPLINE_CURVE_WITH_KNOTS('',1,(#13016,#13017),.UNSPECIFIED.,
  .F.,.F.,(2,2),(-45.8625,-35.7125),.PIECEWISE_BEZIER_KNOTS.);
#13016 = CARTESIAN_POINT('',(4.,10.15));
#13017 = CARTESIAN_POINT('',(4.,0.));
#13018 = ( GEOMETRIC_REPRESENTATION_CONTEXT(2) 
PARAMETRIC_REPRESENTATION_CONTEXT() REPRESENTATION_CONTEXT('2D SPACE',''
  ) );
#13019 = ORIENTED_EDGE('',*,*,#13020,.F.);
#13020 = EDGE_CURVE('',#12941,#12995,#13021,.T.);
#13021 = SURFACE_CURVE('',#13022,(#13026,#13032),.PCURVE_S1.);
#13022 = LINE('',#13023,#13024);
#13023 = CARTESIAN_POINT('',(81.575,1.4625,8.));
#13024 = VECTOR('',#13025,1.);
#13025 = DIRECTION('',(0.,1.,0.));
#13026 = PCURVE('',#12766,#13027);
#13027 = DEFINITIONAL_REPRESENTATION('',(#13028),#13031);
#13028 = B_SPLINE_CURVE_WITH_KNOTS('',1,(#13029,#13030),.UNSPECIFIED.,
  .F.,.F.,(2,2),(1.4625,7.6125),.PIECEWISE_BEZIER_KNOTS.);
#13029 = CARTESIAN_POINT('',(81.575,2.925));
#13030 = CARTESIAN_POINT('',(81.575,9.075));
#13031 = ( GEOMETRIC_REPRESENTATION_CONTEXT(2) 
PARAMETRIC_REPRESENTATION_CONTEXT() REPRESENTATION_CONTEXT('2D SPACE',''
  ) );
#13032 = PCURVE('',#13033,#13038);
#13033 = PLANE('',#13034);
#13034 = AXIS2_PLACEMENT_3D('',#13035,#13036,#13037);
#13035 = CARTESIAN_POINT('',(81.575,2.925,4.));
#13036 = DIRECTION('',(1.,0.,0.));
#13037 = DIRECTION('',(0.,0.,1.));
#13038 = DEFINITIONAL_REPRESENTATION('',(#13039),#13042);
#13039 = B_SPLINE_CURVE_WITH_KNOTS('',1,(#13040,#13041),.UNSPECIFIED.,
  .F.,.F.,(2,2),(1.4625,7.6125),.PIECEWISE_BEZIER_KNOTS.);
#13040 = CARTESIAN_POINT('',(4.,0.));
#13041 = CARTESIAN_POINT('',(4.,-6.15));
#13042 = ( GEOMETRIC_REPRESENTATION_CONTEXT(2) 
PARAMETRIC_REPRESENTATION_CONTEXT() REPRESENTATION_CONTEXT('2D SPACE',''
  ) );
#13043 = FACE_BOUND('',#13044,.T.);
#13044 = EDGE_LOOP('',(#13045));
#13045 = ORIENTED_EDGE('',*,*,#13046,.T.);
#13046 = EDGE_CURVE('',#13047,#13047,#13049,.T.);
#13047 = VERTEX_POINT('',#13048);
#13048 = CARTESIAN_POINT('',(93.875,2.75,8.));
#13049 = SURFACE_CURVE('',#13050,(#13055,#13066),.PCURVE_S1.);
#13050 = CIRCLE('',#13051,1.125);
#13051 = AXIS2_PLACEMENT_3D('',#13052,#13053,#13054);
#13052 = CARTESIAN_POINT('',(92.75,2.75,8.));
#13053 = DIRECTION('',(0.,0.,-1.));
#13054 = DIRECTION('',(1.,0.,0.));
#13055 = PCURVE('',#12766,#13056);
#13056 = DEFINITIONAL_REPRESENTATION('',(#13057),#13065);
#13057 = ( BOUNDED_CURVE() B_SPLINE_CURVE(2,(#13058,#13059,#13060,#13061
    ,#13062,#13063,#13064),.UNSPECIFIED.,.T.,.F.) 
B_SPLINE_CURVE_WITH_KNOTS((1,2,2,2,2,1),(-2.094395102393,0.,
    2.094395102393,4.188790204786,6.28318530718,8.377580409573),
.UNSPECIFIED.) CURVE() GEOMETRIC_REPRESENTATION_ITEM() 
RATIONAL_B_SPLINE_CURVE((1.,0.5,1.,0.5,1.,0.5,1.)) REPRESENTATION_ITEM(
  '') );
#13058 = CARTESIAN_POINT('',(93.875,2.75));
#13059 = CARTESIAN_POINT('',(93.875,0.801442841485));
#13060 = CARTESIAN_POINT('',(92.1875,1.775721420743));
#13061 = CARTESIAN_POINT('',(90.5,2.75));
#13062 = CARTESIAN_POINT('',(92.1875,3.724278579257));
#13063 = CARTESIAN_POINT('',(93.875,4.698557158515));
#13064 = CARTESIAN_POINT('',(93.875,2.75));
#13065 = ( GEOMETRIC_REPRESENTATION_CONTEXT(2) 
PARAMETRIC_REPRESENTATION_CONTEXT() REPRESENTATION_CONTEXT('2D SPACE',''
  ) );
#13066 = PCURVE('',#13067,#13072);
#13067 = CYLINDRICAL_SURFACE('',#13068,1.125);
#13068 = AXIS2_PLACEMENT_3D('',#13069,#13070,#13071);
#13069 = CARTESIAN_POINT('',(92.75,2.75,4.));
#13070 = DIRECTION('',(-0.,-0.,-1.));
#13071 = DIRECTION('',(1.,0.,0.));
#13072 = DEFINITIONAL_REPRESENTATION('',(#13073),#13077);
#13073 = LINE('',#13074,#13075);
#13074 = CARTESIAN_POINT('',(-6.28318530718,-4.));
#13075 = VECTOR('',#13076,1.);
#13076 = DIRECTION('',(1.,-0.));
#13077 = ( GEOMETRIC_REPRESENTATION_CONTEXT(2) 
PARAMETRIC_REPRESENTATION_CONTEXT() REPRESENTATION_CONTEXT('2D SPACE',''
  ) );
#13078 = FACE_BOUND('',#13079,.T.);
#13079 = EDGE_LOOP('',(#13080,#13108,#13134,#13160));
#13080 = ORIENTED_EDGE('',*,*,#13081,.T.);
#13081 = EDGE_CURVE('',#13082,#13084,#13086,.T.);
#13082 = VERTEX_POINT('',#13083);
#13083 = CARTESIAN_POINT('',(21.125,53.915,8.));
#13084 = VERTEX_POINT('',#13085);
#13085 = CARTESIAN_POINT('',(6.875,53.915,8.));
#13086 = SURFACE_CURVE('',#13087,(#13091,#13097),.PCURVE_S1.);
#13087 = LINE('',#13088,#13089);
#13088 = CARTESIAN_POINT('',(3.4375,53.915,8.));
#13089 = VECTOR('',#13090,1.);
#13090 = DIRECTION('',(-1.,0.,0.));
#13091 = PCURVE('',#12766,#13092);
#13092 = DEFINITIONAL_REPRESENTATION('',(#13093),#13096);
#13093 = B_SPLINE_CURVE_WITH_KNOTS('',1,(#13094,#13095),.UNSPECIFIED.,
  .F.,.F.,(2,2),(-17.6875,-3.4375),.PIECEWISE_BEZIER_KNOTS.);
#13094 = CARTESIAN_POINT('',(21.125,53.915));
#13095 = CARTESIAN_POINT('',(6.875,53.915));
#13096 = ( GEOMETRIC_REPRESENTATION_CONTEXT(2) 
PARAMETRIC_REPRESENTATION_CONTEXT() REPRESENTATION_CONTEXT('2D SPACE',''
  ) );
#13097 = PCURVE('',#13098,#13103);
#13098 = PLANE('',#13099);
#13099 = AXIS2_PLACEMENT_3D('',#13100,#13101,#13102);
#13100 = CARTESIAN_POINT('',(6.875,53.915,4.));
#13101 = DIRECTION('',(0.,1.,0.));
#13102 = DIRECTION('',(0.,0.,1.));
#13103 = DEFINITIONAL_REPRESENTATION('',(#13104),#13107);
#13104 = B_SPLINE_CURVE_WITH_KNOTS('',1,(#13105,#13106),.UNSPECIFIED.,
  .F.,.F.,(2,2),(-17.6875,-3.4375),.PIECEWISE_BEZIER_KNOTS.);
#13105 = CARTESIAN_POINT('',(4.,14.25));
#13106 = CARTESIAN_POINT('',(4.,0.));
#13107 = ( GEOMETRIC_REPRESENTATION_CONTEXT(2) 
PARAMETRIC_REPRESENTATION_CONTEXT() REPRESENTATION_CONTEXT('2D SPACE',''
  ) );
#13108 = ORIENTED_EDGE('',*,*,#13109,.T.);
#13109 = EDGE_CURVE('',#13084,#13110,#13112,.T.);
#13110 = VERTEX_POINT('',#13111);
#13111 = CARTESIAN_POINT('',(6.875,68.165,8.));
#13112 = SURFACE_CURVE('',#13113,(#13117,#13123),.PCURVE_S1.);
#13113 = LINE('',#13114,#13115);
#13114 = CARTESIAN_POINT('',(6.875,26.9575,8.));
#13115 = VECTOR('',#13116,1.);
#13116 = DIRECTION('',(0.,1.,0.));
#13117 = PCURVE('',#12766,#13118);
#13118 = DEFINITIONAL_REPRESENTATION('',(#13119),#13122);
#13119 = B_SPLINE_CURVE_WITH_KNOTS('',1,(#13120,#13121),.UNSPECIFIED.,
  .F.,.F.,(2,2),(26.9575,41.2075),.PIECEWISE_BEZIER_KNOTS.);
#13120 = CARTESIAN_POINT('',(6.875,53.915));
#13121 = CARTESIAN_POINT('',(6.875,68.165));
#13122 = ( GEOMETRIC_REPRESENTATION_CONTEXT(2) 
PARAMETRIC_REPRESENTATION_CONTEXT() REPRESENTATION_CONTEXT('2D SPACE',''
  ) );
#13123 = PCURVE('',#13124,#13129);
#13124 = PLANE('',#13125);
#13125 = AXIS2_PLACEMENT_3D('',#13126,#13127,#13128);
#13126 = CARTESIAN_POINT('',(6.875,53.915,4.));
#13127 = DIRECTION('',(1.,0.,0.));
#13128 = DIRECTION('',(0.,0.,1.));
#13129 = DEFINITIONAL_REPRESENTATION('',(#13130),#13133);
#13130 = B_SPLINE_CURVE_WITH_KNOTS('',1,(#13131,#13132),.UNSPECIFIED.,
  .F.,.F.,(2,2),(26.9575,41.2075),.PIECEWISE_BEZIER_KNOTS.);
#13131 = CARTESIAN_POINT('',(4.,0.));
#13132 = CARTESIAN_POINT('',(4.,-14.25));
#13133 = ( GEOMETRIC_REPRESENTATION_CONTEXT(2) 
PARAMETRIC_REPRESENTATION_CONTEXT() REPRESENTATION_CONTEXT('2D SPACE',''
  ) );
#13134 = ORIENTED_EDGE('',*,*,#13135,.F.);
#13135 = EDGE_CURVE('',#13136,#13110,#13138,.T.);
#13136 = VERTEX_POINT('',#13137);
#13137 = CARTESIAN_POINT('',(21.125,68.165,8.));
#13138 = SURFACE_CURVE('',#13139,(#13143,#13149),.PCURVE_S1.);
#13139 = LINE('',#13140,#13141);
#13140 = CARTESIAN_POINT('',(3.4375,68.165,8.));
#13141 = VECTOR('',#13142,1.);
#13142 = DIRECTION('',(-1.,0.,0.));
#13143 = PCURVE('',#12766,#13144);
#13144 = DEFINITIONAL_REPRESENTATION('',(#13145),#13148);
#13145 = B_SPLINE_CURVE_WITH_KNOTS('',1,(#13146,#13147),.UNSPECIFIED.,
  .F.,.F.,(2,2),(-17.6875,-3.4375),.PIECEWISE_BEZIER_KNOTS.);
#13146 = CARTESIAN_POINT('',(21.125,68.165));
#13147 = CARTESIAN_POINT('',(6.875,68.165));
#13148 = ( GEOMETRIC_REPRESENTATION_CONTEXT(2) 
PARAMETRIC_REPRESENTATION_CONTEXT() REPRESENTATION_CONTEXT('2D SPACE',''
  ) );
#13149 = PCURVE('',#13150,#13155);
#13150 = PLANE('',#13151);
#13151 = AXIS2_PLACEMENT_3D('',#13152,#13153,#13154);
#13152 = CARTESIAN_POINT('',(6.875,68.165,4.));
#13153 = DIRECTION('',(0.,1.,0.));
#13154 = DIRECTION('',(0.,0.,1.));
#13155 = DEFINITIONAL_REPRESENTATION('',(#13156),#13159);
#13156 = B_SPLINE_CURVE_WITH_KNOTS('',1,(#13157,#13158),.UNSPECIFIED.,
  .F.,.F.,(2,2),(-17.6875,-3.4375),.PIECEWISE_BEZIER_KNOTS.);
#13157 = CARTESIAN_POINT('',(4.,14.25));
#13158 = CARTESIAN_POINT('',(4.,0.));
#13159 = ( GEOMETRIC_REPRESENTATION_CONTEXT(2) 
PARAMETRIC_REPRESENTATION_CONTEXT() REPRESENTATION_CONTEXT('2D SPACE',''
  ) );
#13160 = ORIENTED_EDGE('',*,*,#13161,.F.);
#13161 = EDGE_CURVE('',#13082,#13136,#13162,.T.);
#13162 = SURFACE_CURVE('',#13163,(#13167,#13173),.PCURVE_S1.);
#13163 = LINE('',#13164,#13165);
#13164 = CARTESIAN_POINT('',(21.125,26.9575,8.));
#13165 = VECTOR('',#13166,1.);
#13166 = DIRECTION('',(0.,1.,0.));
#13167 = PCURVE('',#12766,#13168);
#13168 = DEFINITIONAL_REPRESENTATION('',(#13169),#13172);
#13169 = B_SPLINE_CURVE_WITH_KNOTS('',1,(#13170,#13171),.UNSPECIFIED.,
  .F.,.F.,(2,2),(26.9575,41.2075),.PIECEWISE_BEZIER_KNOTS.);
#13170 = CARTESIAN_POINT('',(21.125,53.915));
#13171 = CARTESIAN_POINT('',(21.125,68.165));
#13172 = ( GEOMETRIC_REPRESENTATION_CONTEXT(2) 
PARAMETRIC_REPRESENTATION_CONTEXT() REPRESENTATION_CONTEXT('2D SPACE',''
  ) );
#13173 = PCURVE('',#13174,#13179);
#13174 = PLANE('',#13175);
#13175 = AXIS2_PLACEMENT_3D('',#13176,#13177,#13178);
#13176 = CARTESIAN_POINT('',(21.125,53.915,4.));
#13177 = DIRECTION('',(1.,0.,0.));
#13178 = DIRECTION('',(0.,0.,1.));
#13179 = DEFINITIONAL_REPRESENTATION('',(#13180),#13183);
#13180 = B_SPLINE_CURVE_WITH_KNOTS('',1,(#13181,#13182),.UNSPECIFIED.,
  .F.,.F.,(2,2),(26.9575,41.2075),.PIECEWISE_BEZIER_KNOTS.);
#13181 = CARTESIAN_POINT('',(4.,0.));
#13182 = CARTESIAN_POINT('',(4.,-14.25));
#13183 = ( GEOMETRIC_REPRESENTATION_CONTEXT(2) 
PARAMETRIC_REPRESENTATION_CONTEXT() REPRESENTATION_CONTEXT('2D SPACE',''
  ) );
#13184 = FACE_BOUND('',#13185,.T.);
#13185 = EDGE_LOOP('',(#13186,#13214,#13240,#13266));
#13186 = ORIENTED_EDGE('',*,*,#13187,.T.);
#13187 = EDGE_CURVE('',#13188,#13190,#13192,.T.);
#13188 = VERTEX_POINT('',#13189);
#13189 = CARTESIAN_POINT('',(40.405,53.915,8.));
#13190 = VERTEX_POINT('',#13191);
#13191 = CARTESIAN_POINT('',(26.155,53.915,8.));
#13192 = SURFACE_CURVE('',#13193,(#13197,#13203),.PCURVE_S1.);
#13193 = LINE('',#13194,#13195);
#13194 = CARTESIAN_POINT('',(13.0775,53.915,8.));
#13195 = VECTOR('',#13196,1.);
#13196 = DIRECTION('',(-1.,0.,0.));
#13197 = PCURVE('',#12766,#13198);
#13198 = DEFINITIONAL_REPRESENTATION('',(#13199),#13202);
#13199 = B_SPLINE_CURVE_WITH_KNOTS('',1,(#13200,#13201),.UNSPECIFIED.,
  .F.,.F.,(2,2),(-27.3275,-13.0775),.PIECEWISE_BEZIER_KNOTS.);
#13200 = CARTESIAN_POINT('',(40.405,53.915));
#13201 = CARTESIAN_POINT('',(26.155,53.915));
#13202 = ( GEOMETRIC_REPRESENTATION_CONTEXT(2) 
PARAMETRIC_REPRESENTATION_CONTEXT() REPRESENTATION_CONTEXT('2D SPACE',''
  ) );
#13203 = PCURVE('',#13204,#13209);
#13204 = PLANE('',#13205);
#13205 = AXIS2_PLACEMENT_3D('',#13206,#13207,#13208);
#13206 = CARTESIAN_POINT('',(26.155,53.915,4.));
#13207 = DIRECTION('',(0.,1.,0.));
#13208 = DIRECTION('',(0.,0.,1.));
#13209 = DEFINITIONAL_REPRESENTATION('',(#13210),#13213);
#13210 = B_SPLINE_CURVE_WITH_KNOTS('',1,(#13211,#13212),.UNSPECIFIED.,
  .F.,.F.,(2,2),(-27.3275,-13.0775),.PIECEWISE_BEZIER_KNOTS.);
#13211 = CARTESIAN_POINT('',(4.,14.25));
#13212 = CARTESIAN_POINT('',(4.,0.));
#13213 = ( GEOMETRIC_REPRESENTATION_CONTEXT(2) 
PARAMETRIC_REPRESENTATION_CONTEXT() REPRESENTATION_CONTEXT('2D SPACE',''
  ) );
#13214 = ORIENTED_EDGE('',*,*,#13215,.T.);
#13215 = EDGE_CURVE('',#13190,#13216,#13218,.T.);
#13216 = VERTEX_POINT('',#13217);
#13217 = CARTESIAN_POINT('',(26.155,68.165,8.));
#13218 = SURFACE_CURVE('',#13219,(#13223,#13229),.PCURVE_S1.);
#13219 = LINE('',#13220,#13221);
#13220 = CARTESIAN_POINT('',(26.155,26.9575,8.));
#13221 = VECTOR('',#13222,1.);
#13222 = DIRECTION('',(0.,1.,0.));
#13223 = PCURVE('',#12766,#13224);
#13224 = DEFINITIONAL_REPRESENTATION('',(#13225),#13228);
#13225 = B_SPLINE_CURVE_WITH_KNOTS('',1,(#13226,#13227),.UNSPECIFIED.,
  .F.,.F.,(2,2),(26.9575,41.2075),.PIECEWISE_BEZIER_KNOTS.);
#13226 = CARTESIAN_POINT('',(26.155,53.915));
#13227 = CARTESIAN_POINT('',(26.155,68.165));
#13228 = ( GEOMETRIC_REPRESENTATION_CONTEXT(2) 
PARAMETRIC_REPRESENTATION_CONTEXT() REPRESENTATION_CONTEXT('2D SPACE',''
  ) );
#13229 = PCURVE('',#13230,#13235);
#13230 = PLANE('',#13231);
#13231 = AXIS2_PLACEMENT_3D('',#13232,#13233,#13234);
#13232 = CARTESIAN_POINT('',(26.155,53.915,4.));
#13233 = DIRECTION('',(1.,0.,0.));
#13234 = DIRECTION('',(0.,0.,1.));
#13235 = DEFINITIONAL_REPRESENTATION('',(#13236),#13239);
#13236 = B_SPLINE_CURVE_WITH_KNOTS('',1,(#13237,#13238),.UNSPECIFIED.,
  .F.,.F.,(2,2),(26.9575,41.2075),.PIECEWISE_BEZIER_KNOTS.);
#13237 = CARTESIAN_POINT('',(4.,0.));
#13238 = CARTESIAN_POINT('',(4.,-14.25));
#13239 = ( GEOMETRIC_REPRESENTATION_CONTEXT(2) 
PARAMETRIC_REPRESENTATION_CONTEXT() REPRESENTATION_CONTEXT('2D SPACE',''
  ) );
#13240 = ORIENTED_EDGE('',*,*,#13241,.F.);
#13241 = EDGE_CURVE('',#13242,#13216,#13244,.T.);
#13242 = VERTEX_POINT('',#13243);
#13243 = CARTESIAN_POINT('',(40.405,68.165,8.));
#13244 = SURFACE_CURVE('',#13245,(#13249,#13255),.PCURVE_S1.);
#13245 = LINE('',#13246,#13247);
#13246 = CARTESIAN_POINT('',(13.0775,68.165,8.));
#13247 = VECTOR('',#13248,1.);
#13248 = DIRECTION('',(-1.,0.,0.));
#13249 = PCURVE('',#12766,#13250);
#13250 = DEFINITIONAL_REPRESENTATION('',(#13251),#13254);
#13251 = B_SPLINE_CURVE_WITH_KNOTS('',1,(#13252,#13253),.UNSPECIFIED.,
  .F.,.F.,(2,2),(-27.3275,-13.0775),.PIECEWISE_BEZIER_KNOTS.);
#13252 = CARTESIAN_POINT('',(40.405,68.165));
#13253 = CARTESIAN_POINT('',(26.155,68.165));
#13254 = ( GEOMETRIC_REPRESENTATION_CONTEXT(2) 
PARAMETRIC_REPRESENTATION_CONTEXT() REPRESENTATION_CONTEXT('2D SPACE',''
  ) );
#13255 = PCURVE('',#13256,#13261);
#13256 = PLANE('',#13257);
#13257 = AXIS2_PLACEMENT_3D('',#13258,#13259,#13260);
#13258 = CARTESIAN_POINT('',(26.155,68.165,4.));
#13259 = DIRECTION('',(0.,1.,0.));
#13260 = DIRECTION('',(0.,0.,1.));
#13261 = DEFINITIONAL_REPRESENTATION('',(#13262),#13265);
#13262 = B_SPLINE_CURVE_WITH_KNOTS('',1,(#13263,#13264),.UNSPECIFIED.,
  .F.,.F.,(2,2),(-27.3275,-13.0775),.PIECEWISE_BEZIER_KNOTS.);
#13263 = CARTESIAN_POINT('',(4.,14.25));
#13264 = CARTESIAN_POINT('',(4.,0.));
#13265 = ( GEOMETRIC_REPRESENTATION_CONTEXT(2) 
PARAMETRIC_REPRESENTATION_CONTEXT() REPRESENTATION_CONTEXT('2D SPACE',''
  ) );
#13266 = ORIENTED_EDGE('',*,*,#13267,.F.);
#13267 = EDGE_CURVE('',#13188,#13242,#13268,.T.);
#13268 = SURFACE_CURVE('',#13269,(#13273,#13279),.PCURVE_S1.);
#13269 = LINE('',#13270,#13271);
#13270 = CARTESIAN_POINT('',(40.405,26.9575,8.));
#13271 = VECTOR('',#13272,1.);
#13272 = DIRECTION('',(0.,1.,0.));
#13273 = PCURVE('',#12766,#13274);
#13274 = DEFINITIONAL_REPRESENTATION('',(#13275),#13278);
#13275 = B_SPLINE_CURVE_WITH_KNOTS('',1,(#13276,#13277),.UNSPECIFIED.,
  .F.,.F.,(2,2),(26.9575,41.2075),.PIECEWISE_BEZIER_KNOTS.);
#13276 = CARTESIAN_POINT('',(40.405,53.915));
#13277 = CARTESIAN_POINT('',(40.405,68.165));
#13278 = ( GEOMETRIC_REPRESENTATION_CONTEXT(2) 
PARAMETRIC_REPRESENTATION_CONTEXT() REPRESENTATION_CONTEXT('2D SPACE',''
  ) );
#13279 = PCURVE('',#13280,#13285);
#13280 = PLANE('',#13281);
#13281 = AXIS2_PLACEMENT_3D('',#13282,#13283,#13284);
#13282 = CARTESIAN_POINT('',(40.405,53.915,4.));
#13283 = DIRECTION('',(1.,0.,0.));
#13284 = DIRECTION('',(0.,0.,1.));
#13285 = DEFINITIONAL_REPRESENTATION('',(#13286),#13289);
#13286 = B_SPLINE_CURVE_WITH_KNOTS('',1,(#13287,#13288),.UNSPECIFIED.,
  .F.,.F.,(2,2),(26.9575,41.2075),.PIECEWISE_BEZIER_KNOTS.);
#13287 = CARTESIAN_POINT('',(4.,0.));
#13288 = CARTESIAN_POINT('',(4.,-14.25));
#13289 = ( GEOMETRIC_REPRESENTATION_CONTEXT(2) 
PARAMETRIC_REPRESENTATION_CONTEXT() REPRESENTATION_CONTEXT('2D SPACE',''
  ) );
#13290 = FACE_BOUND('',#13291,.T.);
#13291 = EDGE_LOOP('',(#13292));
#13292 = ORIENTED_EDGE('',*,*,#13293,.T.);
#13293 = EDGE_CURVE('',#13294,#13294,#13296,.T.);
#13294 = VERTEX_POINT('',#13295);
#13295 = CARTESIAN_POINT('',(3.875,88.75,8.));
#13296 = SURFACE_CURVE('',#13297,(#13302,#13313),.PCURVE_S1.);
#13297 = CIRCLE('',#13298,1.125);
#13298 = AXIS2_PLACEMENT_3D('',#13299,#13300,#13301);
#13299 = CARTESIAN_POINT('',(2.75,88.75,8.));
#13300 = DIRECTION('',(0.,0.,-1.));
#13301 = DIRECTION('',(1.,0.,0.));
#13302 = PCURVE('',#12766,#13303);
#13303 = DEFINITIONAL_REPRESENTATION('',(#13304),#13312);
#13304 = ( BOUNDED_CURVE() B_SPLINE_CURVE(2,(#13305,#13306,#13307,#13308
    ,#13309,#13310,#13311),.UNSPECIFIED.,.T.,.F.) 
B_SPLINE_CURVE_WITH_KNOTS((1,2,2,2,2,1),(-2.094395102393,0.,
    2.094395102393,4.188790204786,6.28318530718,8.377580409573),
.UNSPECIFIED.) CURVE() GEOMETRIC_REPRESENTATION_ITEM() 
RATIONAL_B_SPLINE_CURVE((1.,0.5,1.,0.5,1.,0.5,1.)) REPRESENTATION_ITEM(
  '') );
#13305 = CARTESIAN_POINT('',(3.875,88.75));
#13306 = CARTESIAN_POINT('',(3.875,86.801442841485));
#13307 = CARTESIAN_POINT('',(2.1875,87.775721420743));
#13308 = CARTESIAN_POINT('',(0.5,88.75));
#13309 = CARTESIAN_POINT('',(2.1875,89.724278579257));
#13310 = CARTESIAN_POINT('',(3.875,90.698557158515));
#13311 = CARTESIAN_POINT('',(3.875,88.75));
#13312 = ( GEOMETRIC_REPRESENTATION_CONTEXT(2) 
PARAMETRIC_REPRESENTATION_CONTEXT() REPRESENTATION_CONTEXT('2D SPACE',''
  ) );
#13313 = PCURVE('',#13314,#13319);
#13314 = CYLINDRICAL_SURFACE('',#13315,1.125);
#13315 = AXIS2_PLACEMENT_3D('',#13316,#13317,#13318);
#13316 = CARTESIAN_POINT('',(2.75,88.75,4.));
#13317 = DIRECTION('',(-0.,-0.,-1.));
#13318 = DIRECTION('',(1.,0.,0.));
#13319 = DEFINITIONAL_REPRESENTATION('',(#13320),#13324);
#13320 = LINE('',#13321,#13322);
#13321 = CARTESIAN_POINT('',(-6.28318530718,-4.));
#13322 = VECTOR('',#13323,1.);
#13323 = DIRECTION('',(1.,-0.));
#13324 = ( GEOMETRIC_REPRESENTATION_CONTEXT(2) 
PARAMETRIC_REPRESENTATION_CONTEXT() REPRESENTATION_CONTEXT('2D SPACE',''
  ) );
#13325 = FACE_BOUND('',#13326,.T.);
#13326 = EDGE_LOOP('',(#13327,#13355,#13381,#13407));
#13327 = ORIENTED_EDGE('',*,*,#13328,.T.);
#13328 = EDGE_CURVE('',#13329,#13331,#13333,.T.);
#13329 = VERTEX_POINT('',#13330);
#13330 = CARTESIAN_POINT('',(21.125,73.205,8.));
#13331 = VERTEX_POINT('',#13332);
#13332 = CARTESIAN_POINT('',(6.875,73.205,8.));
#13333 = SURFACE_CURVE('',#13334,(#13338,#13344),.PCURVE_S1.);
#13334 = LINE('',#13335,#13336);
#13335 = CARTESIAN_POINT('',(3.4375,73.205,8.));
#13336 = VECTOR('',#13337,1.);
#13337 = DIRECTION('',(-1.,0.,0.));
#13338 = PCURVE('',#12766,#13339);
#13339 = DEFINITIONAL_REPRESENTATION('',(#13340),#13343);
#13340 = B_SPLINE_CURVE_WITH_KNOTS('',1,(#13341,#13342),.UNSPECIFIED.,
  .F.,.F.,(2,2),(-17.6875,-3.4375),.PIECEWISE_BEZIER_KNOTS.);
#13341 = CARTESIAN_POINT('',(21.125,73.205));
#13342 = CARTESIAN_POINT('',(6.875,73.205));
#13343 = ( GEOMETRIC_REPRESENTATION_CONTEXT(2) 
PARAMETRIC_REPRESENTATION_CONTEXT() REPRESENTATION_CONTEXT('2D SPACE',''
  ) );
#13344 = PCURVE('',#13345,#13350);
#13345 = PLANE('',#13346);
#13346 = AXIS2_PLACEMENT_3D('',#13347,#13348,#13349);
#13347 = CARTESIAN_POINT('',(6.875,73.205,4.));
#13348 = DIRECTION('',(0.,1.,0.));
#13349 = DIRECTION('',(0.,0.,1.));
#13350 = DEFINITIONAL_REPRESENTATION('',(#13351),#13354);
#13351 = B_SPLINE_CURVE_WITH_KNOTS('',1,(#13352,#13353),.UNSPECIFIED.,
  .F.,.F.,(2,2),(-17.6875,-3.4375),.PIECEWISE_BEZIER_KNOTS.);
#13352 = CARTESIAN_POINT('',(4.,14.25));
#13353 = CARTESIAN_POINT('',(4.,0.));
#13354 = ( GEOMETRIC_REPRESENTATION_CONTEXT(2) 
PARAMETRIC_REPRESENTATION_CONTEXT() REPRESENTATION_CONTEXT('2D SPACE',''
  ) );
#13355 = ORIENTED_EDGE('',*,*,#13356,.T.);
#13356 = EDGE_CURVE('',#13331,#13357,#13359,.T.);
#13357 = VERTEX_POINT('',#13358);
#13358 = CARTESIAN_POINT('',(6.875,87.455,8.));
#13359 = SURFACE_CURVE('',#13360,(#13364,#13370),.PCURVE_S1.);
#13360 = LINE('',#13361,#13362);
#13361 = CARTESIAN_POINT('',(6.875,36.6025,8.));
#13362 = VECTOR('',#13363,1.);
#13363 = DIRECTION('',(0.,1.,0.));
#13364 = PCURVE('',#12766,#13365);
#13365 = DEFINITIONAL_REPRESENTATION('',(#13366),#13369);
#13366 = B_SPLINE_CURVE_WITH_KNOTS('',1,(#13367,#13368),.UNSPECIFIED.,
  .F.,.F.,(2,2),(36.6025,50.8525),.PIECEWISE_BEZIER_KNOTS.);
#13367 = CARTESIAN_POINT('',(6.875,73.205));
#13368 = CARTESIAN_POINT('',(6.875,87.455));
#13369 = ( GEOMETRIC_REPRESENTATION_CONTEXT(2) 
PARAMETRIC_REPRESENTATION_CONTEXT() REPRESENTATION_CONTEXT('2D SPACE',''
  ) );
#13370 = PCURVE('',#13371,#13376);
#13371 = PLANE('',#13372);
#13372 = AXIS2_PLACEMENT_3D('',#13373,#13374,#13375);
#13373 = CARTESIAN_POINT('',(6.875,73.205,4.));
#13374 = DIRECTION('',(1.,0.,0.));
#13375 = DIRECTION('',(0.,0.,1.));
#13376 = DEFINITIONAL_REPRESENTATION('',(#13377),#13380);
#13377 = B_SPLINE_CURVE_WITH_KNOTS('',1,(#13378,#13379),.UNSPECIFIED.,
  .F.,.F.,(2,2),(36.6025,50.8525),.PIECEWISE_BEZIER_KNOTS.);
#13378 = CARTESIAN_POINT('',(4.,0.));
#13379 = CARTESIAN_POINT('',(4.,-14.25));
#13380 = ( GEOMETRIC_REPRESENTATION_CONTEXT(2) 
PARAMETRIC_REPRESENTATION_CONTEXT() REPRESENTATION_CONTEXT('2D SPACE',''
  ) );
#13381 = ORIENTED_EDGE('',*,*,#13382,.F.);
#13382 = EDGE_CURVE('',#13383,#13357,#13385,.T.);
#13383 = VERTEX_POINT('',#13384);
#13384 = CARTESIAN_POINT('',(21.125,87.455,8.));
#13385 = SURFACE_CURVE('',#13386,(#13390,#13396),.PCURVE_S1.);
#13386 = LINE('',#13387,#13388);
#13387 = CARTESIAN_POINT('',(3.4375,87.455,8.));
#13388 = VECTOR('',#13389,1.);
#13389 = DIRECTION('',(-1.,0.,0.));
#13390 = PCURVE('',#12766,#13391);
#13391 = DEFINITIONAL_REPRESENTATION('',(#13392),#13395);
#13392 = B_SPLINE_CURVE_WITH_KNOTS('',1,(#13393,#13394),.UNSPECIFIED.,
  .F.,.F.,(2,2),(-17.6875,-3.4375),.PIECEWISE_BEZIER_KNOTS.);
#13393 = CARTESIAN_POINT('',(21.125,87.455));
#13394 = CARTESIAN_POINT('',(6.875,87.455));
#13395 = ( GEOMETRIC_REPRESENTATION_CONTEXT(2) 
PARAMETRIC_REPRESENTATION_CONTEXT() REPRESENTATION_CONTEXT('2D SPACE',''
  ) );
#13396 = PCURVE('',#13397,#13402);
#13397 = PLANE('',#13398);
#13398 = AXIS2_PLACEMENT_3D('',#13399,#13400,#13401);
#13399 = CARTESIAN_POINT('',(6.875,87.455,4.));
#13400 = DIRECTION('',(0.,1.,0.));
#13401 = DIRECTION('',(0.,0.,1.));
#13402 = DEFINITIONAL_REPRESENTATION('',(#13403),#13406);
#13403 = B_SPLINE_CURVE_WITH_KNOTS('',1,(#13404,#13405),.UNSPECIFIED.,
  .F.,.F.,(2,2),(-17.6875,-3.4375),.PIECEWISE_BEZIER_KNOTS.);
#13404 = CARTESIAN_POINT('',(4.,14.25));
#13405 = CARTESIAN_POINT('',(4.,0.));
#13406 = ( GEOMETRIC_REPRESENTATION_CONTEXT(2) 
PARAMETRIC_REPRESENTATION_CONTEXT() REPRESENTATION_CONTEXT('2D SPACE',''
  ) );
#13407 = ORIENTED_EDGE('',*,*,#13408,.F.);
#13408 = EDGE_CURVE('',#13329,#13383,#13409,.T.);
#13409 = SURFACE_CURVE('',#13410,(#13414,#13420),.PCURVE_S1.);
#13410 = LINE('',#13411,#13412);
#13411 = CARTESIAN_POINT('',(21.125,36.6025,8.));
#13412 = VECTOR('',#13413,1.);
#13413 = DIRECTION('',(0.,1.,0.));
#13414 = PCURVE('',#12766,#13415);
#13415 = DEFINITIONAL_REPRESENTATION('',(#13416),#13419);
#13416 = B_SPLINE_CURVE_WITH_KNOTS('',1,(#13417,#13418),.UNSPECIFIED.,
  .F.,.F.,(2,2),(36.6025,50.8525),.PIECEWISE_BEZIER_KNOTS.);
#13417 = CARTESIAN_POINT('',(21.125,73.205));
#13418 = CARTESIAN_POINT('',(21.125,87.455));
#13419 = ( GEOMETRIC_REPRESENTATION_CONTEXT(2) 
PARAMETRIC_REPRESENTATION_CONTEXT() REPRESENTATION_CONTEXT('2D SPACE',''
  ) );
#13420 = PCURVE('',#13421,#13426);
#13421 = PLANE('',#13422);
#13422 = AXIS2_PLACEMENT_3D('',#13423,#13424,#13425);
#13423 = CARTESIAN_POINT('',(21.125,73.205,4.));
#13424 = DIRECTION('',(1.,0.,0.));
#13425 = DIRECTION('',(0.,0.,1.));
#13426 = DEFINITIONAL_REPRESENTATION('',(#13427),#13430);
#13427 = B_SPLINE_CURVE_WITH_KNOTS('',1,(#13428,#13429),.UNSPECIFIED.,
  .F.,.F.,(2,2),(36.6025,50.8525),.PIECEWISE_BEZIER_KNOTS.);
#13428 = CARTESIAN_POINT('',(4.,0.));
#13429 = CARTESIAN_POINT('',(4.,-14.25));
#13430 = ( GEOMETRIC_REPRESENTATION_CONTEXT(2) 
PARAMETRIC_REPRESENTATION_CONTEXT() REPRESENTATION_CONTEXT('2D SPACE',''
  ) );
#13431 = FACE_BOUND('',#13432,.T.);
#13432 = EDGE_LOOP('',(#13433,#13461,#13487,#13513));
#13433 = ORIENTED_EDGE('',*,*,#13434,.T.);
#13434 = EDGE_CURVE('',#13435,#13437,#13439,.T.);
#13435 = VERTEX_POINT('',#13436);
#13436 = CARTESIAN_POINT('',(40.415,73.205,8.));
#13437 = VERTEX_POINT('',#13438);
#13438 = CARTESIAN_POINT('',(26.165,73.205,8.));
#13439 = SURFACE_CURVE('',#13440,(#13444,#13450),.PCURVE_S1.);
#13440 = LINE('',#13441,#13442);
#13441 = CARTESIAN_POINT('',(13.0825,73.205,8.));
#13442 = VECTOR('',#13443,1.);
#13443 = DIRECTION('',(-1.,0.,0.));
#13444 = PCURVE('',#12766,#13445);
#13445 = DEFINITIONAL_REPRESENTATION('',(#13446),#13449);
#13446 = B_SPLINE_CURVE_WITH_KNOTS('',1,(#13447,#13448),.UNSPECIFIED.,
  .F.,.F.,(2,2),(-27.3325,-13.0825),.PIECEWISE_BEZIER_KNOTS.);
#13447 = CARTESIAN_POINT('',(40.415,73.205));
#13448 = CARTESIAN_POINT('',(26.165,73.205));
#13449 = ( GEOMETRIC_REPRESENTATION_CONTEXT(2) 
PARAMETRIC_REPRESENTATION_CONTEXT() REPRESENTATION_CONTEXT('2D SPACE',''
  ) );
#13450 = PCURVE('',#13451,#13456);
#13451 = PLANE('',#13452);
#13452 = AXIS2_PLACEMENT_3D('',#13453,#13454,#13455);
#13453 = CARTESIAN_POINT('',(26.165,73.205,4.));
#13454 = DIRECTION('',(0.,1.,0.));
#13455 = DIRECTION('',(0.,0.,1.));
#13456 = DEFINITIONAL_REPRESENTATION('',(#13457),#13460);
#13457 = B_SPLINE_CURVE_WITH_KNOTS('',1,(#13458,#13459),.UNSPECIFIED.,
  .F.,.F.,(2,2),(-27.3325,-13.0825),.PIECEWISE_BEZIER_KNOTS.);
#13458 = CARTESIAN_POINT('',(4.,14.25));
#13459 = CARTESIAN_POINT('',(4.,0.));
#13460 = ( GEOMETRIC_REPRESENTATION_CONTEXT(2) 
PARAMETRIC_REPRESENTATION_CONTEXT() REPRESENTATION_CONTEXT('2D SPACE',''
  ) );
#13461 = ORIENTED_EDGE('',*,*,#13462,.T.);
#13462 = EDGE_CURVE('',#13437,#13463,#13465,.T.);
#13463 = VERTEX_POINT('',#13464);
#13464 = CARTESIAN_POINT('',(26.165,87.455,8.));
#13465 = SURFACE_CURVE('',#13466,(#13470,#13476),.PCURVE_S1.);
#13466 = LINE('',#13467,#13468);
#13467 = CARTESIAN_POINT('',(26.165,36.6025,8.));
#13468 = VECTOR('',#13469,1.);
#13469 = DIRECTION('',(0.,1.,0.));
#13470 = PCURVE('',#12766,#13471);
#13471 = DEFINITIONAL_REPRESENTATION('',(#13472),#13475);
#13472 = B_SPLINE_CURVE_WITH_KNOTS('',1,(#13473,#13474),.UNSPECIFIED.,
  .F.,.F.,(2,2),(36.6025,50.8525),.PIECEWISE_BEZIER_KNOTS.);
#13473 = CARTESIAN_POINT('',(26.165,73.205));
#13474 = CARTESIAN_POINT('',(26.165,87.455));
#13475 = ( GEOMETRIC_REPRESENTATION_CONTEXT(2) 
PARAMETRIC_REPRESENTATION_CONTEXT() REPRESENTATION_CONTEXT('2D SPACE',''
  ) );
#13476 = PCURVE('',#13477,#13482);
#13477 = PLANE('',#13478);
#13478 = AXIS2_PLACEMENT_3D('',#13479,#13480,#13481);
#13479 = CARTESIAN_POINT('',(26.165,73.205,4.));
#13480 = DIRECTION('',(1.,0.,0.));
#13481 = DIRECTION('',(0.,0.,1.));
#13482 = DEFINITIONAL_REPRESENTATION('',(#13483),#13486);
#13483 = B_SPLINE_CURVE_WITH_KNOTS('',1,(#13484,#13485),.UNSPECIFIED.,
  .F.,.F.,(2,2),(36.6025,50.8525),.PIECEWISE_BEZIER_KNOTS.);
#13484 = CARTESIAN_POINT('',(4.,0.));
#13485 = CARTESIAN_POINT('',(4.,-14.25));
#13486 = ( GEOMETRIC_REPRESENTATION_CONTEXT(2) 
PARAMETRIC_REPRESENTATION_CONTEXT() REPRESENTATION_CONTEXT('2D SPACE',''
  ) );
#13487 = ORIENTED_EDGE('',*,*,#13488,.F.);
#13488 = EDGE_CURVE('',#13489,#13463,#13491,.T.);
#13489 = VERTEX_POINT('',#13490);
#13490 = CARTESIAN_POINT('',(40.415,87.455,8.));
#13491 = SURFACE_CURVE('',#13492,(#13496,#13502),.PCURVE_S1.);
#13492 = LINE('',#13493,#13494);
#13493 = CARTESIAN_POINT('',(13.0825,87.455,8.));
#13494 = VECTOR('',#13495,1.);
#13495 = DIRECTION('',(-1.,0.,0.));
#13496 = PCURVE('',#12766,#13497);
#13497 = DEFINITIONAL_REPRESENTATION('',(#13498),#13501);
#13498 = B_SPLINE_CURVE_WITH_KNOTS('',1,(#13499,#13500),.UNSPECIFIED.,
  .F.,.F.,(2,2),(-27.3325,-13.0825),.PIECEWISE_BEZIER_KNOTS.);
#13499 = CARTESIAN_POINT('',(40.415,87.455));
#13500 = CARTESIAN_POINT('',(26.165,87.455));
#13501 = ( GEOMETRIC_REPRESENTATION_CONTEXT(2) 
PARAMETRIC_REPRESENTATION_CONTEXT() REPRESENTATION_CONTEXT('2D SPACE',''
  ) );
#13502 = PCURVE('',#13503,#13508);
#13503 = PLANE('',#13504);
#13504 = AXIS2_PLACEMENT_3D('',#13505,#13506,#13507);
#13505 = CARTESIAN_POINT('',(26.165,87.455,4.));
#13506 = DIRECTION('',(0.,1.,0.));
#13507 = DIRECTION('',(0.,0.,1.));
#13508 = DEFINITIONAL_REPRESENTATION('',(#13509),#13512);
#13509 = B_SPLINE_CURVE_WITH_KNOTS('',1,(#13510,#13511),.UNSPECIFIED.,
  .F.,.F.,(2,2),(-27.3325,-13.0825),.PIECEWISE_BEZIER_KNOTS.);
#13510 = CARTESIAN_POINT('',(4.,14.25));
#13511 = CARTESIAN_POINT('',(4.,0.));
#13512 = ( GEOMETRIC_REPRESENTATION_CONTEXT(2) 
PARAMETRIC_REPRESENTATION_CONTEXT() REPRESENTATION_CONTEXT('2D SPACE',''
  ) );
#13513 = ORIENTED_EDGE('',*,*,#13514,.F.);
#13514 = EDGE_CURVE('',#13435,#13489,#13515,.T.);
#13515 = SURFACE_CURVE('',#13516,(#13520,#13526),.PCURVE_S1.);
#13516 = LINE('',#13517,#13518);
#13517 = CARTESIAN_POINT('',(40.415,36.6025,8.));
#13518 = VECTOR('',#13519,1.);
#13519 = DIRECTION('',(0.,1.,0.));
#13520 = PCURVE('',#12766,#13521);
#13521 = DEFINITIONAL_REPRESENTATION('',(#13522),#13525);
#13522 = B_SPLINE_CURVE_WITH_KNOTS('',1,(#13523,#13524),.UNSPECIFIED.,
  .F.,.F.,(2,2),(36.6025,50.8525),.PIECEWISE_BEZIER_KNOTS.);
#13523 = CARTESIAN_POINT('',(40.415,73.205));
#13524 = CARTESIAN_POINT('',(40.415,87.455));
#13525 = ( GEOMETRIC_REPRESENTATION_CONTEXT(2) 
PARAMETRIC_REPRESENTATION_CONTEXT() REPRESENTATION_CONTEXT('2D SPACE',''
  ) );
#13526 = PCURVE('',#13527,#13532);
#13527 = PLANE('',#13528);
#13528 = AXIS2_PLACEMENT_3D('',#13529,#13530,#13531);
#13529 = CARTESIAN_POINT('',(40.415,73.205,4.));
#13530 = DIRECTION('',(1.,0.,0.));
#13531 = DIRECTION('',(0.,0.,1.));
#13532 = DEFINITIONAL_REPRESENTATION('',(#13533),#13536);
#13533 = B_SPLINE_CURVE_WITH_KNOTS('',1,(#13534,#13535),.UNSPECIFIED.,
  .F.,.F.,(2,2),(36.6025,50.8525),.PIECEWISE_BEZIER_KNOTS.);
#13534 = CARTESIAN_POINT('',(4.,0.));
#13535 = CARTESIAN_POINT('',(4.,-14.25));
#13536 = ( GEOMETRIC_REPRESENTATION_CONTEXT(2) 
PARAMETRIC_REPRESENTATION_CONTEXT() REPRESENTATION_CONTEXT('2D SPACE',''
  ) );
#13537 = FACE_BOUND('',#13538,.T.);
#13538 = EDGE_LOOP('',(#13539,#13567,#13593,#13619));
#13539 = ORIENTED_EDGE('',*,*,#13540,.T.);
#13540 = EDGE_CURVE('',#13541,#13543,#13545,.T.);
#13541 = VERTEX_POINT('',#13542);
#13542 = CARTESIAN_POINT('',(59.695,53.915,8.));
#13543 = VERTEX_POINT('',#13544);
#13544 = CARTESIAN_POINT('',(45.445,53.915,8.));
#13545 = SURFACE_CURVE('',#13546,(#13550,#13556),.PCURVE_S1.);
#13546 = LINE('',#13547,#13548);
#13547 = CARTESIAN_POINT('',(22.7225,53.915,8.));
#13548 = VECTOR('',#13549,1.);
#13549 = DIRECTION('',(-1.,0.,0.));
#13550 = PCURVE('',#12766,#13551);
#13551 = DEFINITIONAL_REPRESENTATION('',(#13552),#13555);
#13552 = B_SPLINE_CURVE_WITH_KNOTS('',1,(#13553,#13554),.UNSPECIFIED.,
  .F.,.F.,(2,2),(-36.9725,-22.7225),.PIECEWISE_BEZIER_KNOTS.);
#13553 = CARTESIAN_POINT('',(59.695,53.915));
#13554 = CARTESIAN_POINT('',(45.445,53.915));
#13555 = ( GEOMETRIC_REPRESENTATION_CONTEXT(2) 
PARAMETRIC_REPRESENTATION_CONTEXT() REPRESENTATION_CONTEXT('2D SPACE',''
  ) );
#13556 = PCURVE('',#13557,#13562);
#13557 = PLANE('',#13558);
#13558 = AXIS2_PLACEMENT_3D('',#13559,#13560,#13561);
#13559 = CARTESIAN_POINT('',(45.445,53.915,4.));
#13560 = DIRECTION('',(0.,1.,0.));
#13561 = DIRECTION('',(0.,0.,1.));
#13562 = DEFINITIONAL_REPRESENTATION('',(#13563),#13566);
#13563 = B_SPLINE_CURVE_WITH_KNOTS('',1,(#13564,#13565),.UNSPECIFIED.,
  .F.,.F.,(2,2),(-36.9725,-22.7225),.PIECEWISE_BEZIER_KNOTS.);
#13564 = CARTESIAN_POINT('',(4.,14.25));
#13565 = CARTESIAN_POINT('',(4.,0.));
#13566 = ( GEOMETRIC_REPRESENTATION_CONTEXT(2) 
PARAMETRIC_REPRESENTATION_CONTEXT() REPRESENTATION_CONTEXT('2D SPACE',''
  ) );
#13567 = ORIENTED_EDGE('',*,*,#13568,.T.);
#13568 = EDGE_CURVE('',#13543,#13569,#13571,.T.);
#13569 = VERTEX_POINT('',#13570);
#13570 = CARTESIAN_POINT('',(45.445,68.165,8.));
#13571 = SURFACE_CURVE('',#13572,(#13576,#13582),.PCURVE_S1.);
#13572 = LINE('',#13573,#13574);
#13573 = CARTESIAN_POINT('',(45.445,26.9575,8.));
#13574 = VECTOR('',#13575,1.);
#13575 = DIRECTION('',(0.,1.,0.));
#13576 = PCURVE('',#12766,#13577);
#13577 = DEFINITIONAL_REPRESENTATION('',(#13578),#13581);
#13578 = B_SPLINE_CURVE_WITH_KNOTS('',1,(#13579,#13580),.UNSPECIFIED.,
  .F.,.F.,(2,2),(26.9575,41.2075),.PIECEWISE_BEZIER_KNOTS.);
#13579 = CARTESIAN_POINT('',(45.445,53.915));
#13580 = CARTESIAN_POINT('',(45.445,68.165));
#13581 = ( GEOMETRIC_REPRESENTATION_CONTEXT(2) 
PARAMETRIC_REPRESENTATION_CONTEXT() REPRESENTATION_CONTEXT('2D SPACE',''
  ) );
#13582 = PCURVE('',#13583,#13588);
#13583 = PLANE('',#13584);
#13584 = AXIS2_PLACEMENT_3D('',#13585,#13586,#13587);
#13585 = CARTESIAN_POINT('',(45.445,53.915,4.));
#13586 = DIRECTION('',(1.,0.,0.));
#13587 = DIRECTION('',(0.,0.,1.));
#13588 = DEFINITIONAL_REPRESENTATION('',(#13589),#13592);
#13589 = B_SPLINE_CURVE_WITH_KNOTS('',1,(#13590,#13591),.UNSPECIFIED.,
  .F.,.F.,(2,2),(26.9575,41.2075),.PIECEWISE_BEZIER_KNOTS.);
#13590 = CARTESIAN_POINT('',(4.,0.));
#13591 = CARTESIAN_POINT('',(4.,-14.25));
#13592 = ( GEOMETRIC_REPRESENTATION_CONTEXT(2) 
PARAMETRIC_REPRESENTATION_CONTEXT() REPRESENTATION_CONTEXT('2D SPACE',''
  ) );
#13593 = ORIENTED_EDGE('',*,*,#13594,.F.);
#13594 = EDGE_CURVE('',#13595,#13569,#13597,.T.);
#13595 = VERTEX_POINT('',#13596);
#13596 = CARTESIAN_POINT('',(59.695,68.165,8.));
#13597 = SURFACE_CURVE('',#13598,(#13602,#13608),.PCURVE_S1.);
#13598 = LINE('',#13599,#13600);
#13599 = CARTESIAN_POINT('',(22.7225,68.165,8.));
#13600 = VECTOR('',#13601,1.);
#13601 = DIRECTION('',(-1.,0.,0.));
#13602 = PCURVE('',#12766,#13603);
#13603 = DEFINITIONAL_REPRESENTATION('',(#13604),#13607);
#13604 = B_SPLINE_CURVE_WITH_KNOTS('',1,(#13605,#13606),.UNSPECIFIED.,
  .F.,.F.,(2,2),(-36.9725,-22.7225),.PIECEWISE_BEZIER_KNOTS.);
#13605 = CARTESIAN_POINT('',(59.695,68.165));
#13606 = CARTESIAN_POINT('',(45.445,68.165));
#13607 = ( GEOMETRIC_REPRESENTATION_CONTEXT(2) 
PARAMETRIC_REPRESENTATION_CONTEXT() REPRESENTATION_CONTEXT('2D SPACE',''
  ) );
#13608 = PCURVE('',#13609,#13614);
#13609 = PLANE('',#13610);
#13610 = AXIS2_PLACEMENT_3D('',#13611,#13612,#13613);
#13611 = CARTESIAN_POINT('',(45.445,68.165,4.));
#13612 = DIRECTION('',(0.,1.,0.));
#13613 = DIRECTION('',(0.,0.,1.));
#13614 = DEFINITIONAL_REPRESENTATION('',(#13615),#13618);
#13615 = B_SPLINE_CURVE_WITH_KNOTS('',1,(#13616,#13617),.UNSPECIFIED.,
  .F.,.F.,(2,2),(-36.9725,-22.7225),.PIECEWISE_BEZIER_KNOTS.);
#13616 = CARTESIAN_POINT('',(4.,14.25));
#13617 = CARTESIAN_POINT('',(4.,0.));
#13618 = ( GEOMETRIC_REPRESENTATION_CONTEXT(2) 
PARAMETRIC_REPRESENTATION_CONTEXT() REPRESENTATION_CONTEXT('2D SPACE',''
  ) );
#13619 = ORIENTED_EDGE('',*,*,#13620,.F.);
#13620 = EDGE_CURVE('',#13541,#13595,#13621,.T.);
#13621 = SURFACE_CURVE('',#13622,(#13626,#13632),.PCURVE_S1.);
#13622 = LINE('',#13623,#13624);
#13623 = CARTESIAN_POINT('',(59.695,26.9575,8.));
#13624 = VECTOR('',#13625,1.);
#13625 = DIRECTION('',(0.,1.,0.));
#13626 = PCURVE('',#12766,#13627);
#13627 = DEFINITIONAL_REPRESENTATION('',(#13628),#13631);
#13628 = B_SPLINE_CURVE_WITH_KNOTS('',1,(#13629,#13630),.UNSPECIFIED.,
  .F.,.F.,(2,2),(26.9575,41.2075),.PIECEWISE_BEZIER_KNOTS.);
#13629 = CARTESIAN_POINT('',(59.695,53.915));
#13630 = CARTESIAN_POINT('',(59.695,68.165));
#13631 = ( GEOMETRIC_REPRESENTATION_CONTEXT(2) 
PARAMETRIC_REPRESENTATION_CONTEXT() REPRESENTATION_CONTEXT('2D SPACE',''
  ) );
#13632 = PCURVE('',#13633,#13638);
#13633 = PLANE('',#13634);
#13634 = AXIS2_PLACEMENT_3D('',#13635,#13636,#13637);
#13635 = CARTESIAN_POINT('',(59.695,53.915,4.));
#13636 = DIRECTION('',(1.,0.,0.));
#13637 = DIRECTION('',(0.,0.,1.));
#13638 = DEFINITIONAL_REPRESENTATION('',(#13639),#13642);
#13639 = B_SPLINE_CURVE_WITH_KNOTS('',1,(#13640,#13641),.UNSPECIFIED.,
  .F.,.F.,(2,2),(26.9575,41.2075),.PIECEWISE_BEZIER_KNOTS.);
#13640 = CARTESIAN_POINT('',(4.,0.));
#13641 = CARTESIAN_POINT('',(4.,-14.25));
#13642 = ( GEOMETRIC_REPRESENTATION_CONTEXT(2) 
PARAMETRIC_REPRESENTATION_CONTEXT() REPRESENTATION_CONTEXT('2D SPACE',''
  ) );
#13643 = FACE_BOUND('',#13644,.T.);
#13644 = EDGE_LOOP('',(#13645));
#13645 = ORIENTED_EDGE('',*,*,#13646,.T.);
#13646 = EDGE_CURVE('',#13647,#13647,#13649,.T.);
#13647 = VERTEX_POINT('',#13648);
#13648 = CARTESIAN_POINT('',(91.225,56.25,8.));
#13649 = SURFACE_CURVE('',#13650,(#13655,#13666),.PCURVE_S1.);
#13650 = CIRCLE('',#13651,5.075);
#13651 = AXIS2_PLACEMENT_3D('',#13652,#13653,#13654);
#13652 = CARTESIAN_POINT('',(86.15,56.25,8.));
#13653 = DIRECTION('',(0.,0.,-1.));
#13654 = DIRECTION('',(1.,0.,0.));
#13655 = PCURVE('',#12766,#13656);
#13656 = DEFINITIONAL_REPRESENTATION('',(#13657),#13665);
#13657 = ( BOUNDED_CURVE() B_SPLINE_CURVE(2,(#13658,#13659,#13660,#13661
    ,#13662,#13663,#13664),.UNSPECIFIED.,.T.,.F.) 
B_SPLINE_CURVE_WITH_KNOTS((1,2,2,2,2,1),(-2.094395102393,0.,
    2.094395102393,4.188790204786,6.28318530718,8.377580409573),
.UNSPECIFIED.) CURVE() GEOMETRIC_REPRESENTATION_ITEM() 
RATIONAL_B_SPLINE_CURVE((1.,0.5,1.,0.5,1.,0.5,1.)) REPRESENTATION_ITEM(
  '') );
#13658 = CARTESIAN_POINT('',(91.225,56.25));
#13659 = CARTESIAN_POINT('',(91.225,47.459842151588));
#13660 = CARTESIAN_POINT('',(83.6125,51.854921075794));
#13661 = CARTESIAN_POINT('',(76.,56.25));
#13662 = CARTESIAN_POINT('',(83.6125,60.645078924206));
#13663 = CARTESIAN_POINT('',(91.225,65.040157848412));
#13664 = CARTESIAN_POINT('',(91.225,56.25));
#13665 = ( GEOMETRIC_REPRESENTATION_CONTEXT(2) 
PARAMETRIC_REPRESENTATION_CONTEXT() REPRESENTATION_CONTEXT('2D SPACE',''
  ) );
#13666 = PCURVE('',#13667,#13672);
#13667 = CYLINDRICAL_SURFACE('',#13668,5.075);
#13668 = AXIS2_PLACEMENT_3D('',#13669,#13670,#13671);
#13669 = CARTESIAN_POINT('',(86.15,56.25,4.));
#13670 = DIRECTION('',(-0.,-0.,-1.));
#13671 = DIRECTION('',(1.,0.,0.));
#13672 = DEFINITIONAL_REPRESENTATION('',(#13673),#13677);
#13673 = LINE('',#13674,#13675);
#13674 = CARTESIAN_POINT('',(-6.28318530718,-4.));
#13675 = VECTOR('',#13676,1.);
#13676 = DIRECTION('',(1.,-0.));
#13677 = ( GEOMETRIC_REPRESENTATION_CONTEXT(2) 
PARAMETRIC_REPRESENTATION_CONTEXT() REPRESENTATION_CONTEXT('2D SPACE',''
  ) );
#13678 = FACE_BOUND('',#13679,.T.);
#13679 = EDGE_LOOP('',(#13680,#13708,#13734,#13760));
#13680 = ORIENTED_EDGE('',*,*,#13681,.T.);
#13681 = EDGE_CURVE('',#13682,#13684,#13686,.T.);
#13682 = VERTEX_POINT('',#13683);
#13683 = CARTESIAN_POINT('',(78.975,53.915,8.));
#13684 = VERTEX_POINT('',#13685);
#13685 = CARTESIAN_POINT('',(64.725,53.915,8.));
#13686 = SURFACE_CURVE('',#13687,(#13691,#13697),.PCURVE_S1.);
#13687 = LINE('',#13688,#13689);
#13688 = CARTESIAN_POINT('',(32.3625,53.915,8.));
#13689 = VECTOR('',#13690,1.);
#13690 = DIRECTION('',(-1.,0.,0.));
#13691 = PCURVE('',#12766,#13692);
#13692 = DEFINITIONAL_REPRESENTATION('',(#13693),#13696);
#13693 = B_SPLINE_CURVE_WITH_KNOTS('',1,(#13694,#13695),.UNSPECIFIED.,
  .F.,.F.,(2,2),(-46.6125,-32.3625),.PIECEWISE_BEZIER_KNOTS.);
#13694 = CARTESIAN_POINT('',(78.975,53.915));
#13695 = CARTESIAN_POINT('',(64.725,53.915));
#13696 = ( GEOMETRIC_REPRESENTATION_CONTEXT(2) 
PARAMETRIC_REPRESENTATION_CONTEXT() REPRESENTATION_CONTEXT('2D SPACE',''
  ) );
#13697 = PCURVE('',#13698,#13703);
#13698 = PLANE('',#13699);
#13699 = AXIS2_PLACEMENT_3D('',#13700,#13701,#13702);
#13700 = CARTESIAN_POINT('',(64.725,53.915,4.));
#13701 = DIRECTION('',(0.,1.,0.));
#13702 = DIRECTION('',(0.,0.,1.));
#13703 = DEFINITIONAL_REPRESENTATION('',(#13704),#13707);
#13704 = B_SPLINE_CURVE_WITH_KNOTS('',1,(#13705,#13706),.UNSPECIFIED.,
  .F.,.F.,(2,2),(-46.6125,-32.3625),.PIECEWISE_BEZIER_KNOTS.);
#13705 = CARTESIAN_POINT('',(4.,14.25));
#13706 = CARTESIAN_POINT('',(4.,0.));
#13707 = ( GEOMETRIC_REPRESENTATION_CONTEXT(2) 
PARAMETRIC_REPRESENTATION_CONTEXT() REPRESENTATION_CONTEXT('2D SPACE',''
  ) );
#13708 = ORIENTED_EDGE('',*,*,#13709,.T.);
#13709 = EDGE_CURVE('',#13684,#13710,#13712,.T.);
#13710 = VERTEX_POINT('',#13711);
#13711 = CARTESIAN_POINT('',(64.725,68.165,8.));
#13712 = SURFACE_CURVE('',#13713,(#13717,#13723),.PCURVE_S1.);
#13713 = LINE('',#13714,#13715);
#13714 = CARTESIAN_POINT('',(64.725,26.9575,8.));
#13715 = VECTOR('',#13716,1.);
#13716 = DIRECTION('',(0.,1.,0.));
#13717 = PCURVE('',#12766,#13718);
#13718 = DEFINITIONAL_REPRESENTATION('',(#13719),#13722);
#13719 = B_SPLINE_CURVE_WITH_KNOTS('',1,(#13720,#13721),.UNSPECIFIED.,
  .F.,.F.,(2,2),(26.9575,41.2075),.PIECEWISE_BEZIER_KNOTS.);
#13720 = CARTESIAN_POINT('',(64.725,53.915));
#13721 = CARTESIAN_POINT('',(64.725,68.165));
#13722 = ( GEOMETRIC_REPRESENTATION_CONTEXT(2) 
PARAMETRIC_REPRESENTATION_CONTEXT() REPRESENTATION_CONTEXT('2D SPACE',''
  ) );
#13723 = PCURVE('',#13724,#13729);
#13724 = PLANE('',#13725);
#13725 = AXIS2_PLACEMENT_3D('',#13726,#13727,#13728);
#13726 = CARTESIAN_POINT('',(64.725,53.915,4.));
#13727 = DIRECTION('',(1.,0.,0.));
#13728 = DIRECTION('',(0.,0.,1.));
#13729 = DEFINITIONAL_REPRESENTATION('',(#13730),#13733);
#13730 = B_SPLINE_CURVE_WITH_KNOTS('',1,(#13731,#13732),.UNSPECIFIED.,
  .F.,.F.,(2,2),(26.9575,41.2075),.PIECEWISE_BEZIER_KNOTS.);
#13731 = CARTESIAN_POINT('',(4.,0.));
#13732 = CARTESIAN_POINT('',(4.,-14.25));
#13733 = ( GEOMETRIC_REPRESENTATION_CONTEXT(2) 
PARAMETRIC_REPRESENTATION_CONTEXT() REPRESENTATION_CONTEXT('2D SPACE',''
  ) );
#13734 = ORIENTED_EDGE('',*,*,#13735,.F.);
#13735 = EDGE_CURVE('',#13736,#13710,#13738,.T.);
#13736 = VERTEX_POINT('',#13737);
#13737 = CARTESIAN_POINT('',(78.975,68.165,8.));
#13738 = SURFACE_CURVE('',#13739,(#13743,#13749),.PCURVE_S1.);
#13739 = LINE('',#13740,#13741);
#13740 = CARTESIAN_POINT('',(32.3625,68.165,8.));
#13741 = VECTOR('',#13742,1.);
#13742 = DIRECTION('',(-1.,0.,0.));
#13743 = PCURVE('',#12766,#13744);
#13744 = DEFINITIONAL_REPRESENTATION('',(#13745),#13748);
#13745 = B_SPLINE_CURVE_WITH_KNOTS('',1,(#13746,#13747),.UNSPECIFIED.,
  .F.,.F.,(2,2),(-46.6125,-32.3625),.PIECEWISE_BEZIER_KNOTS.);
#13746 = CARTESIAN_POINT('',(78.975,68.165));
#13747 = CARTESIAN_POINT('',(64.725,68.165));
#13748 = ( GEOMETRIC_REPRESENTATION_CONTEXT(2) 
PARAMETRIC_REPRESENTATION_CONTEXT() REPRESENTATION_CONTEXT('2D SPACE',''
  ) );
#13749 = PCURVE('',#13750,#13755);
#13750 = PLANE('',#13751);
#13751 = AXIS2_PLACEMENT_3D('',#13752,#13753,#13754);
#13752 = CARTESIAN_POINT('',(64.725,68.165,4.));
#13753 = DIRECTION('',(0.,1.,0.));
#13754 = DIRECTION('',(0.,0.,1.));
#13755 = DEFINITIONAL_REPRESENTATION('',(#13756),#13759);
#13756 = B_SPLINE_CURVE_WITH_KNOTS('',1,(#13757,#13758),.UNSPECIFIED.,
  .F.,.F.,(2,2),(-46.6125,-32.3625),.PIECEWISE_BEZIER_KNOTS.);
#13757 = CARTESIAN_POINT('',(4.,14.25));
#13758 = CARTESIAN_POINT('',(4.,0.));
#13759 = ( GEOMETRIC_REPRESENTATION_CONTEXT(2) 
PARAMETRIC_REPRESENTATION_CONTEXT() REPRESENTATION_CONTEXT('2D SPACE',''
  ) );
#13760 = ORIENTED_EDGE('',*,*,#13761,.F.);
#13761 = EDGE_CURVE('',#13682,#13736,#13762,.T.);
#13762 = SURFACE_CURVE('',#13763,(#13767,#13773),.PCURVE_S1.);
#13763 = LINE('',#13764,#13765);
#13764 = CARTESIAN_POINT('',(78.975,26.9575,8.));
#13765 = VECTOR('',#13766,1.);
#13766 = DIRECTION('',(0.,1.,0.));
#13767 = PCURVE('',#12766,#13768);
#13768 = DEFINITIONAL_REPRESENTATION('',(#13769),#13772);
#13769 = B_SPLINE_CURVE_WITH_KNOTS('',1,(#13770,#13771),.UNSPECIFIED.,
  .F.,.F.,(2,2),(26.9575,41.2075),.PIECEWISE_BEZIER_KNOTS.);
#13770 = CARTESIAN_POINT('',(78.975,53.915));
#13771 = CARTESIAN_POINT('',(78.975,68.165));
#13772 = ( GEOMETRIC_REPRESENTATION_CONTEXT(2) 
PARAMETRIC_REPRESENTATION_CONTEXT() REPRESENTATION_CONTEXT('2D SPACE',''
  ) );
#13773 = PCURVE('',#13774,#13779);
#13774 = PLANE('',#13775);
#13775 = AXIS2_PLACEMENT_3D('',#13776,#13777,#13778);
#13776 = CARTESIAN_POINT('',(78.975,53.915,4.));
#13777 = DIRECTION('',(1.,0.,0.));
#13778 = DIRECTION('',(0.,0.,1.));
#13779 = DEFINITIONAL_REPRESENTATION('',(#13780),#13783);
#13780 = B_SPLINE_CURVE_WITH_KNOTS('',1,(#13781,#13782),.UNSPECIFIED.,
  .F.,.F.,(2,2),(26.9575,41.2075),.PIECEWISE_BEZIER_KNOTS.);
#13781 = CARTESIAN_POINT('',(4.,0.));
#13782 = CARTESIAN_POINT('',(4.,-14.25));
#13783 = ( GEOMETRIC_REPRESENTATION_CONTEXT(2) 
PARAMETRIC_REPRESENTATION_CONTEXT() REPRESENTATION_CONTEXT('2D SPACE',''
  ) );
#13784 = FACE_BOUND('',#13785,.T.);
#13785 = EDGE_LOOP('',(#13786,#13814,#13840,#13866));
#13786 = ORIENTED_EDGE('',*,*,#13787,.T.);
#13787 = EDGE_CURVE('',#13788,#13790,#13792,.T.);
#13788 = VERTEX_POINT('',#13789);
#13789 = CARTESIAN_POINT('',(59.705,73.205,8.));
#13790 = VERTEX_POINT('',#13791);
#13791 = CARTESIAN_POINT('',(45.455,73.205,8.));
#13792 = SURFACE_CURVE('',#13793,(#13797,#13803),.PCURVE_S1.);
#13793 = LINE('',#13794,#13795);
#13794 = CARTESIAN_POINT('',(22.7275,73.205,8.));
#13795 = VECTOR('',#13796,1.);
#13796 = DIRECTION('',(-1.,0.,0.));
#13797 = PCURVE('',#12766,#13798);
#13798 = DEFINITIONAL_REPRESENTATION('',(#13799),#13802);
#13799 = B_SPLINE_CURVE_WITH_KNOTS('',1,(#13800,#13801),.UNSPECIFIED.,
  .F.,.F.,(2,2),(-36.9775,-22.7275),.PIECEWISE_BEZIER_KNOTS.);
#13800 = CARTESIAN_POINT('',(59.705,73.205));
#13801 = CARTESIAN_POINT('',(45.455,73.205));
#13802 = ( GEOMETRIC_REPRESENTATION_CONTEXT(2) 
PARAMETRIC_REPRESENTATION_CONTEXT() REPRESENTATION_CONTEXT('2D SPACE',''
  ) );
#13803 = PCURVE('',#13804,#13809);
#13804 = PLANE('',#13805);
#13805 = AXIS2_PLACEMENT_3D('',#13806,#13807,#13808);
#13806 = CARTESIAN_POINT('',(45.455,73.205,4.));
#13807 = DIRECTION('',(0.,1.,0.));
#13808 = DIRECTION('',(0.,0.,1.));
#13809 = DEFINITIONAL_REPRESENTATION('',(#13810),#13813);
#13810 = B_SPLINE_CURVE_WITH_KNOTS('',1,(#13811,#13812),.UNSPECIFIED.,
  .F.,.F.,(2,2),(-36.9775,-22.7275),.PIECEWISE_BEZIER_KNOTS.);
#13811 = CARTESIAN_POINT('',(4.,14.25));
#13812 = CARTESIAN_POINT('',(4.,0.));
#13813 = ( GEOMETRIC_REPRESENTATION_CONTEXT(2) 
PARAMETRIC_REPRESENTATION_CONTEXT() REPRESENTATION_CONTEXT('2D SPACE',''
  ) );
#13814 = ORIENTED_EDGE('',*,*,#13815,.T.);
#13815 = EDGE_CURVE('',#13790,#13816,#13818,.T.);
#13816 = VERTEX_POINT('',#13817);
#13817 = CARTESIAN_POINT('',(45.455,87.455,8.));
#13818 = SURFACE_CURVE('',#13819,(#13823,#13829),.PCURVE_S1.);
#13819 = LINE('',#13820,#13821);
#13820 = CARTESIAN_POINT('',(45.455,36.6025,8.));
#13821 = VECTOR('',#13822,1.);
#13822 = DIRECTION('',(0.,1.,0.));
#13823 = PCURVE('',#12766,#13824);
#13824 = DEFINITIONAL_REPRESENTATION('',(#13825),#13828);
#13825 = B_SPLINE_CURVE_WITH_KNOTS('',1,(#13826,#13827),.UNSPECIFIED.,
  .F.,.F.,(2,2),(36.6025,50.8525),.PIECEWISE_BEZIER_KNOTS.);
#13826 = CARTESIAN_POINT('',(45.455,73.205));
#13827 = CARTESIAN_POINT('',(45.455,87.455));
#13828 = ( GEOMETRIC_REPRESENTATION_CONTEXT(2) 
PARAMETRIC_REPRESENTATION_CONTEXT() REPRESENTATION_CONTEXT('2D SPACE',''
  ) );
#13829 = PCURVE('',#13830,#13835);
#13830 = PLANE('',#13831);
#13831 = AXIS2_PLACEMENT_3D('',#13832,#13833,#13834);
#13832 = CARTESIAN_POINT('',(45.455,73.205,4.));
#13833 = DIRECTION('',(1.,0.,0.));
#13834 = DIRECTION('',(0.,0.,1.));
#13835 = DEFINITIONAL_REPRESENTATION('',(#13836),#13839);
#13836 = B_SPLINE_CURVE_WITH_KNOTS('',1,(#13837,#13838),.UNSPECIFIED.,
  .F.,.F.,(2,2),(36.6025,50.8525),.PIECEWISE_BEZIER_KNOTS.);
#13837 = CARTESIAN_POINT('',(4.,0.));
#13838 = CARTESIAN_POINT('',(4.,-14.25));
#13839 = ( GEOMETRIC_REPRESENTATION_CONTEXT(2) 
PARAMETRIC_REPRESENTATION_CONTEXT() REPRESENTATION_CONTEXT('2D SPACE',''
  ) );
#13840 = ORIENTED_EDGE('',*,*,#13841,.F.);
#13841 = EDGE_CURVE('',#13842,#13816,#13844,.T.);
#13842 = VERTEX_POINT('',#13843);
#13843 = CARTESIAN_POINT('',(59.705,87.455,8.));
#13844 = SURFACE_CURVE('',#13845,(#13849,#13855),.PCURVE_S1.);
#13845 = LINE('',#13846,#13847);
#13846 = CARTESIAN_POINT('',(22.7275,87.455,8.));
#13847 = VECTOR('',#13848,1.);
#13848 = DIRECTION('',(-1.,0.,0.));
#13849 = PCURVE('',#12766,#13850);
#13850 = DEFINITIONAL_REPRESENTATION('',(#13851),#13854);
#13851 = B_SPLINE_CURVE_WITH_KNOTS('',1,(#13852,#13853),.UNSPECIFIED.,
  .F.,.F.,(2,2),(-36.9775,-22.7275),.PIECEWISE_BEZIER_KNOTS.);
#13852 = CARTESIAN_POINT('',(59.705,87.455));
#13853 = CARTESIAN_POINT('',(45.455,87.455));
#13854 = ( GEOMETRIC_REPRESENTATION_CONTEXT(2) 
PARAMETRIC_REPRESENTATION_CONTEXT() REPRESENTATION_CONTEXT('2D SPACE',''
  ) );
#13855 = PCURVE('',#13856,#13861);
#13856 = PLANE('',#13857);
#13857 = AXIS2_PLACEMENT_3D('',#13858,#13859,#13860);
#13858 = CARTESIAN_POINT('',(45.455,87.455,4.));
#13859 = DIRECTION('',(0.,1.,0.));
#13860 = DIRECTION('',(0.,0.,1.));
#13861 = DEFINITIONAL_REPRESENTATION('',(#13862),#13865);
#13862 = B_SPLINE_CURVE_WITH_KNOTS('',1,(#13863,#13864),.UNSPECIFIED.,
  .F.,.F.,(2,2),(-36.9775,-22.7275),.PIECEWISE_BEZIER_KNOTS.);
#13863 = CARTESIAN_POINT('',(4.,14.25));
#13864 = CARTESIAN_POINT('',(4.,0.));
#13865 = ( GEOMETRIC_REPRESENTATION_CONTEXT(2) 
PARAMETRIC_REPRESENTATION_CONTEXT() REPRESENTATION_CONTEXT('2D SPACE',''
  ) );
#13866 = ORIENTED_EDGE('',*,*,#13867,.F.);
#13867 = EDGE_CURVE('',#13788,#13842,#13868,.T.);
#13868 = SURFACE_CURVE('',#13869,(#13873,#13879),.PCURVE_S1.);
#13869 = LINE('',#13870,#13871);
#13870 = CARTESIAN_POINT('',(59.705,36.6025,8.));
#13871 = VECTOR('',#13872,1.);
#13872 = DIRECTION('',(0.,1.,0.));
#13873 = PCURVE('',#12766,#13874);
#13874 = DEFINITIONAL_REPRESENTATION('',(#13875),#13878);
#13875 = B_SPLINE_CURVE_WITH_KNOTS('',1,(#13876,#13877),.UNSPECIFIED.,
  .F.,.F.,(2,2),(36.6025,50.8525),.PIECEWISE_BEZIER_KNOTS.);
#13876 = CARTESIAN_POINT('',(59.705,73.205));
#13877 = CARTESIAN_POINT('',(59.705,87.455));
#13878 = ( GEOMETRIC_REPRESENTATION_CONTEXT(2) 
PARAMETRIC_REPRESENTATION_CONTEXT() REPRESENTATION_CONTEXT('2D SPACE',''
  ) );
#13879 = PCURVE('',#13880,#13885);
#13880 = PLANE('',#13881);
#13881 = AXIS2_PLACEMENT_3D('',#13882,#13883,#13884);
#13882 = CARTESIAN_POINT('',(59.705,73.205,4.));
#13883 = DIRECTION('',(1.,0.,0.));
#13884 = DIRECTION('',(0.,0.,1.));
#13885 = DEFINITIONAL_REPRESENTATION('',(#13886),#13889);
#13886 = B_SPLINE_CURVE_WITH_KNOTS('',1,(#13887,#13888),.UNSPECIFIED.,
  .F.,.F.,(2,2),(36.6025,50.8525),.PIECEWISE_BEZIER_KNOTS.);
#13887 = CARTESIAN_POINT('',(4.,0.));
#13888 = CARTESIAN_POINT('',(4.,-14.25));
#13889 = ( GEOMETRIC_REPRESENTATION_CONTEXT(2) 
PARAMETRIC_REPRESENTATION_CONTEXT() REPRESENTATION_CONTEXT('2D SPACE',''
  ) );
#13890 = FACE_BOUND('',#13891,.T.);
#13891 = EDGE_LOOP('',(#13892,#13920,#13946,#13972));
#13892 = ORIENTED_EDGE('',*,*,#13893,.T.);
#13893 = EDGE_CURVE('',#13894,#13896,#13898,.T.);
#13894 = VERTEX_POINT('',#13895);
#13895 = CARTESIAN_POINT('',(78.995,73.205,8.));
#13896 = VERTEX_POINT('',#13897);
#13897 = CARTESIAN_POINT('',(64.745,73.205,8.));
#13898 = SURFACE_CURVE('',#13899,(#13903,#13909),.PCURVE_S1.);
#13899 = LINE('',#13900,#13901);
#13900 = CARTESIAN_POINT('',(32.3725,73.205,8.));
#13901 = VECTOR('',#13902,1.);
#13902 = DIRECTION('',(-1.,0.,0.));
#13903 = PCURVE('',#12766,#13904);
#13904 = DEFINITIONAL_REPRESENTATION('',(#13905),#13908);
#13905 = B_SPLINE_CURVE_WITH_KNOTS('',1,(#13906,#13907),.UNSPECIFIED.,
  .F.,.F.,(2,2),(-46.6225,-32.3725),.PIECEWISE_BEZIER_KNOTS.);
#13906 = CARTESIAN_POINT('',(78.995,73.205));
#13907 = CARTESIAN_POINT('',(64.745,73.205));
#13908 = ( GEOMETRIC_REPRESENTATION_CONTEXT(2) 
PARAMETRIC_REPRESENTATION_CONTEXT() REPRESENTATION_CONTEXT('2D SPACE',''
  ) );
#13909 = PCURVE('',#13910,#13915);
#13910 = PLANE('',#13911);
#13911 = AXIS2_PLACEMENT_3D('',#13912,#13913,#13914);
#13912 = CARTESIAN_POINT('',(64.745,73.205,4.));
#13913 = DIRECTION('',(0.,1.,0.));
#13914 = DIRECTION('',(0.,0.,1.));
#13915 = DEFINITIONAL_REPRESENTATION('',(#13916),#13919);
#13916 = B_SPLINE_CURVE_WITH_KNOTS('',1,(#13917,#13918),.UNSPECIFIED.,
  .F.,.F.,(2,2),(-46.6225,-32.3725),.PIECEWISE_BEZIER_KNOTS.);
#13917 = CARTESIAN_POINT('',(4.,14.25));
#13918 = CARTESIAN_POINT('',(4.,0.));
#13919 = ( GEOMETRIC_REPRESENTATION_CONTEXT(2) 
PARAMETRIC_REPRESENTATION_CONTEXT() REPRESENTATION_CONTEXT('2D SPACE',''
  ) );
#13920 = ORIENTED_EDGE('',*,*,#13921,.T.);
#13921 = EDGE_CURVE('',#13896,#13922,#13924,.T.);
#13922 = VERTEX_POINT('',#13923);
#13923 = CARTESIAN_POINT('',(64.745,87.455,8.));
#13924 = SURFACE_CURVE('',#13925,(#13929,#13935),.PCURVE_S1.);
#13925 = LINE('',#13926,#13927);
#13926 = CARTESIAN_POINT('',(64.745,36.6025,8.));
#13927 = VECTOR('',#13928,1.);
#13928 = DIRECTION('',(0.,1.,0.));
#13929 = PCURVE('',#12766,#13930);
#13930 = DEFINITIONAL_REPRESENTATION('',(#13931),#13934);
#13931 = B_SPLINE_CURVE_WITH_KNOTS('',1,(#13932,#13933),.UNSPECIFIED.,
  .F.,.F.,(2,2),(36.6025,50.8525),.PIECEWISE_BEZIER_KNOTS.);
#13932 = CARTESIAN_POINT('',(64.745,73.205));
#13933 = CARTESIAN_POINT('',(64.745,87.455));
#13934 = ( GEOMETRIC_REPRESENTATION_CONTEXT(2) 
PARAMETRIC_REPRESENTATION_CONTEXT() REPRESENTATION_CONTEXT('2D SPACE',''
  ) );
#13935 = PCURVE('',#13936,#13941);
#13936 = PLANE('',#13937);
#13937 = AXIS2_PLACEMENT_3D('',#13938,#13939,#13940);
#13938 = CARTESIAN_POINT('',(64.745,73.205,4.));
#13939 = DIRECTION('',(1.,0.,0.));
#13940 = DIRECTION('',(0.,0.,1.));
#13941 = DEFINITIONAL_REPRESENTATION('',(#13942),#13945);
#13942 = B_SPLINE_CURVE_WITH_KNOTS('',1,(#13943,#13944),.UNSPECIFIED.,
  .F.,.F.,(2,2),(36.6025,50.8525),.PIECEWISE_BEZIER_KNOTS.);
#13943 = CARTESIAN_POINT('',(4.,0.));
#13944 = CARTESIAN_POINT('',(4.,-14.25));
#13945 = ( GEOMETRIC_REPRESENTATION_CONTEXT(2) 
PARAMETRIC_REPRESENTATION_CONTEXT() REPRESENTATION_CONTEXT('2D SPACE',''
  ) );
#13946 = ORIENTED_EDGE('',*,*,#13947,.F.);
#13947 = EDGE_CURVE('',#13948,#13922,#13950,.T.);
#13948 = VERTEX_POINT('',#13949);
#13949 = CARTESIAN_POINT('',(78.995,87.455,8.));
#13950 = SURFACE_CURVE('',#13951,(#13955,#13961),.PCURVE_S1.);
#13951 = LINE('',#13952,#13953);
#13952 = CARTESIAN_POINT('',(32.3725,87.455,8.));
#13953 = VECTOR('',#13954,1.);
#13954 = DIRECTION('',(-1.,0.,0.));
#13955 = PCURVE('',#12766,#13956);
#13956 = DEFINITIONAL_REPRESENTATION('',(#13957),#13960);
#13957 = B_SPLINE_CURVE_WITH_KNOTS('',1,(#13958,#13959),.UNSPECIFIED.,
  .F.,.F.,(2,2),(-46.6225,-32.3725),.PIECEWISE_BEZIER_KNOTS.);
#13958 = CARTESIAN_POINT('',(78.995,87.455));
#13959 = CARTESIAN_POINT('',(64.745,87.455));
#13960 = ( GEOMETRIC_REPRESENTATION_CONTEXT(2) 
PARAMETRIC_REPRESENTATION_CONTEXT() REPRESENTATION_CONTEXT('2D SPACE',''
  ) );
#13961 = PCURVE('',#13962,#13967);
#13962 = PLANE('',#13963);
#13963 = AXIS2_PLACEMENT_3D('',#13964,#13965,#13966);
#13964 = CARTESIAN_POINT('',(64.745,87.455,4.));
#13965 = DIRECTION('',(0.,1.,0.));
#13966 = DIRECTION('',(0.,0.,1.));
#13967 = DEFINITIONAL_REPRESENTATION('',(#13968),#13971);
#13968 = B_SPLINE_CURVE_WITH_KNOTS('',1,(#13969,#13970),.UNSPECIFIED.,
  .F.,.F.,(2,2),(-46.6225,-32.3725),.PIECEWISE_BEZIER_KNOTS.);
#13969 = CARTESIAN_POINT('',(4.,14.25));
#13970 = CARTESIAN_POINT('',(4.,0.));
#13971 = ( GEOMETRIC_REPRESENTATION_CONTEXT(2) 
PARAMETRIC_REPRESENTATION_CONTEXT() REPRESENTATION_CONTEXT('2D SPACE',''
  ) );
#13972 = ORIENTED_EDGE('',*,*,#13973,.F.);
#13973 = EDGE_CURVE('',#13894,#13948,#13974,.T.);
#13974 = SURFACE_CURVE('',#13975,(#13979,#13985),.PCURVE_S1.);
#13975 = LINE('',#13976,#13977);
#13976 = CARTESIAN_POINT('',(78.995,36.6025,8.));
#13977 = VECTOR('',#13978,1.);
#13978 = DIRECTION('',(0.,1.,0.));
#13979 = PCURVE('',#12766,#13980);
#13980 = DEFINITIONAL_REPRESENTATION('',(#13981),#13984);
#13981 = B_SPLINE_CURVE_WITH_KNOTS('',1,(#13982,#13983),.UNSPECIFIED.,
  .F.,.F.,(2,2),(36.6025,50.8525),.PIECEWISE_BEZIER_KNOTS.);
#13982 = CARTESIAN_POINT('',(78.995,73.205));
#13983 = CARTESIAN_POINT('',(78.995,87.455));
#13984 = ( GEOMETRIC_REPRESENTATION_CONTEXT(2) 
PARAMETRIC_REPRESENTATION_CONTEXT() REPRESENTATION_CONTEXT('2D SPACE',''
  ) );
#13985 = PCURVE('',#13986,#13991);
#13986 = PLANE('',#13987);
#13987 = AXIS2_PLACEMENT_3D('',#13988,#13989,#13990);
#13988 = CARTESIAN_POINT('',(78.995,73.205,4.));
#13989 = DIRECTION('',(1.,0.,0.));
#13990 = DIRECTION('',(0.,0.,1.));
#13991 = DEFINITIONAL_REPRESENTATION('',(#13992),#13995);
#13992 = B_SPLINE_CURVE_WITH_KNOTS('',1,(#13993,#13994),.UNSPECIFIED.,
  .F.,.F.,(2,2),(36.6025,50.8525),.PIECEWISE_BEZIER_KNOTS.);
#13993 = CARTESIAN_POINT('',(4.,0.));
#13994 = CARTESIAN_POINT('',(4.,-14.25));
#13995 = ( GEOMETRIC_REPRESENTATION_CONTEXT(2) 
PARAMETRIC_REPRESENTATION_CONTEXT() REPRESENTATION_CONTEXT('2D SPACE',''
  ) );
#13996 = FACE_BOUND('',#13997,.T.);
#13997 = EDGE_LOOP('',(#13998));
#13998 = ORIENTED_EDGE('',*,*,#13999,.T.);
#13999 = EDGE_CURVE('',#14000,#14000,#14002,.T.);
#14000 = VERTEX_POINT('',#14001);
#14001 = CARTESIAN_POINT('',(94.825,82.,8.));
#14002 = SURFACE_CURVE('',#14003,(#14008,#14019),.PCURVE_S1.);
#14003 = CIRCLE('',#14004,3.575);
#14004 = AXIS2_PLACEMENT_3D('',#14005,#14006,#14007);
#14005 = CARTESIAN_POINT('',(91.25,82.,8.));
#14006 = DIRECTION('',(0.,0.,-1.));
#14007 = DIRECTION('',(1.,0.,0.));
#14008 = PCURVE('',#12766,#14009);
#14009 = DEFINITIONAL_REPRESENTATION('',(#14010),#14018);
#14010 = ( BOUNDED_CURVE() B_SPLINE_CURVE(2,(#14011,#14012,#14013,#14014
    ,#14015,#14016,#14017),.UNSPECIFIED.,.T.,.F.) 
B_SPLINE_CURVE_WITH_KNOTS((1,2,2,2,2,1),(-2.094395102393,0.,
    2.094395102393,4.188790204786,6.28318530718,8.377580409573),
.UNSPECIFIED.) CURVE() GEOMETRIC_REPRESENTATION_ITEM() 
RATIONAL_B_SPLINE_CURVE((1.,0.5,1.,0.5,1.,0.5,1.)) REPRESENTATION_ITEM(
  '') );
#14011 = CARTESIAN_POINT('',(94.825,82.));
#14012 = CARTESIAN_POINT('',(94.825,75.807918362941));
#14013 = CARTESIAN_POINT('',(89.4625,78.903959181471));
#14014 = CARTESIAN_POINT('',(84.1,82.));
#14015 = CARTESIAN_POINT('',(89.4625,85.096040818529));
#14016 = CARTESIAN_POINT('',(94.825,88.192081637059));
#14017 = CARTESIAN_POINT('',(94.825,82.));
#14018 = ( GEOMETRIC_REPRESENTATION_CONTEXT(2) 
PARAMETRIC_REPRESENTATION_CONTEXT() REPRESENTATION_CONTEXT('2D SPACE',''
  ) );
#14019 = PCURVE('',#14020,#14025);
#14020 = CYLINDRICAL_SURFACE('',#14021,3.575);
#14021 = AXIS2_PLACEMENT_3D('',#14022,#14023,#14024);
#14022 = CARTESIAN_POINT('',(91.25,82.,4.));
#14023 = DIRECTION('',(-0.,-0.,-1.));
#14024 = DIRECTION('',(1.,0.,0.));
#14025 = DEFINITIONAL_REPRESENTATION('',(#14026),#14030);
#14026 = LINE('',#14027,#14028);
#14027 = CARTESIAN_POINT('',(-6.28318530718,-4.));
#14028 = VECTOR('',#14029,1.);
#14029 = DIRECTION('',(1.,-0.));
#14030 = ( GEOMETRIC_REPRESENTATION_CONTEXT(2) 
PARAMETRIC_REPRESENTATION_CONTEXT() REPRESENTATION_CONTEXT('2D SPACE',''
  ) );
#14031 = FACE_BOUND('',#14032,.T.);
#14032 = EDGE_LOOP('',(#14033));
#14033 = ORIENTED_EDGE('',*,*,#14034,.T.);
#14034 = EDGE_CURVE('',#14035,#14035,#14037,.T.);
#14035 = VERTEX_POINT('',#14036);
#14036 = CARTESIAN_POINT('',(93.875,88.5,8.));
#14037 = SURFACE_CURVE('',#14038,(#14043,#14054),.PCURVE_S1.);
#14038 = CIRCLE('',#14039,1.125);
#14039 = AXIS2_PLACEMENT_3D('',#14040,#14041,#14042);
#14040 = CARTESIAN_POINT('',(92.75,88.5,8.));
#14041 = DIRECTION('',(0.,0.,-1.));
#14042 = DIRECTION('',(1.,0.,0.));
#14043 = PCURVE('',#12766,#14044);
#14044 = DEFINITIONAL_REPRESENTATION('',(#14045),#14053);
#14045 = ( BOUNDED_CURVE() B_SPLINE_CURVE(2,(#14046,#14047,#14048,#14049
    ,#14050,#14051,#14052),.UNSPECIFIED.,.T.,.F.) 
B_SPLINE_CURVE_WITH_KNOTS((1,2,2,2,2,1),(-2.094395102393,0.,
    2.094395102393,4.188790204786,6.28318530718,8.377580409573),
.UNSPECIFIED.) CURVE() GEOMETRIC_REPRESENTATION_ITEM() 
RATIONAL_B_SPLINE_CURVE((1.,0.5,1.,0.5,1.,0.5,1.)) REPRESENTATION_ITEM(
  '') );
#14046 = CARTESIAN_POINT('',(93.875,88.5));
#14047 = CARTESIAN_POINT('',(93.875,86.551442841485));
#14048 = CARTESIAN_POINT('',(92.1875,87.525721420743));
#14049 = CARTESIAN_POINT('',(90.5,88.5));
#14050 = CARTESIAN_POINT('',(92.1875,89.474278579257));
#14051 = CARTESIAN_POINT('',(93.875,90.448557158515));
#14052 = CARTESIAN_POINT('',(93.875,88.5));
#14053 = ( GEOMETRIC_REPRESENTATION_CONTEXT(2) 
PARAMETRIC_REPRESENTATION_CONTEXT() REPRESENTATION_CONTEXT('2D SPACE',''
  ) );
#14054 = PCURVE('',#14055,#14060);
#14055 = CYLINDRICAL_SURFACE('',#14056,1.125);
#14056 = AXIS2_PLACEMENT_3D('',#14057,#14058,#14059);
#14057 = CARTESIAN_POINT('',(92.75,88.5,4.));
#14058 = DIRECTION('',(-0.,-0.,-1.));
#14059 = DIRECTION('',(1.,0.,0.));
#14060 = DEFINITIONAL_REPRESENTATION('',(#14061),#14065);
#14061 = LINE('',#14062,#14063);
#14062 = CARTESIAN_POINT('',(-6.28318530718,-4.));
#14063 = VECTOR('',#14064,1.);
#14064 = DIRECTION('',(1.,-0.));
#14065 = ( GEOMETRIC_REPRESENTATION_CONTEXT(2) 
PARAMETRIC_REPRESENTATION_CONTEXT() REPRESENTATION_CONTEXT('2D SPACE',''
  ) );
#14066 = ADVANCED_FACE('',(#14067),#12740,.T.);
#14067 = FACE_BOUND('',#14068,.T.);
#14068 = EDGE_LOOP('',(#14069,#14092,#14093,#14094));
#14069 = ORIENTED_EDGE('',*,*,#14070,.F.);
#14070 = EDGE_CURVE('',#12697,#14071,#14073,.T.);
#14071 = VERTEX_POINT('',#14072);
#14072 = CARTESIAN_POINT('',(97.75,91.5,5.));
#14073 = SURFACE_CURVE('',#14074,(#14078,#14085),.PCURVE_S1.);
#14074 = LINE('',#14075,#14076);
#14075 = CARTESIAN_POINT('',(0.,91.5,5.));
#14076 = VECTOR('',#14077,1.);
#14077 = DIRECTION('',(1.,0.,0.));
#14078 = PCURVE('',#12740,#14079);
#14079 = DEFINITIONAL_REPRESENTATION('',(#14080),#14084);
#14080 = LINE('',#14081,#14082);
#14081 = CARTESIAN_POINT('',(0.,0.));
#14082 = VECTOR('',#14083,1.);
#14083 = DIRECTION('',(0.,1.));
#14084 = ( GEOMETRIC_REPRESENTATION_CONTEXT(2) 
PARAMETRIC_REPRESENTATION_CONTEXT() REPRESENTATION_CONTEXT('2D SPACE',''
  ) );
#14085 = PCURVE('',#12712,#14086);
#14086 = DEFINITIONAL_REPRESENTATION('',(#14087),#14091);
#14087 = LINE('',#14088,#14089);
#14088 = CARTESIAN_POINT('',(0.,91.5));
#14089 = VECTOR('',#14090,1.);
#14090 = DIRECTION('',(1.,0.));
#14091 = ( GEOMETRIC_REPRESENTATION_CONTEXT(2) 
PARAMETRIC_REPRESENTATION_CONTEXT() REPRESENTATION_CONTEXT('2D SPACE',''
  ) );
#14092 = ORIENTED_EDGE('',*,*,#12724,.T.);
#14093 = ORIENTED_EDGE('',*,*,#12882,.T.);
#14094 = ORIENTED_EDGE('',*,*,#14095,.F.);
#14095 = EDGE_CURVE('',#14071,#12860,#14096,.T.);
#14096 = SURFACE_CURVE('',#14097,(#14101,#14108),.PCURVE_S1.);
#14097 = LINE('',#14098,#14099);
#14098 = CARTESIAN_POINT('',(97.75,91.5,5.));
#14099 = VECTOR('',#14100,1.);
#14100 = DIRECTION('',(0.,0.,1.));
#14101 = PCURVE('',#12740,#14102);
#14102 = DEFINITIONAL_REPRESENTATION('',(#14103),#14107);
#14103 = LINE('',#14104,#14105);
#14104 = CARTESIAN_POINT('',(0.,97.75));
#14105 = VECTOR('',#14106,1.);
#14106 = DIRECTION('',(1.,0.));
#14107 = ( GEOMETRIC_REPRESENTATION_CONTEXT(2) 
PARAMETRIC_REPRESENTATION_CONTEXT() REPRESENTATION_CONTEXT('2D SPACE',''
  ) );
#14108 = PCURVE('',#12842,#14109);
#14109 = DEFINITIONAL_REPRESENTATION('',(#14110),#14114);
#14110 = LINE('',#14111,#14112);
#14111 = CARTESIAN_POINT('',(0.,-91.5));
#14112 = VECTOR('',#14113,1.);
#14113 = DIRECTION('',(1.,0.));
#14114 = ( GEOMETRIC_REPRESENTATION_CONTEXT(2) 
PARAMETRIC_REPRESENTATION_CONTEXT() REPRESENTATION_CONTEXT('2D SPACE',''
  ) );
#14115 = ADVANCED_FACE('',(#14116,#14142,#14172,#14258,#14288,#14374,
    #14460,#14490,#14576,#14662,#14748,#14778,#14864,#14950,#15036,
    #15066),#12712,.F.);
#14116 = FACE_BOUND('',#14117,.F.);
#14117 = EDGE_LOOP('',(#14118,#14119,#14120,#14141));
#14118 = ORIENTED_EDGE('',*,*,#12696,.F.);
#14119 = ORIENTED_EDGE('',*,*,#12781,.T.);
#14120 = ORIENTED_EDGE('',*,*,#14121,.T.);
#14121 = EDGE_CURVE('',#12782,#14071,#14122,.T.);
#14122 = SURFACE_CURVE('',#14123,(#14127,#14134),.PCURVE_S1.);
#14123 = LINE('',#14124,#14125);
#14124 = CARTESIAN_POINT('',(97.75,0.,5.));
#14125 = VECTOR('',#14126,1.);
#14126 = DIRECTION('',(0.,1.,0.));
#14127 = PCURVE('',#12712,#14128);
#14128 = DEFINITIONAL_REPRESENTATION('',(#14129),#14133);
#14129 = LINE('',#14130,#14131);
#14130 = CARTESIAN_POINT('',(97.75,0.));
#14131 = VECTOR('',#14132,1.);
#14132 = DIRECTION('',(0.,1.));
#14133 = ( GEOMETRIC_REPRESENTATION_CONTEXT(2) 
PARAMETRIC_REPRESENTATION_CONTEXT() REPRESENTATION_CONTEXT('2D SPACE',''
  ) );
#14134 = PCURVE('',#12842,#14135);
#14135 = DEFINITIONAL_REPRESENTATION('',(#14136),#14140);
#14136 = LINE('',#14137,#14138);
#14137 = CARTESIAN_POINT('',(0.,0.));
#14138 = VECTOR('',#14139,1.);
#14139 = DIRECTION('',(0.,-1.));
#14140 = ( GEOMETRIC_REPRESENTATION_CONTEXT(2) 
PARAMETRIC_REPRESENTATION_CONTEXT() REPRESENTATION_CONTEXT('2D SPACE',''
  ) );
#14141 = ORIENTED_EDGE('',*,*,#14070,.F.);
#14142 = FACE_BOUND('',#14143,.F.);
#14143 = EDGE_LOOP('',(#14144));
#14144 = ORIENTED_EDGE('',*,*,#14145,.T.);
#14145 = EDGE_CURVE('',#14146,#14146,#14148,.T.);
#14146 = VERTEX_POINT('',#14147);
#14147 = CARTESIAN_POINT('',(3.625,2.5,5.));
#14148 = SURFACE_CURVE('',#14149,(#14154,#14165),.PCURVE_S1.);
#14149 = CIRCLE('',#14150,1.125);
#14150 = AXIS2_PLACEMENT_3D('',#14151,#14152,#14153);
#14151 = CARTESIAN_POINT('',(2.5,2.5,5.));
#14152 = DIRECTION('',(0.,0.,-1.));
#14153 = DIRECTION('',(1.,0.,0.));
#14154 = PCURVE('',#12712,#14155);
#14155 = DEFINITIONAL_REPRESENTATION('',(#14156),#14164);
#14156 = ( BOUNDED_CURVE() B_SPLINE_CURVE(2,(#14157,#14158,#14159,#14160
    ,#14161,#14162,#14163),.UNSPECIFIED.,.T.,.F.) 
B_SPLINE_CURVE_WITH_KNOTS((1,2,2,2,2,1),(-2.094395102393,0.,
    2.094395102393,4.188790204786,6.28318530718,8.377580409573),
.UNSPECIFIED.) CURVE() GEOMETRIC_REPRESENTATION_ITEM() 
RATIONAL_B_SPLINE_CURVE((1.,0.5,1.,0.5,1.,0.5,1.)) REPRESENTATION_ITEM(
  '') );
#14157 = CARTESIAN_POINT('',(3.625,2.5));
#14158 = CARTESIAN_POINT('',(3.625,0.551442841485));
#14159 = CARTESIAN_POINT('',(1.9375,1.525721420743));
#14160 = CARTESIAN_POINT('',(0.25,2.5));
#14161 = CARTESIAN_POINT('',(1.9375,3.474278579257));
#14162 = CARTESIAN_POINT('',(3.625,4.448557158515));
#14163 = CARTESIAN_POINT('',(3.625,2.5));
#14164 = ( GEOMETRIC_REPRESENTATION_CONTEXT(2) 
PARAMETRIC_REPRESENTATION_CONTEXT() REPRESENTATION_CONTEXT('2D SPACE',''
  ) );
#14165 = PCURVE('',#12926,#14166);
#14166 = DEFINITIONAL_REPRESENTATION('',(#14167),#14171);
#14167 = LINE('',#14168,#14169);
#14168 = CARTESIAN_POINT('',(-6.28318530718,-1.));
#14169 = VECTOR('',#14170,1.);
#14170 = DIRECTION('',(1.,-0.));
#14171 = ( GEOMETRIC_REPRESENTATION_CONTEXT(2) 
PARAMETRIC_REPRESENTATION_CONTEXT() REPRESENTATION_CONTEXT('2D SPACE',''
  ) );
#14172 = FACE_BOUND('',#14173,.F.);
#14173 = EDGE_LOOP('',(#14174,#14197,#14218,#14239));
#14174 = ORIENTED_EDGE('',*,*,#14175,.T.);
#14175 = EDGE_CURVE('',#14176,#14178,#14180,.T.);
#14176 = VERTEX_POINT('',#14177);
#14177 = CARTESIAN_POINT('',(81.575,2.925,5.));
#14178 = VERTEX_POINT('',#14179);
#14179 = CARTESIAN_POINT('',(71.425,2.925,5.));
#14180 = SURFACE_CURVE('',#14181,(#14185,#14191),.PCURVE_S1.);
#14181 = LINE('',#14182,#14183);
#14182 = CARTESIAN_POINT('',(35.7125,2.925,5.));
#14183 = VECTOR('',#14184,1.);
#14184 = DIRECTION('',(-1.,0.,0.));
#14185 = PCURVE('',#12712,#14186);
#14186 = DEFINITIONAL_REPRESENTATION('',(#14187),#14190);
#14187 = B_SPLINE_CURVE_WITH_KNOTS('',1,(#14188,#14189),.UNSPECIFIED.,
  .F.,.F.,(2,2),(-45.8625,-35.7125),.PIECEWISE_BEZIER_KNOTS.);
#14188 = CARTESIAN_POINT('',(81.575,2.925));
#14189 = CARTESIAN_POINT('',(71.425,2.925));
#14190 = ( GEOMETRIC_REPRESENTATION_CONTEXT(2) 
PARAMETRIC_REPRESENTATION_CONTEXT() REPRESENTATION_CONTEXT('2D SPACE',''
  ) );
#14191 = PCURVE('',#12957,#14192);
#14192 = DEFINITIONAL_REPRESENTATION('',(#14193),#14196);
#14193 = B_SPLINE_CURVE_WITH_KNOTS('',1,(#14194,#14195),.UNSPECIFIED.,
  .F.,.F.,(2,2),(-45.8625,-35.7125),.PIECEWISE_BEZIER_KNOTS.);
#14194 = CARTESIAN_POINT('',(1.,10.15));
#14195 = CARTESIAN_POINT('',(1.,0.));
#14196 = ( GEOMETRIC_REPRESENTATION_CONTEXT(2) 
PARAMETRIC_REPRESENTATION_CONTEXT() REPRESENTATION_CONTEXT('2D SPACE',''
  ) );
#14197 = ORIENTED_EDGE('',*,*,#14198,.T.);
#14198 = EDGE_CURVE('',#14178,#14199,#14201,.T.);
#14199 = VERTEX_POINT('',#14200);
#14200 = CARTESIAN_POINT('',(71.425,9.075,5.));
#14201 = SURFACE_CURVE('',#14202,(#14206,#14212),.PCURVE_S1.);
#14202 = LINE('',#14203,#14204);
#14203 = CARTESIAN_POINT('',(71.425,1.4625,5.));
#14204 = VECTOR('',#14205,1.);
#14205 = DIRECTION('',(0.,1.,0.));
#14206 = PCURVE('',#12712,#14207);
#14207 = DEFINITIONAL_REPRESENTATION('',(#14208),#14211);
#14208 = B_SPLINE_CURVE_WITH_KNOTS('',1,(#14209,#14210),.UNSPECIFIED.,
  .F.,.F.,(2,2),(1.4625,7.6125),.PIECEWISE_BEZIER_KNOTS.);
#14209 = CARTESIAN_POINT('',(71.425,2.925));
#14210 = CARTESIAN_POINT('',(71.425,9.075));
#14211 = ( GEOMETRIC_REPRESENTATION_CONTEXT(2) 
PARAMETRIC_REPRESENTATION_CONTEXT() REPRESENTATION_CONTEXT('2D SPACE',''
  ) );
#14212 = PCURVE('',#12983,#14213);
#14213 = DEFINITIONAL_REPRESENTATION('',(#14214),#14217);
#14214 = B_SPLINE_CURVE_WITH_KNOTS('',1,(#14215,#14216),.UNSPECIFIED.,
  .F.,.F.,(2,2),(1.4625,7.6125),.PIECEWISE_BEZIER_KNOTS.);
#14215 = CARTESIAN_POINT('',(1.,0.));
#14216 = CARTESIAN_POINT('',(1.,-6.15));
#14217 = ( GEOMETRIC_REPRESENTATION_CONTEXT(2) 
PARAMETRIC_REPRESENTATION_CONTEXT() REPRESENTATION_CONTEXT('2D SPACE',''
  ) );
#14218 = ORIENTED_EDGE('',*,*,#14219,.F.);
#14219 = EDGE_CURVE('',#14220,#14199,#14222,.T.);
#14220 = VERTEX_POINT('',#14221);
#14221 = CARTESIAN_POINT('',(81.575,9.075,5.));
#14222 = SURFACE_CURVE('',#14223,(#14227,#14233),.PCURVE_S1.);
#14223 = LINE('',#14224,#14225);
#14224 = CARTESIAN_POINT('',(35.7125,9.075,5.));
#14225 = VECTOR('',#14226,1.);
#14226 = DIRECTION('',(-1.,0.,0.));
#14227 = PCURVE('',#12712,#14228);
#14228 = DEFINITIONAL_REPRESENTATION('',(#14229),#14232);
#14229 = B_SPLINE_CURVE_WITH_KNOTS('',1,(#14230,#14231),.UNSPECIFIED.,
  .F.,.F.,(2,2),(-45.8625,-35.7125),.PIECEWISE_BEZIER_KNOTS.);
#14230 = CARTESIAN_POINT('',(81.575,9.075));
#14231 = CARTESIAN_POINT('',(71.425,9.075));
#14232 = ( GEOMETRIC_REPRESENTATION_CONTEXT(2) 
PARAMETRIC_REPRESENTATION_CONTEXT() REPRESENTATION_CONTEXT('2D SPACE',''
  ) );
#14233 = PCURVE('',#13009,#14234);
#14234 = DEFINITIONAL_REPRESENTATION('',(#14235),#14238);
#14235 = B_SPLINE_CURVE_WITH_KNOTS('',1,(#14236,#14237),.UNSPECIFIED.,
  .F.,.F.,(2,2),(-45.8625,-35.7125),.PIECEWISE_BEZIER_KNOTS.);
#14236 = CARTESIAN_POINT('',(1.,10.15));
#14237 = CARTESIAN_POINT('',(1.,0.));
#14238 = ( GEOMETRIC_REPRESENTATION_CONTEXT(2) 
PARAMETRIC_REPRESENTATION_CONTEXT() REPRESENTATION_CONTEXT('2D SPACE',''
  ) );
#14239 = ORIENTED_EDGE('',*,*,#14240,.F.);
#14240 = EDGE_CURVE('',#14176,#14220,#14241,.T.);
#14241 = SURFACE_CURVE('',#14242,(#14246,#14252),.PCURVE_S1.);
#14242 = LINE('',#14243,#14244);
#14243 = CARTESIAN_POINT('',(81.575,1.4625,5.));
#14244 = VECTOR('',#14245,1.);
#14245 = DIRECTION('',(0.,1.,0.));
#14246 = PCURVE('',#12712,#14247);
#14247 = DEFINITIONAL_REPRESENTATION('',(#14248),#14251);
#14248 = B_SPLINE_CURVE_WITH_KNOTS('',1,(#14249,#14250),.UNSPECIFIED.,
  .F.,.F.,(2,2),(1.4625,7.6125),.PIECEWISE_BEZIER_KNOTS.);
#14249 = CARTESIAN_POINT('',(81.575,2.925));
#14250 = CARTESIAN_POINT('',(81.575,9.075));
#14251 = ( GEOMETRIC_REPRESENTATION_CONTEXT(2) 
PARAMETRIC_REPRESENTATION_CONTEXT() REPRESENTATION_CONTEXT('2D SPACE',''
  ) );
#14252 = PCURVE('',#13033,#14253);
#14253 = DEFINITIONAL_REPRESENTATION('',(#14254),#14257);
#14254 = B_SPLINE_CURVE_WITH_KNOTS('',1,(#14255,#14256),.UNSPECIFIED.,
  .F.,.F.,(2,2),(1.4625,7.6125),.PIECEWISE_BEZIER_KNOTS.);
#14255 = CARTESIAN_POINT('',(1.,0.));
#14256 = CARTESIAN_POINT('',(1.,-6.15));
#14257 = ( GEOMETRIC_REPRESENTATION_CONTEXT(2) 
PARAMETRIC_REPRESENTATION_CONTEXT() REPRESENTATION_CONTEXT('2D SPACE',''
  ) );
#14258 = FACE_BOUND('',#14259,.F.);
#14259 = EDGE_LOOP('',(#14260));
#14260 = ORIENTED_EDGE('',*,*,#14261,.T.);
#14261 = EDGE_CURVE('',#14262,#14262,#14264,.T.);
#14262 = VERTEX_POINT('',#14263);
#14263 = CARTESIAN_POINT('',(93.875,2.75,5.));
#14264 = SURFACE_CURVE('',#14265,(#14270,#14281),.PCURVE_S1.);
#14265 = CIRCLE('',#14266,1.125);
#14266 = AXIS2_PLACEMENT_3D('',#14267,#14268,#14269);
#14267 = CARTESIAN_POINT('',(92.75,2.75,5.));
#14268 = DIRECTION('',(0.,0.,-1.));
#14269 = DIRECTION('',(1.,0.,0.));
#14270 = PCURVE('',#12712,#14271);
#14271 = DEFINITIONAL_REPRESENTATION('',(#14272),#14280);
#14272 = ( BOUNDED_CURVE() B_SPLINE_CURVE(2,(#14273,#14274,#14275,#14276
    ,#14277,#14278,#14279),.UNSPECIFIED.,.T.,.F.) 
B_SPLINE_CURVE_WITH_KNOTS((1,2,2,2,2,1),(-2.094395102393,0.,
    2.094395102393,4.188790204786,6.28318530718,8.377580409573),
.UNSPECIFIED.) CURVE() GEOMETRIC_REPRESENTATION_ITEM() 
RATIONAL_B_SPLINE_CURVE((1.,0.5,1.,0.5,1.,0.5,1.)) REPRESENTATION_ITEM(
  '') );
#14273 = CARTESIAN_POINT('',(93.875,2.75));
#14274 = CARTESIAN_POINT('',(93.875,0.801442841485));
#14275 = CARTESIAN_POINT('',(92.1875,1.775721420743));
#14276 = CARTESIAN_POINT('',(90.5,2.75));
#14277 = CARTESIAN_POINT('',(92.1875,3.724278579257));
#14278 = CARTESIAN_POINT('',(93.875,4.698557158515));
#14279 = CARTESIAN_POINT('',(93.875,2.75));
#14280 = ( GEOMETRIC_REPRESENTATION_CONTEXT(2) 
PARAMETRIC_REPRESENTATION_CONTEXT() REPRESENTATION_CONTEXT('2D SPACE',''
  ) );
#14281 = PCURVE('',#13067,#14282);
#14282 = DEFINITIONAL_REPRESENTATION('',(#14283),#14287);
#14283 = LINE('',#14284,#14285);
#14284 = CARTESIAN_POINT('',(-6.28318530718,-1.));
#14285 = VECTOR('',#14286,1.);
#14286 = DIRECTION('',(1.,-0.));
#14287 = ( GEOMETRIC_REPRESENTATION_CONTEXT(2) 
PARAMETRIC_REPRESENTATION_CONTEXT() REPRESENTATION_CONTEXT('2D SPACE',''
  ) );
#14288 = FACE_BOUND('',#14289,.F.);
#14289 = EDGE_LOOP('',(#14290,#14313,#14334,#14355));
#14290 = ORIENTED_EDGE('',*,*,#14291,.T.);
#14291 = EDGE_CURVE('',#14292,#14294,#14296,.T.);
#14292 = VERTEX_POINT('',#14293);
#14293 = CARTESIAN_POINT('',(21.125,53.915,5.));
#14294 = VERTEX_POINT('',#14295);
#14295 = CARTESIAN_POINT('',(6.875,53.915,5.));
#14296 = SURFACE_CURVE('',#14297,(#14301,#14307),.PCURVE_S1.);
#14297 = LINE('',#14298,#14299);
#14298 = CARTESIAN_POINT('',(3.4375,53.915,5.));
#14299 = VECTOR('',#14300,1.);
#14300 = DIRECTION('',(-1.,0.,0.));
#14301 = PCURVE('',#12712,#14302);
#14302 = DEFINITIONAL_REPRESENTATION('',(#14303),#14306);
#14303 = B_SPLINE_CURVE_WITH_KNOTS('',1,(#14304,#14305),.UNSPECIFIED.,
  .F.,.F.,(2,2),(-17.6875,-3.4375),.PIECEWISE_BEZIER_KNOTS.);
#14304 = CARTESIAN_POINT('',(21.125,53.915));
#14305 = CARTESIAN_POINT('',(6.875,53.915));
#14306 = ( GEOMETRIC_REPRESENTATION_CONTEXT(2) 
PARAMETRIC_REPRESENTATION_CONTEXT() REPRESENTATION_CONTEXT('2D SPACE',''
  ) );
#14307 = PCURVE('',#13098,#14308);
#14308 = DEFINITIONAL_REPRESENTATION('',(#14309),#14312);
#14309 = B_SPLINE_CURVE_WITH_KNOTS('',1,(#14310,#14311),.UNSPECIFIED.,
  .F.,.F.,(2,2),(-17.6875,-3.4375),.PIECEWISE_BEZIER_KNOTS.);
#14310 = CARTESIAN_POINT('',(1.,14.25));
#14311 = CARTESIAN_POINT('',(1.,0.));
#14312 = ( GEOMETRIC_REPRESENTATION_CONTEXT(2) 
PARAMETRIC_REPRESENTATION_CONTEXT() REPRESENTATION_CONTEXT('2D SPACE',''
  ) );
#14313 = ORIENTED_EDGE('',*,*,#14314,.T.);
#14314 = EDGE_CURVE('',#14294,#14315,#14317,.T.);
#14315 = VERTEX_POINT('',#14316);
#14316 = CARTESIAN_POINT('',(6.875,68.165,5.));
#14317 = SURFACE_CURVE('',#14318,(#14322,#14328),.PCURVE_S1.);
#14318 = LINE('',#14319,#14320);
#14319 = CARTESIAN_POINT('',(6.875,26.9575,5.));
#14320 = VECTOR('',#14321,1.);
#14321 = DIRECTION('',(0.,1.,0.));
#14322 = PCURVE('',#12712,#14323);
#14323 = DEFINITIONAL_REPRESENTATION('',(#14324),#14327);
#14324 = B_SPLINE_CURVE_WITH_KNOTS('',1,(#14325,#14326),.UNSPECIFIED.,
  .F.,.F.,(2,2),(26.9575,41.2075),.PIECEWISE_BEZIER_KNOTS.);
#14325 = CARTESIAN_POINT('',(6.875,53.915));
#14326 = CARTESIAN_POINT('',(6.875,68.165));
#14327 = ( GEOMETRIC_REPRESENTATION_CONTEXT(2) 
PARAMETRIC_REPRESENTATION_CONTEXT() REPRESENTATION_CONTEXT('2D SPACE',''
  ) );
#14328 = PCURVE('',#13124,#14329);
#14329 = DEFINITIONAL_REPRESENTATION('',(#14330),#14333);
#14330 = B_SPLINE_CURVE_WITH_KNOTS('',1,(#14331,#14332),.UNSPECIFIED.,
  .F.,.F.,(2,2),(26.9575,41.2075),.PIECEWISE_BEZIER_KNOTS.);
#14331 = CARTESIAN_POINT('',(1.,0.));
#14332 = CARTESIAN_POINT('',(1.,-14.25));
#14333 = ( GEOMETRIC_REPRESENTATION_CONTEXT(2) 
PARAMETRIC_REPRESENTATION_CONTEXT() REPRESENTATION_CONTEXT('2D SPACE',''
  ) );
#14334 = ORIENTED_EDGE('',*,*,#14335,.F.);
#14335 = EDGE_CURVE('',#14336,#14315,#14338,.T.);
#14336 = VERTEX_POINT('',#14337);
#14337 = CARTESIAN_POINT('',(21.125,68.165,5.));
#14338 = SURFACE_CURVE('',#14339,(#14343,#14349),.PCURVE_S1.);
#14339 = LINE('',#14340,#14341);
#14340 = CARTESIAN_POINT('',(3.4375,68.165,5.));
#14341 = VECTOR('',#14342,1.);
#14342 = DIRECTION('',(-1.,0.,0.));
#14343 = PCURVE('',#12712,#14344);
#14344 = DEFINITIONAL_REPRESENTATION('',(#14345),#14348);
#14345 = B_SPLINE_CURVE_WITH_KNOTS('',1,(#14346,#14347),.UNSPECIFIED.,
  .F.,.F.,(2,2),(-17.6875,-3.4375),.PIECEWISE_BEZIER_KNOTS.);
#14346 = CARTESIAN_POINT('',(21.125,68.165));
#14347 = CARTESIAN_POINT('',(6.875,68.165));
#14348 = ( GEOMETRIC_REPRESENTATION_CONTEXT(2) 
PARAMETRIC_REPRESENTATION_CONTEXT() REPRESENTATION_CONTEXT('2D SPACE',''
  ) );
#14349 = PCURVE('',#13150,#14350);
#14350 = DEFINITIONAL_REPRESENTATION('',(#14351),#14354);
#14351 = B_SPLINE_CURVE_WITH_KNOTS('',1,(#14352,#14353),.UNSPECIFIED.,
  .F.,.F.,(2,2),(-17.6875,-3.4375),.PIECEWISE_BEZIER_KNOTS.);
#14352 = CARTESIAN_POINT('',(1.,14.25));
#14353 = CARTESIAN_POINT('',(1.,0.));
#14354 = ( GEOMETRIC_REPRESENTATION_CONTEXT(2) 
PARAMETRIC_REPRESENTATION_CONTEXT() REPRESENTATION_CONTEXT('2D SPACE',''
  ) );
#14355 = ORIENTED_EDGE('',*,*,#14356,.F.);
#14356 = EDGE_CURVE('',#14292,#14336,#14357,.T.);
#14357 = SURFACE_CURVE('',#14358,(#14362,#14368),.PCURVE_S1.);
#14358 = LINE('',#14359,#14360);
#14359 = CARTESIAN_POINT('',(21.125,26.9575,5.));
#14360 = VECTOR('',#14361,1.);
#14361 = DIRECTION('',(0.,1.,0.));
#14362 = PCURVE('',#12712,#14363);
#14363 = DEFINITIONAL_REPRESENTATION('',(#14364),#14367);
#14364 = B_SPLINE_CURVE_WITH_KNOTS('',1,(#14365,#14366),.UNSPECIFIED.,
  .F.,.F.,(2,2),(26.9575,41.2075),.PIECEWISE_BEZIER_KNOTS.);
#14365 = CARTESIAN_POINT('',(21.125,53.915));
#14366 = CARTESIAN_POINT('',(21.125,68.165));
#14367 = ( GEOMETRIC_REPRESENTATION_CONTEXT(2) 
PARAMETRIC_REPRESENTATION_CONTEXT() REPRESENTATION_CONTEXT('2D SPACE',''
  ) );
#14368 = PCURVE('',#13174,#14369);
#14369 = DEFINITIONAL_REPRESENTATION('',(#14370),#14373);
#14370 = B_SPLINE_CURVE_WITH_KNOTS('',1,(#14371,#14372),.UNSPECIFIED.,
  .F.,.F.,(2,2),(26.9575,41.2075),.PIECEWISE_BEZIER_KNOTS.);
#14371 = CARTESIAN_POINT('',(1.,0.));
#14372 = CARTESIAN_POINT('',(1.,-14.25));
#14373 = ( GEOMETRIC_REPRESENTATION_CONTEXT(2) 
PARAMETRIC_REPRESENTATION_CONTEXT() REPRESENTATION_CONTEXT('2D SPACE',''
  ) );
#14374 = FACE_BOUND('',#14375,.F.);
#14375 = EDGE_LOOP('',(#14376,#14399,#14420,#14441));
#14376 = ORIENTED_EDGE('',*,*,#14377,.T.);
#14377 = EDGE_CURVE('',#14378,#14380,#14382,.T.);
#14378 = VERTEX_POINT('',#14379);
#14379 = CARTESIAN_POINT('',(40.405,53.915,5.));
#14380 = VERTEX_POINT('',#14381);
#14381 = CARTESIAN_POINT('',(26.155,53.915,5.));
#14382 = SURFACE_CURVE('',#14383,(#14387,#14393),.PCURVE_S1.);
#14383 = LINE('',#14384,#14385);
#14384 = CARTESIAN_POINT('',(13.0775,53.915,5.));
#14385 = VECTOR('',#14386,1.);
#14386 = DIRECTION('',(-1.,0.,0.));
#14387 = PCURVE('',#12712,#14388);
#14388 = DEFINITIONAL_REPRESENTATION('',(#14389),#14392);
#14389 = B_SPLINE_CURVE_WITH_KNOTS('',1,(#14390,#14391),.UNSPECIFIED.,
  .F.,.F.,(2,2),(-27.3275,-13.0775),.PIECEWISE_BEZIER_KNOTS.);
#14390 = CARTESIAN_POINT('',(40.405,53.915));
#14391 = CARTESIAN_POINT('',(26.155,53.915));
#14392 = ( GEOMETRIC_REPRESENTATION_CONTEXT(2) 
PARAMETRIC_REPRESENTATION_CONTEXT() REPRESENTATION_CONTEXT('2D SPACE',''
  ) );
#14393 = PCURVE('',#13204,#14394);
#14394 = DEFINITIONAL_REPRESENTATION('',(#14395),#14398);
#14395 = B_SPLINE_CURVE_WITH_KNOTS('',1,(#14396,#14397),.UNSPECIFIED.,
  .F.,.F.,(2,2),(-27.3275,-13.0775),.PIECEWISE_BEZIER_KNOTS.);
#14396 = CARTESIAN_POINT('',(1.,14.25));
#14397 = CARTESIAN_POINT('',(1.,0.));
#14398 = ( GEOMETRIC_REPRESENTATION_CONTEXT(2) 
PARAMETRIC_REPRESENTATION_CONTEXT() REPRESENTATION_CONTEXT('2D SPACE',''
  ) );
#14399 = ORIENTED_EDGE('',*,*,#14400,.T.);
#14400 = EDGE_CURVE('',#14380,#14401,#14403,.T.);
#14401 = VERTEX_POINT('',#14402);
#14402 = CARTESIAN_POINT('',(26.155,68.165,5.));
#14403 = SURFACE_CURVE('',#14404,(#14408,#14414),.PCURVE_S1.);
#14404 = LINE('',#14405,#14406);
#14405 = CARTESIAN_POINT('',(26.155,26.9575,5.));
#14406 = VECTOR('',#14407,1.);
#14407 = DIRECTION('',(0.,1.,0.));
#14408 = PCURVE('',#12712,#14409);
#14409 = DEFINITIONAL_REPRESENTATION('',(#14410),#14413);
#14410 = B_SPLINE_CURVE_WITH_KNOTS('',1,(#14411,#14412),.UNSPECIFIED.,
  .F.,.F.,(2,2),(26.9575,41.2075),.PIECEWISE_BEZIER_KNOTS.);
#14411 = CARTESIAN_POINT('',(26.155,53.915));
#14412 = CARTESIAN_POINT('',(26.155,68.165));
#14413 = ( GEOMETRIC_REPRESENTATION_CONTEXT(2) 
PARAMETRIC_REPRESENTATION_CONTEXT() REPRESENTATION_CONTEXT('2D SPACE',''
  ) );
#14414 = PCURVE('',#13230,#14415);
#14415 = DEFINITIONAL_REPRESENTATION('',(#14416),#14419);
#14416 = B_SPLINE_CURVE_WITH_KNOTS('',1,(#14417,#14418),.UNSPECIFIED.,
  .F.,.F.,(2,2),(26.9575,41.2075),.PIECEWISE_BEZIER_KNOTS.);
#14417 = CARTESIAN_POINT('',(1.,0.));
#14418 = CARTESIAN_POINT('',(1.,-14.25));
#14419 = ( GEOMETRIC_REPRESENTATION_CONTEXT(2) 
PARAMETRIC_REPRESENTATION_CONTEXT() REPRESENTATION_CONTEXT('2D SPACE',''
  ) );
#14420 = ORIENTED_EDGE('',*,*,#14421,.F.);
#14421 = EDGE_CURVE('',#14422,#14401,#14424,.T.);
#14422 = VERTEX_POINT('',#14423);
#14423 = CARTESIAN_POINT('',(40.405,68.165,5.));
#14424 = SURFACE_CURVE('',#14425,(#14429,#14435),.PCURVE_S1.);
#14425 = LINE('',#14426,#14427);
#14426 = CARTESIAN_POINT('',(13.0775,68.165,5.));
#14427 = VECTOR('',#14428,1.);
#14428 = DIRECTION('',(-1.,0.,0.));
#14429 = PCURVE('',#12712,#14430);
#14430 = DEFINITIONAL_REPRESENTATION('',(#14431),#14434);
#14431 = B_SPLINE_CURVE_WITH_KNOTS('',1,(#14432,#14433),.UNSPECIFIED.,
  .F.,.F.,(2,2),(-27.3275,-13.0775),.PIECEWISE_BEZIER_KNOTS.);
#14432 = CARTESIAN_POINT('',(40.405,68.165));
#14433 = CARTESIAN_POINT('',(26.155,68.165));
#14434 = ( GEOMETRIC_REPRESENTATION_CONTEXT(2) 
PARAMETRIC_REPRESENTATION_CONTEXT() REPRESENTATION_CONTEXT('2D SPACE',''
  ) );
#14435 = PCURVE('',#13256,#14436);
#14436 = DEFINITIONAL_REPRESENTATION('',(#14437),#14440);
#14437 = B_SPLINE_CURVE_WITH_KNOTS('',1,(#14438,#14439),.UNSPECIFIED.,
  .F.,.F.,(2,2),(-27.3275,-13.0775),.PIECEWISE_BEZIER_KNOTS.);
#14438 = CARTESIAN_POINT('',(1.,14.25));
#14439 = CARTESIAN_POINT('',(1.,0.));
#14440 = ( GEOMETRIC_REPRESENTATION_CONTEXT(2) 
PARAMETRIC_REPRESENTATION_CONTEXT() REPRESENTATION_CONTEXT('2D SPACE',''
  ) );
#14441 = ORIENTED_EDGE('',*,*,#14442,.F.);
#14442 = EDGE_CURVE('',#14378,#14422,#14443,.T.);
#14443 = SURFACE_CURVE('',#14444,(#14448,#14454),.PCURVE_S1.);
#14444 = LINE('',#14445,#14446);
#14445 = CARTESIAN_POINT('',(40.405,26.9575,5.));
#14446 = VECTOR('',#14447,1.);
#14447 = DIRECTION('',(0.,1.,0.));
#14448 = PCURVE('',#12712,#14449);
#14449 = DEFINITIONAL_REPRESENTATION('',(#14450),#14453);
#14450 = B_SPLINE_CURVE_WITH_KNOTS('',1,(#14451,#14452),.UNSPECIFIED.,
  .F.,.F.,(2,2),(26.9575,41.2075),.PIECEWISE_BEZIER_KNOTS.);
#14451 = CARTESIAN_POINT('',(40.405,53.915));
#14452 = CARTESIAN_POINT('',(40.405,68.165));
#14453 = ( GEOMETRIC_REPRESENTATION_CONTEXT(2) 
PARAMETRIC_REPRESENTATION_CONTEXT() REPRESENTATION_CONTEXT('2D SPACE',''
  ) );
#14454 = PCURVE('',#13280,#14455);
#14455 = DEFINITIONAL_REPRESENTATION('',(#14456),#14459);
#14456 = B_SPLINE_CURVE_WITH_KNOTS('',1,(#14457,#14458),.UNSPECIFIED.,
  .F.,.F.,(2,2),(26.9575,41.2075),.PIECEWISE_BEZIER_KNOTS.);
#14457 = CARTESIAN_POINT('',(1.,0.));
#14458 = CARTESIAN_POINT('',(1.,-14.25));
#14459 = ( GEOMETRIC_REPRESENTATION_CONTEXT(2) 
PARAMETRIC_REPRESENTATION_CONTEXT() REPRESENTATION_CONTEXT('2D SPACE',''
  ) );
#14460 = FACE_BOUND('',#14461,.F.);
#14461 = EDGE_LOOP('',(#14462));
#14462 = ORIENTED_EDGE('',*,*,#14463,.T.);
#14463 = EDGE_CURVE('',#14464,#14464,#14466,.T.);
#14464 = VERTEX_POINT('',#14465);
#14465 = CARTESIAN_POINT('',(3.875,88.75,5.));
#14466 = SURFACE_CURVE('',#14467,(#14472,#14483),.PCURVE_S1.);
#14467 = CIRCLE('',#14468,1.125);
#14468 = AXIS2_PLACEMENT_3D('',#14469,#14470,#14471);
#14469 = CARTESIAN_POINT('',(2.75,88.75,5.));
#14470 = DIRECTION('',(0.,0.,-1.));
#14471 = DIRECTION('',(1.,0.,0.));
#14472 = PCURVE('',#12712,#14473);
#14473 = DEFINITIONAL_REPRESENTATION('',(#14474),#14482);
#14474 = ( BOUNDED_CURVE() B_SPLINE_CURVE(2,(#14475,#14476,#14477,#14478
    ,#14479,#14480,#14481),.UNSPECIFIED.,.T.,.F.) 
B_SPLINE_CURVE_WITH_KNOTS((1,2,2,2,2,1),(-2.094395102393,0.,
    2.094395102393,4.188790204786,6.28318530718,8.377580409573),
.UNSPECIFIED.) CURVE() GEOMETRIC_REPRESENTATION_ITEM() 
RATIONAL_B_SPLINE_CURVE((1.,0.5,1.,0.5,1.,0.5,1.)) REPRESENTATION_ITEM(
  '') );
#14475 = CARTESIAN_POINT('',(3.875,88.75));
#14476 = CARTESIAN_POINT('',(3.875,86.801442841485));
#14477 = CARTESIAN_POINT('',(2.1875,87.775721420743));
#14478 = CARTESIAN_POINT('',(0.5,88.75));
#14479 = CARTESIAN_POINT('',(2.1875,89.724278579257));
#14480 = CARTESIAN_POINT('',(3.875,90.698557158515));
#14481 = CARTESIAN_POINT('',(3.875,88.75));
#14482 = ( GEOMETRIC_REPRESENTATION_CONTEXT(2) 
PARAMETRIC_REPRESENTATION_CONTEXT() REPRESENTATION_CONTEXT('2D SPACE',''
  ) );
#14483 = PCURVE('',#13314,#14484);
#14484 = DEFINITIONAL_REPRESENTATION('',(#14485),#14489);
#14485 = LINE('',#14486,#14487);
#14486 = CARTESIAN_POINT('',(-6.28318530718,-1.));
#14487 = VECTOR('',#14488,1.);
#14488 = DIRECTION('',(1.,-0.));
#14489 = ( GEOMETRIC_REPRESENTATION_CONTEXT(2) 
PARAMETRIC_REPRESENTATION_CONTEXT() REPRESENTATION_CONTEXT('2D SPACE',''
  ) );
#14490 = FACE_BOUND('',#14491,.F.);
#14491 = EDGE_LOOP('',(#14492,#14515,#14536,#14557));
#14492 = ORIENTED_EDGE('',*,*,#14493,.T.);
#14493 = EDGE_CURVE('',#14494,#14496,#14498,.T.);
#14494 = VERTEX_POINT('',#14495);
#14495 = CARTESIAN_POINT('',(21.125,73.205,5.));
#14496 = VERTEX_POINT('',#14497);
#14497 = CARTESIAN_POINT('',(6.875,73.205,5.));
#14498 = SURFACE_CURVE('',#14499,(#14503,#14509),.PCURVE_S1.);
#14499 = LINE('',#14500,#14501);
#14500 = CARTESIAN_POINT('',(3.4375,73.205,5.));
#14501 = VECTOR('',#14502,1.);
#14502 = DIRECTION('',(-1.,0.,0.));
#14503 = PCURVE('',#12712,#14504);
#14504 = DEFINITIONAL_REPRESENTATION('',(#14505),#14508);
#14505 = B_SPLINE_CURVE_WITH_KNOTS('',1,(#14506,#14507),.UNSPECIFIED.,
  .F.,.F.,(2,2),(-17.6875,-3.4375),.PIECEWISE_BEZIER_KNOTS.);
#14506 = CARTESIAN_POINT('',(21.125,73.205));
#14507 = CARTESIAN_POINT('',(6.875,73.205));
#14508 = ( GEOMETRIC_REPRESENTATION_CONTEXT(2) 
PARAMETRIC_REPRESENTATION_CONTEXT() REPRESENTATION_CONTEXT('2D SPACE',''
  ) );
#14509 = PCURVE('',#13345,#14510);
#14510 = DEFINITIONAL_REPRESENTATION('',(#14511),#14514);
#14511 = B_SPLINE_CURVE_WITH_KNOTS('',1,(#14512,#14513),.UNSPECIFIED.,
  .F.,.F.,(2,2),(-17.6875,-3.4375),.PIECEWISE_BEZIER_KNOTS.);
#14512 = CARTESIAN_POINT('',(1.,14.25));
#14513 = CARTESIAN_POINT('',(1.,0.));
#14514 = ( GEOMETRIC_REPRESENTATION_CONTEXT(2) 
PARAMETRIC_REPRESENTATION_CONTEXT() REPRESENTATION_CONTEXT('2D SPACE',''
  ) );
#14515 = ORIENTED_EDGE('',*,*,#14516,.T.);
#14516 = EDGE_CURVE('',#14496,#14517,#14519,.T.);
#14517 = VERTEX_POINT('',#14518);
#14518 = CARTESIAN_POINT('',(6.875,87.455,5.));
#14519 = SURFACE_CURVE('',#14520,(#14524,#14530),.PCURVE_S1.);
#14520 = LINE('',#14521,#14522);
#14521 = CARTESIAN_POINT('',(6.875,36.6025,5.));
#14522 = VECTOR('',#14523,1.);
#14523 = DIRECTION('',(0.,1.,0.));
#14524 = PCURVE('',#12712,#14525);
#14525 = DEFINITIONAL_REPRESENTATION('',(#14526),#14529);
#14526 = B_SPLINE_CURVE_WITH_KNOTS('',1,(#14527,#14528),.UNSPECIFIED.,
  .F.,.F.,(2,2),(36.6025,50.8525),.PIECEWISE_BEZIER_KNOTS.);
#14527 = CARTESIAN_POINT('',(6.875,73.205));
#14528 = CARTESIAN_POINT('',(6.875,87.455));
#14529 = ( GEOMETRIC_REPRESENTATION_CONTEXT(2) 
PARAMETRIC_REPRESENTATION_CONTEXT() REPRESENTATION_CONTEXT('2D SPACE',''
  ) );
#14530 = PCURVE('',#13371,#14531);
#14531 = DEFINITIONAL_REPRESENTATION('',(#14532),#14535);
#14532 = B_SPLINE_CURVE_WITH_KNOTS('',1,(#14533,#14534),.UNSPECIFIED.,
  .F.,.F.,(2,2),(36.6025,50.8525),.PIECEWISE_BEZIER_KNOTS.);
#14533 = CARTESIAN_POINT('',(1.,0.));
#14534 = CARTESIAN_POINT('',(1.,-14.25));
#14535 = ( GEOMETRIC_REPRESENTATION_CONTEXT(2) 
PARAMETRIC_REPRESENTATION_CONTEXT() REPRESENTATION_CONTEXT('2D SPACE',''
  ) );
#14536 = ORIENTED_EDGE('',*,*,#14537,.F.);
#14537 = EDGE_CURVE('',#14538,#14517,#14540,.T.);
#14538 = VERTEX_POINT('',#14539);
#14539 = CARTESIAN_POINT('',(21.125,87.455,5.));
#14540 = SURFACE_CURVE('',#14541,(#14545,#14551),.PCURVE_S1.);
#14541 = LINE('',#14542,#14543);
#14542 = CARTESIAN_POINT('',(3.4375,87.455,5.));
#14543 = VECTOR('',#14544,1.);
#14544 = DIRECTION('',(-1.,0.,0.));
#14545 = PCURVE('',#12712,#14546);
#14546 = DEFINITIONAL_REPRESENTATION('',(#14547),#14550);
#14547 = B_SPLINE_CURVE_WITH_KNOTS('',1,(#14548,#14549),.UNSPECIFIED.,
  .F.,.F.,(2,2),(-17.6875,-3.4375),.PIECEWISE_BEZIER_KNOTS.);
#14548 = CARTESIAN_POINT('',(21.125,87.455));
#14549 = CARTESIAN_POINT('',(6.875,87.455));
#14550 = ( GEOMETRIC_REPRESENTATION_CONTEXT(2) 
PARAMETRIC_REPRESENTATION_CONTEXT() REPRESENTATION_CONTEXT('2D SPACE',''
  ) );
#14551 = PCURVE('',#13397,#14552);
#14552 = DEFINITIONAL_REPRESENTATION('',(#14553),#14556);
#14553 = B_SPLINE_CURVE_WITH_KNOTS('',1,(#14554,#14555),.UNSPECIFIED.,
  .F.,.F.,(2,2),(-17.6875,-3.4375),.PIECEWISE_BEZIER_KNOTS.);
#14554 = CARTESIAN_POINT('',(1.,14.25));
#14555 = CARTESIAN_POINT('',(1.,0.));
#14556 = ( GEOMETRIC_REPRESENTATION_CONTEXT(2) 
PARAMETRIC_REPRESENTATION_CONTEXT() REPRESENTATION_CONTEXT('2D SPACE',''
  ) );
#14557 = ORIENTED_EDGE('',*,*,#14558,.F.);
#14558 = EDGE_CURVE('',#14494,#14538,#14559,.T.);
#14559 = SURFACE_CURVE('',#14560,(#14564,#14570),.PCURVE_S1.);
#14560 = LINE('',#14561,#14562);
#14561 = CARTESIAN_POINT('',(21.125,36.6025,5.));
#14562 = VECTOR('',#14563,1.);
#14563 = DIRECTION('',(0.,1.,0.));
#14564 = PCURVE('',#12712,#14565);
#14565 = DEFINITIONAL_REPRESENTATION('',(#14566),#14569);
#14566 = B_SPLINE_CURVE_WITH_KNOTS('',1,(#14567,#14568),.UNSPECIFIED.,
  .F.,.F.,(2,2),(36.6025,50.8525),.PIECEWISE_BEZIER_KNOTS.);
#14567 = CARTESIAN_POINT('',(21.125,73.205));
#14568 = CARTESIAN_POINT('',(21.125,87.455));
#14569 = ( GEOMETRIC_REPRESENTATION_CONTEXT(2) 
PARAMETRIC_REPRESENTATION_CONTEXT() REPRESENTATION_CONTEXT('2D SPACE',''
  ) );
#14570 = PCURVE('',#13421,#14571);
#14571 = DEFINITIONAL_REPRESENTATION('',(#14572),#14575);
#14572 = B_SPLINE_CURVE_WITH_KNOTS('',1,(#14573,#14574),.UNSPECIFIED.,
  .F.,.F.,(2,2),(36.6025,50.8525),.PIECEWISE_BEZIER_KNOTS.);
#14573 = CARTESIAN_POINT('',(1.,0.));
#14574 = CARTESIAN_POINT('',(1.,-14.25));
#14575 = ( GEOMETRIC_REPRESENTATION_CONTEXT(2) 
PARAMETRIC_REPRESENTATION_CONTEXT() REPRESENTATION_CONTEXT('2D SPACE',''
  ) );
#14576 = FACE_BOUND('',#14577,.F.);
#14577 = EDGE_LOOP('',(#14578,#14601,#14622,#14643));
#14578 = ORIENTED_EDGE('',*,*,#14579,.T.);
#14579 = EDGE_CURVE('',#14580,#14582,#14584,.T.);
#14580 = VERTEX_POINT('',#14581);
#14581 = CARTESIAN_POINT('',(40.415,73.205,5.));
#14582 = VERTEX_POINT('',#14583);
#14583 = CARTESIAN_POINT('',(26.165,73.205,5.));
#14584 = SURFACE_CURVE('',#14585,(#14589,#14595),.PCURVE_S1.);
#14585 = LINE('',#14586,#14587);
#14586 = CARTESIAN_POINT('',(13.0825,73.205,5.));
#14587 = VECTOR('',#14588,1.);
#14588 = DIRECTION('',(-1.,0.,0.));
#14589 = PCURVE('',#12712,#14590);
#14590 = DEFINITIONAL_REPRESENTATION('',(#14591),#14594);
#14591 = B_SPLINE_CURVE_WITH_KNOTS('',1,(#14592,#14593),.UNSPECIFIED.,
  .F.,.F.,(2,2),(-27.3325,-13.0825),.PIECEWISE_BEZIER_KNOTS.);
#14592 = CARTESIAN_POINT('',(40.415,73.205));
#14593 = CARTESIAN_POINT('',(26.165,73.205));
#14594 = ( GEOMETRIC_REPRESENTATION_CONTEXT(2) 
PARAMETRIC_REPRESENTATION_CONTEXT() REPRESENTATION_CONTEXT('2D SPACE',''
  ) );
#14595 = PCURVE('',#13451,#14596);
#14596 = DEFINITIONAL_REPRESENTATION('',(#14597),#14600);
#14597 = B_SPLINE_CURVE_WITH_KNOTS('',1,(#14598,#14599),.UNSPECIFIED.,
  .F.,.F.,(2,2),(-27.3325,-13.0825),.PIECEWISE_BEZIER_KNOTS.);
#14598 = CARTESIAN_POINT('',(1.,14.25));
#14599 = CARTESIAN_POINT('',(1.,0.));
#14600 = ( GEOMETRIC_REPRESENTATION_CONTEXT(2) 
PARAMETRIC_REPRESENTATION_CONTEXT() REPRESENTATION_CONTEXT('2D SPACE',''
  ) );
#14601 = ORIENTED_EDGE('',*,*,#14602,.T.);
#14602 = EDGE_CURVE('',#14582,#14603,#14605,.T.);
#14603 = VERTEX_POINT('',#14604);
#14604 = CARTESIAN_POINT('',(26.165,87.455,5.));
#14605 = SURFACE_CURVE('',#14606,(#14610,#14616),.PCURVE_S1.);
#14606 = LINE('',#14607,#14608);
#14607 = CARTESIAN_POINT('',(26.165,36.6025,5.));
#14608 = VECTOR('',#14609,1.);
#14609 = DIRECTION('',(0.,1.,0.));
#14610 = PCURVE('',#12712,#14611);
#14611 = DEFINITIONAL_REPRESENTATION('',(#14612),#14615);
#14612 = B_SPLINE_CURVE_WITH_KNOTS('',1,(#14613,#14614),.UNSPECIFIED.,
  .F.,.F.,(2,2),(36.6025,50.8525),.PIECEWISE_BEZIER_KNOTS.);
#14613 = CARTESIAN_POINT('',(26.165,73.205));
#14614 = CARTESIAN_POINT('',(26.165,87.455));
#14615 = ( GEOMETRIC_REPRESENTATION_CONTEXT(2) 
PARAMETRIC_REPRESENTATION_CONTEXT() REPRESENTATION_CONTEXT('2D SPACE',''
  ) );
#14616 = PCURVE('',#13477,#14617);
#14617 = DEFINITIONAL_REPRESENTATION('',(#14618),#14621);
#14618 = B_SPLINE_CURVE_WITH_KNOTS('',1,(#14619,#14620),.UNSPECIFIED.,
  .F.,.F.,(2,2),(36.6025,50.8525),.PIECEWISE_BEZIER_KNOTS.);
#14619 = CARTESIAN_POINT('',(1.,0.));
#14620 = CARTESIAN_POINT('',(1.,-14.25));
#14621 = ( GEOMETRIC_REPRESENTATION_CONTEXT(2) 
PARAMETRIC_REPRESENTATION_CONTEXT() REPRESENTATION_CONTEXT('2D SPACE',''
  ) );
#14622 = ORIENTED_EDGE('',*,*,#14623,.F.);
#14623 = EDGE_CURVE('',#14624,#14603,#14626,.T.);
#14624 = VERTEX_POINT('',#14625);
#14625 = CARTESIAN_POINT('',(40.415,87.455,5.));
#14626 = SURFACE_CURVE('',#14627,(#14631,#14637),.PCURVE_S1.);
#14627 = LINE('',#14628,#14629);
#14628 = CARTESIAN_POINT('',(13.0825,87.455,5.));
#14629 = VECTOR('',#14630,1.);
#14630 = DIRECTION('',(-1.,0.,0.));
#14631 = PCURVE('',#12712,#14632);
#14632 = DEFINITIONAL_REPRESENTATION('',(#14633),#14636);
#14633 = B_SPLINE_CURVE_WITH_KNOTS('',1,(#14634,#14635),.UNSPECIFIED.,
  .F.,.F.,(2,2),(-27.3325,-13.0825),.PIECEWISE_BEZIER_KNOTS.);
#14634 = CARTESIAN_POINT('',(40.415,87.455));
#14635 = CARTESIAN_POINT('',(26.165,87.455));
#14636 = ( GEOMETRIC_REPRESENTATION_CONTEXT(2) 
PARAMETRIC_REPRESENTATION_CONTEXT() REPRESENTATION_CONTEXT('2D SPACE',''
  ) );
#14637 = PCURVE('',#13503,#14638);
#14638 = DEFINITIONAL_REPRESENTATION('',(#14639),#14642);
#14639 = B_SPLINE_CURVE_WITH_KNOTS('',1,(#14640,#14641),.UNSPECIFIED.,
  .F.,.F.,(2,2),(-27.3325,-13.0825),.PIECEWISE_BEZIER_KNOTS.);
#14640 = CARTESIAN_POINT('',(1.,14.25));
#14641 = CARTESIAN_POINT('',(1.,0.));
#14642 = ( GEOMETRIC_REPRESENTATION_CONTEXT(2) 
PARAMETRIC_REPRESENTATION_CONTEXT() REPRESENTATION_CONTEXT('2D SPACE',''
  ) );
#14643 = ORIENTED_EDGE('',*,*,#14644,.F.);
#14644 = EDGE_CURVE('',#14580,#14624,#14645,.T.);
#14645 = SURFACE_CURVE('',#14646,(#14650,#14656),.PCURVE_S1.);
#14646 = LINE('',#14647,#14648);
#14647 = CARTESIAN_POINT('',(40.415,36.6025,5.));
#14648 = VECTOR('',#14649,1.);
#14649 = DIRECTION('',(0.,1.,0.));
#14650 = PCURVE('',#12712,#14651);
#14651 = DEFINITIONAL_REPRESENTATION('',(#14652),#14655);
#14652 = B_SPLINE_CURVE_WITH_KNOTS('',1,(#14653,#14654),.UNSPECIFIED.,
  .F.,.F.,(2,2),(36.6025,50.8525),.PIECEWISE_BEZIER_KNOTS.);
#14653 = CARTESIAN_POINT('',(40.415,73.205));
#14654 = CARTESIAN_POINT('',(40.415,87.455));
#14655 = ( GEOMETRIC_REPRESENTATION_CONTEXT(2) 
PARAMETRIC_REPRESENTATION_CONTEXT() REPRESENTATION_CONTEXT('2D SPACE',''
  ) );
#14656 = PCURVE('',#13527,#14657);
#14657 = DEFINITIONAL_REPRESENTATION('',(#14658),#14661);
#14658 = B_SPLINE_CURVE_WITH_KNOTS('',1,(#14659,#14660),.UNSPECIFIED.,
  .F.,.F.,(2,2),(36.6025,50.8525),.PIECEWISE_BEZIER_KNOTS.);
#14659 = CARTESIAN_POINT('',(1.,0.));
#14660 = CARTESIAN_POINT('',(1.,-14.25));
#14661 = ( GEOMETRIC_REPRESENTATION_CONTEXT(2) 
PARAMETRIC_REPRESENTATION_CONTEXT() REPRESENTATION_CONTEXT('2D SPACE',''
  ) );
#14662 = FACE_BOUND('',#14663,.F.);
#14663 = EDGE_LOOP('',(#14664,#14687,#14708,#14729));
#14664 = ORIENTED_EDGE('',*,*,#14665,.T.);
#14665 = EDGE_CURVE('',#14666,#14668,#14670,.T.);
#14666 = VERTEX_POINT('',#14667);
#14667 = CARTESIAN_POINT('',(59.695,53.915,5.));
#14668 = VERTEX_POINT('',#14669);
#14669 = CARTESIAN_POINT('',(45.445,53.915,5.));
#14670 = SURFACE_CURVE('',#14671,(#14675,#14681),.PCURVE_S1.);
#14671 = LINE('',#14672,#14673);
#14672 = CARTESIAN_POINT('',(22.7225,53.915,5.));
#14673 = VECTOR('',#14674,1.);
#14674 = DIRECTION('',(-1.,0.,0.));
#14675 = PCURVE('',#12712,#14676);
#14676 = DEFINITIONAL_REPRESENTATION('',(#14677),#14680);
#14677 = B_SPLINE_CURVE_WITH_KNOTS('',1,(#14678,#14679),.UNSPECIFIED.,
  .F.,.F.,(2,2),(-36.9725,-22.7225),.PIECEWISE_BEZIER_KNOTS.);
#14678 = CARTESIAN_POINT('',(59.695,53.915));
#14679 = CARTESIAN_POINT('',(45.445,53.915));
#14680 = ( GEOMETRIC_REPRESENTATION_CONTEXT(2) 
PARAMETRIC_REPRESENTATION_CONTEXT() REPRESENTATION_CONTEXT('2D SPACE',''
  ) );
#14681 = PCURVE('',#13557,#14682);
#14682 = DEFINITIONAL_REPRESENTATION('',(#14683),#14686);
#14683 = B_SPLINE_CURVE_WITH_KNOTS('',1,(#14684,#14685),.UNSPECIFIED.,
  .F.,.F.,(2,2),(-36.9725,-22.7225),.PIECEWISE_BEZIER_KNOTS.);
#14684 = CARTESIAN_POINT('',(1.,14.25));
#14685 = CARTESIAN_POINT('',(1.,0.));
#14686 = ( GEOMETRIC_REPRESENTATION_CONTEXT(2) 
PARAMETRIC_REPRESENTATION_CONTEXT() REPRESENTATION_CONTEXT('2D SPACE',''
  ) );
#14687 = ORIENTED_EDGE('',*,*,#14688,.T.);
#14688 = EDGE_CURVE('',#14668,#14689,#14691,.T.);
#14689 = VERTEX_POINT('',#14690);
#14690 = CARTESIAN_POINT('',(45.445,68.165,5.));
#14691 = SURFACE_CURVE('',#14692,(#14696,#14702),.PCURVE_S1.);
#14692 = LINE('',#14693,#14694);
#14693 = CARTESIAN_POINT('',(45.445,26.9575,5.));
#14694 = VECTOR('',#14695,1.);
#14695 = DIRECTION('',(0.,1.,0.));
#14696 = PCURVE('',#12712,#14697);
#14697 = DEFINITIONAL_REPRESENTATION('',(#14698),#14701);
#14698 = B_SPLINE_CURVE_WITH_KNOTS('',1,(#14699,#14700),.UNSPECIFIED.,
  .F.,.F.,(2,2),(26.9575,41.2075),.PIECEWISE_BEZIER_KNOTS.);
#14699 = CARTESIAN_POINT('',(45.445,53.915));
#14700 = CARTESIAN_POINT('',(45.445,68.165));
#14701 = ( GEOMETRIC_REPRESENTATION_CONTEXT(2) 
PARAMETRIC_REPRESENTATION_CONTEXT() REPRESENTATION_CONTEXT('2D SPACE',''
  ) );
#14702 = PCURVE('',#13583,#14703);
#14703 = DEFINITIONAL_REPRESENTATION('',(#14704),#14707);
#14704 = B_SPLINE_CURVE_WITH_KNOTS('',1,(#14705,#14706),.UNSPECIFIED.,
  .F.,.F.,(2,2),(26.9575,41.2075),.PIECEWISE_BEZIER_KNOTS.);
#14705 = CARTESIAN_POINT('',(1.,0.));
#14706 = CARTESIAN_POINT('',(1.,-14.25));
#14707 = ( GEOMETRIC_REPRESENTATION_CONTEXT(2) 
PARAMETRIC_REPRESENTATION_CONTEXT() REPRESENTATION_CONTEXT('2D SPACE',''
  ) );
#14708 = ORIENTED_EDGE('',*,*,#14709,.F.);
#14709 = EDGE_CURVE('',#14710,#14689,#14712,.T.);
#14710 = VERTEX_POINT('',#14711);
#14711 = CARTESIAN_POINT('',(59.695,68.165,5.));
#14712 = SURFACE_CURVE('',#14713,(#14717,#14723),.PCURVE_S1.);
#14713 = LINE('',#14714,#14715);
#14714 = CARTESIAN_POINT('',(22.7225,68.165,5.));
#14715 = VECTOR('',#14716,1.);
#14716 = DIRECTION('',(-1.,0.,0.));
#14717 = PCURVE('',#12712,#14718);
#14718 = DEFINITIONAL_REPRESENTATION('',(#14719),#14722);
#14719 = B_SPLINE_CURVE_WITH_KNOTS('',1,(#14720,#14721),.UNSPECIFIED.,
  .F.,.F.,(2,2),(-36.9725,-22.7225),.PIECEWISE_BEZIER_KNOTS.);
#14720 = CARTESIAN_POINT('',(59.695,68.165));
#14721 = CARTESIAN_POINT('',(45.445,68.165));
#14722 = ( GEOMETRIC_REPRESENTATION_CONTEXT(2) 
PARAMETRIC_REPRESENTATION_CONTEXT() REPRESENTATION_CONTEXT('2D SPACE',''
  ) );
#14723 = PCURVE('',#13609,#14724);
#14724 = DEFINITIONAL_REPRESENTATION('',(#14725),#14728);
#14725 = B_SPLINE_CURVE_WITH_KNOTS('',1,(#14726,#14727),.UNSPECIFIED.,
  .F.,.F.,(2,2),(-36.9725,-22.7225),.PIECEWISE_BEZIER_KNOTS.);
#14726 = CARTESIAN_POINT('',(1.,14.25));
#14727 = CARTESIAN_POINT('',(1.,0.));
#14728 = ( GEOMETRIC_REPRESENTATION_CONTEXT(2) 
PARAMETRIC_REPRESENTATION_CONTEXT() REPRESENTATION_CONTEXT('2D SPACE',''
  ) );
#14729 = ORIENTED_EDGE('',*,*,#14730,.F.);
#14730 = EDGE_CURVE('',#14666,#14710,#14731,.T.);
#14731 = SURFACE_CURVE('',#14732,(#14736,#14742),.PCURVE_S1.);
#14732 = LINE('',#14733,#14734);
#14733 = CARTESIAN_POINT('',(59.695,26.9575,5.));
#14734 = VECTOR('',#14735,1.);
#14735 = DIRECTION('',(0.,1.,0.));
#14736 = PCURVE('',#12712,#14737);
#14737 = DEFINITIONAL_REPRESENTATION('',(#14738),#14741);
#14738 = B_SPLINE_CURVE_WITH_KNOTS('',1,(#14739,#14740),.UNSPECIFIED.,
  .F.,.F.,(2,2),(26.9575,41.2075),.PIECEWISE_BEZIER_KNOTS.);
#14739 = CARTESIAN_POINT('',(59.695,53.915));
#14740 = CARTESIAN_POINT('',(59.695,68.165));
#14741 = ( GEOMETRIC_REPRESENTATION_CONTEXT(2) 
PARAMETRIC_REPRESENTATION_CONTEXT() REPRESENTATION_CONTEXT('2D SPACE',''
  ) );
#14742 = PCURVE('',#13633,#14743);
#14743 = DEFINITIONAL_REPRESENTATION('',(#14744),#14747);
#14744 = B_SPLINE_CURVE_WITH_KNOTS('',1,(#14745,#14746),.UNSPECIFIED.,
  .F.,.F.,(2,2),(26.9575,41.2075),.PIECEWISE_BEZIER_KNOTS.);
#14745 = CARTESIAN_POINT('',(1.,0.));
#14746 = CARTESIAN_POINT('',(1.,-14.25));
#14747 = ( GEOMETRIC_REPRESENTATION_CONTEXT(2) 
PARAMETRIC_REPRESENTATION_CONTEXT() REPRESENTATION_CONTEXT('2D SPACE',''
  ) );
#14748 = FACE_BOUND('',#14749,.F.);
#14749 = EDGE_LOOP('',(#14750));
#14750 = ORIENTED_EDGE('',*,*,#14751,.T.);
#14751 = EDGE_CURVE('',#14752,#14752,#14754,.T.);
#14752 = VERTEX_POINT('',#14753);
#14753 = CARTESIAN_POINT('',(91.225,56.25,5.));
#14754 = SURFACE_CURVE('',#14755,(#14760,#14771),.PCURVE_S1.);
#14755 = CIRCLE('',#14756,5.075);
#14756 = AXIS2_PLACEMENT_3D('',#14757,#14758,#14759);
#14757 = CARTESIAN_POINT('',(86.15,56.25,5.));
#14758 = DIRECTION('',(0.,0.,-1.));
#14759 = DIRECTION('',(1.,0.,0.));
#14760 = PCURVE('',#12712,#14761);
#14761 = DEFINITIONAL_REPRESENTATION('',(#14762),#14770);
#14762 = ( BOUNDED_CURVE() B_SPLINE_CURVE(2,(#14763,#14764,#14765,#14766
    ,#14767,#14768,#14769),.UNSPECIFIED.,.T.,.F.) 
B_SPLINE_CURVE_WITH_KNOTS((1,2,2,2,2,1),(-2.094395102393,0.,
    2.094395102393,4.188790204786,6.28318530718,8.377580409573),
.UNSPECIFIED.) CURVE() GEOMETRIC_REPRESENTATION_ITEM() 
RATIONAL_B_SPLINE_CURVE((1.,0.5,1.,0.5,1.,0.5,1.)) REPRESENTATION_ITEM(
  '') );
#14763 = CARTESIAN_POINT('',(91.225,56.25));
#14764 = CARTESIAN_POINT('',(91.225,47.459842151588));
#14765 = CARTESIAN_POINT('',(83.6125,51.854921075794));
#14766 = CARTESIAN_POINT('',(76.,56.25));
#14767 = CARTESIAN_POINT('',(83.6125,60.645078924206));
#14768 = CARTESIAN_POINT('',(91.225,65.040157848412));
#14769 = CARTESIAN_POINT('',(91.225,56.25));
#14770 = ( GEOMETRIC_REPRESENTATION_CONTEXT(2) 
PARAMETRIC_REPRESENTATION_CONTEXT() REPRESENTATION_CONTEXT('2D SPACE',''
  ) );
#14771 = PCURVE('',#13667,#14772);
#14772 = DEFINITIONAL_REPRESENTATION('',(#14773),#14777);
#14773 = LINE('',#14774,#14775);
#14774 = CARTESIAN_POINT('',(-6.28318530718,-1.));
#14775 = VECTOR('',#14776,1.);
#14776 = DIRECTION('',(1.,-0.));
#14777 = ( GEOMETRIC_REPRESENTATION_CONTEXT(2) 
PARAMETRIC_REPRESENTATION_CONTEXT() REPRESENTATION_CONTEXT('2D SPACE',''
  ) );
#14778 = FACE_BOUND('',#14779,.F.);
#14779 = EDGE_LOOP('',(#14780,#14803,#14824,#14845));
#14780 = ORIENTED_EDGE('',*,*,#14781,.T.);
#14781 = EDGE_CURVE('',#14782,#14784,#14786,.T.);
#14782 = VERTEX_POINT('',#14783);
#14783 = CARTESIAN_POINT('',(78.975,53.915,5.));
#14784 = VERTEX_POINT('',#14785);
#14785 = CARTESIAN_POINT('',(64.725,53.915,5.));
#14786 = SURFACE_CURVE('',#14787,(#14791,#14797),.PCURVE_S1.);
#14787 = LINE('',#14788,#14789);
#14788 = CARTESIAN_POINT('',(32.3625,53.915,5.));
#14789 = VECTOR('',#14790,1.);
#14790 = DIRECTION('',(-1.,0.,0.));
#14791 = PCURVE('',#12712,#14792);
#14792 = DEFINITIONAL_REPRESENTATION('',(#14793),#14796);
#14793 = B_SPLINE_CURVE_WITH_KNOTS('',1,(#14794,#14795),.UNSPECIFIED.,
  .F.,.F.,(2,2),(-46.6125,-32.3625),.PIECEWISE_BEZIER_KNOTS.);
#14794 = CARTESIAN_POINT('',(78.975,53.915));
#14795 = CARTESIAN_POINT('',(64.725,53.915));
#14796 = ( GEOMETRIC_REPRESENTATION_CONTEXT(2) 
PARAMETRIC_REPRESENTATION_CONTEXT() REPRESENTATION_CONTEXT('2D SPACE',''
  ) );
#14797 = PCURVE('',#13698,#14798);
#14798 = DEFINITIONAL_REPRESENTATION('',(#14799),#14802);
#14799 = B_SPLINE_CURVE_WITH_KNOTS('',1,(#14800,#14801),.UNSPECIFIED.,
  .F.,.F.,(2,2),(-46.6125,-32.3625),.PIECEWISE_BEZIER_KNOTS.);
#14800 = CARTESIAN_POINT('',(1.,14.25));
#14801 = CARTESIAN_POINT('',(1.,0.));
#14802 = ( GEOMETRIC_REPRESENTATION_CONTEXT(2) 
PARAMETRIC_REPRESENTATION_CONTEXT() REPRESENTATION_CONTEXT('2D SPACE',''
  ) );
#14803 = ORIENTED_EDGE('',*,*,#14804,.T.);
#14804 = EDGE_CURVE('',#14784,#14805,#14807,.T.);
#14805 = VERTEX_POINT('',#14806);
#14806 = CARTESIAN_POINT('',(64.725,68.165,5.));
#14807 = SURFACE_CURVE('',#14808,(#14812,#14818),.PCURVE_S1.);
#14808 = LINE('',#14809,#14810);
#14809 = CARTESIAN_POINT('',(64.725,26.9575,5.));
#14810 = VECTOR('',#14811,1.);
#14811 = DIRECTION('',(0.,1.,0.));
#14812 = PCURVE('',#12712,#14813);
#14813 = DEFINITIONAL_REPRESENTATION('',(#14814),#14817);
#14814 = B_SPLINE_CURVE_WITH_KNOTS('',1,(#14815,#14816),.UNSPECIFIED.,
  .F.,.F.,(2,2),(26.9575,41.2075),.PIECEWISE_BEZIER_KNOTS.);
#14815 = CARTESIAN_POINT('',(64.725,53.915));
#14816 = CARTESIAN_POINT('',(64.725,68.165));
#14817 = ( GEOMETRIC_REPRESENTATION_CONTEXT(2) 
PARAMETRIC_REPRESENTATION_CONTEXT() REPRESENTATION_CONTEXT('2D SPACE',''
  ) );
#14818 = PCURVE('',#13724,#14819);
#14819 = DEFINITIONAL_REPRESENTATION('',(#14820),#14823);
#14820 = B_SPLINE_CURVE_WITH_KNOTS('',1,(#14821,#14822),.UNSPECIFIED.,
  .F.,.F.,(2,2),(26.9575,41.2075),.PIECEWISE_BEZIER_KNOTS.);
#14821 = CARTESIAN_POINT('',(1.,0.));
#14822 = CARTESIAN_POINT('',(1.,-14.25));
#14823 = ( GEOMETRIC_REPRESENTATION_CONTEXT(2) 
PARAMETRIC_REPRESENTATION_CONTEXT() REPRESENTATION_CONTEXT('2D SPACE',''
  ) );
#14824 = ORIENTED_EDGE('',*,*,#14825,.F.);
#14825 = EDGE_CURVE('',#14826,#14805,#14828,.T.);
#14826 = VERTEX_POINT('',#14827);
#14827 = CARTESIAN_POINT('',(78.975,68.165,5.));
#14828 = SURFACE_CURVE('',#14829,(#14833,#14839),.PCURVE_S1.);
#14829 = LINE('',#14830,#14831);
#14830 = CARTESIAN_POINT('',(32.3625,68.165,5.));
#14831 = VECTOR('',#14832,1.);
#14832 = DIRECTION('',(-1.,0.,0.));
#14833 = PCURVE('',#12712,#14834);
#14834 = DEFINITIONAL_REPRESENTATION('',(#14835),#14838);
#14835 = B_SPLINE_CURVE_WITH_KNOTS('',1,(#14836,#14837),.UNSPECIFIED.,
  .F.,.F.,(2,2),(-46.6125,-32.3625),.PIECEWISE_BEZIER_KNOTS.);
#14836 = CARTESIAN_POINT('',(78.975,68.165));
#14837 = CARTESIAN_POINT('',(64.725,68.165));
#14838 = ( GEOMETRIC_REPRESENTATION_CONTEXT(2) 
PARAMETRIC_REPRESENTATION_CONTEXT() REPRESENTATION_CONTEXT('2D SPACE',''
  ) );
#14839 = PCURVE('',#13750,#14840);
#14840 = DEFINITIONAL_REPRESENTATION('',(#14841),#14844);
#14841 = B_SPLINE_CURVE_WITH_KNOTS('',1,(#14842,#14843),.UNSPECIFIED.,
  .F.,.F.,(2,2),(-46.6125,-32.3625),.PIECEWISE_BEZIER_KNOTS.);
#14842 = CARTESIAN_POINT('',(1.,14.25));
#14843 = CARTESIAN_POINT('',(1.,0.));
#14844 = ( GEOMETRIC_REPRESENTATION_CONTEXT(2) 
PARAMETRIC_REPRESENTATION_CONTEXT() REPRESENTATION_CONTEXT('2D SPACE',''
  ) );
#14845 = ORIENTED_EDGE('',*,*,#14846,.F.);
#14846 = EDGE_CURVE('',#14782,#14826,#14847,.T.);
#14847 = SURFACE_CURVE('',#14848,(#14852,#14858),.PCURVE_S1.);
#14848 = LINE('',#14849,#14850);
#14849 = CARTESIAN_POINT('',(78.975,26.9575,5.));
#14850 = VECTOR('',#14851,1.);
#14851 = DIRECTION('',(0.,1.,0.));
#14852 = PCURVE('',#12712,#14853);
#14853 = DEFINITIONAL_REPRESENTATION('',(#14854),#14857);
#14854 = B_SPLINE_CURVE_WITH_KNOTS('',1,(#14855,#14856),.UNSPECIFIED.,
  .F.,.F.,(2,2),(26.9575,41.2075),.PIECEWISE_BEZIER_KNOTS.);
#14855 = CARTESIAN_POINT('',(78.975,53.915));
#14856 = CARTESIAN_POINT('',(78.975,68.165));
#14857 = ( GEOMETRIC_REPRESENTATION_CONTEXT(2) 
PARAMETRIC_REPRESENTATION_CONTEXT() REPRESENTATION_CONTEXT('2D SPACE',''
  ) );
#14858 = PCURVE('',#13774,#14859);
#14859 = DEFINITIONAL_REPRESENTATION('',(#14860),#14863);
#14860 = B_SPLINE_CURVE_WITH_KNOTS('',1,(#14861,#14862),.UNSPECIFIED.,
  .F.,.F.,(2,2),(26.9575,41.2075),.PIECEWISE_BEZIER_KNOTS.);
#14861 = CARTESIAN_POINT('',(1.,0.));
#14862 = CARTESIAN_POINT('',(1.,-14.25));
#14863 = ( GEOMETRIC_REPRESENTATION_CONTEXT(2) 
PARAMETRIC_REPRESENTATION_CONTEXT() REPRESENTATION_CONTEXT('2D SPACE',''
  ) );
#14864 = FACE_BOUND('',#14865,.F.);
#14865 = EDGE_LOOP('',(#14866,#14889,#14910,#14931));
#14866 = ORIENTED_EDGE('',*,*,#14867,.T.);
#14867 = EDGE_CURVE('',#14868,#14870,#14872,.T.);
#14868 = VERTEX_POINT('',#14869);
#14869 = CARTESIAN_POINT('',(59.705,73.205,5.));
#14870 = VERTEX_POINT('',#14871);
#14871 = CARTESIAN_POINT('',(45.455,73.205,5.));
#14872 = SURFACE_CURVE('',#14873,(#14877,#14883),.PCURVE_S1.);
#14873 = LINE('',#14874,#14875);
#14874 = CARTESIAN_POINT('',(22.7275,73.205,5.));
#14875 = VECTOR('',#14876,1.);
#14876 = DIRECTION('',(-1.,0.,0.));
#14877 = PCURVE('',#12712,#14878);
#14878 = DEFINITIONAL_REPRESENTATION('',(#14879),#14882);
#14879 = B_SPLINE_CURVE_WITH_KNOTS('',1,(#14880,#14881),.UNSPECIFIED.,
  .F.,.F.,(2,2),(-36.9775,-22.7275),.PIECEWISE_BEZIER_KNOTS.);
#14880 = CARTESIAN_POINT('',(59.705,73.205));
#14881 = CARTESIAN_POINT('',(45.455,73.205));
#14882 = ( GEOMETRIC_REPRESENTATION_CONTEXT(2) 
PARAMETRIC_REPRESENTATION_CONTEXT() REPRESENTATION_CONTEXT('2D SPACE',''
  ) );
#14883 = PCURVE('',#13804,#14884);
#14884 = DEFINITIONAL_REPRESENTATION('',(#14885),#14888);
#14885 = B_SPLINE_CURVE_WITH_KNOTS('',1,(#14886,#14887),.UNSPECIFIED.,
  .F.,.F.,(2,2),(-36.9775,-22.7275),.PIECEWISE_BEZIER_KNOTS.);
#14886 = CARTESIAN_POINT('',(1.,14.25));
#14887 = CARTESIAN_POINT('',(1.,0.));
#14888 = ( GEOMETRIC_REPRESENTATION_CONTEXT(2) 
PARAMETRIC_REPRESENTATION_CONTEXT() REPRESENTATION_CONTEXT('2D SPACE',''
  ) );
#14889 = ORIENTED_EDGE('',*,*,#14890,.T.);
#14890 = EDGE_CURVE('',#14870,#14891,#14893,.T.);
#14891 = VERTEX_POINT('',#14892);
#14892 = CARTESIAN_POINT('',(45.455,87.455,5.));
#14893 = SURFACE_CURVE('',#14894,(#14898,#14904),.PCURVE_S1.);
#14894 = LINE('',#14895,#14896);
#14895 = CARTESIAN_POINT('',(45.455,36.6025,5.));
#14896 = VECTOR('',#14897,1.);
#14897 = DIRECTION('',(0.,1.,0.));
#14898 = PCURVE('',#12712,#14899);
#14899 = DEFINITIONAL_REPRESENTATION('',(#14900),#14903);
#14900 = B_SPLINE_CURVE_WITH_KNOTS('',1,(#14901,#14902),.UNSPECIFIED.,
  .F.,.F.,(2,2),(36.6025,50.8525),.PIECEWISE_BEZIER_KNOTS.);
#14901 = CARTESIAN_POINT('',(45.455,73.205));
#14902 = CARTESIAN_POINT('',(45.455,87.455));
#14903 = ( GEOMETRIC_REPRESENTATION_CONTEXT(2) 
PARAMETRIC_REPRESENTATION_CONTEXT() REPRESENTATION_CONTEXT('2D SPACE',''
  ) );
#14904 = PCURVE('',#13830,#14905);
#14905 = DEFINITIONAL_REPRESENTATION('',(#14906),#14909);
#14906 = B_SPLINE_CURVE_WITH_KNOTS('',1,(#14907,#14908),.UNSPECIFIED.,
  .F.,.F.,(2,2),(36.6025,50.8525),.PIECEWISE_BEZIER_KNOTS.);
#14907 = CARTESIAN_POINT('',(1.,0.));
#14908 = CARTESIAN_POINT('',(1.,-14.25));
#14909 = ( GEOMETRIC_REPRESENTATION_CONTEXT(2) 
PARAMETRIC_REPRESENTATION_CONTEXT() REPRESENTATION_CONTEXT('2D SPACE',''
  ) );
#14910 = ORIENTED_EDGE('',*,*,#14911,.F.);
#14911 = EDGE_CURVE('',#14912,#14891,#14914,.T.);
#14912 = VERTEX_POINT('',#14913);
#14913 = CARTESIAN_POINT('',(59.705,87.455,5.));
#14914 = SURFACE_CURVE('',#14915,(#14919,#14925),.PCURVE_S1.);
#14915 = LINE('',#14916,#14917);
#14916 = CARTESIAN_POINT('',(22.7275,87.455,5.));
#14917 = VECTOR('',#14918,1.);
#14918 = DIRECTION('',(-1.,0.,0.));
#14919 = PCURVE('',#12712,#14920);
#14920 = DEFINITIONAL_REPRESENTATION('',(#14921),#14924);
#14921 = B_SPLINE_CURVE_WITH_KNOTS('',1,(#14922,#14923),.UNSPECIFIED.,
  .F.,.F.,(2,2),(-36.9775,-22.7275),.PIECEWISE_BEZIER_KNOTS.);
#14922 = CARTESIAN_POINT('',(59.705,87.455));
#14923 = CARTESIAN_POINT('',(45.455,87.455));
#14924 = ( GEOMETRIC_REPRESENTATION_CONTEXT(2) 
PARAMETRIC_REPRESENTATION_CONTEXT() REPRESENTATION_CONTEXT('2D SPACE',''
  ) );
#14925 = PCURVE('',#13856,#14926);
#14926 = DEFINITIONAL_REPRESENTATION('',(#14927),#14930);
#14927 = B_SPLINE_CURVE_WITH_KNOTS('',1,(#14928,#14929),.UNSPECIFIED.,
  .F.,.F.,(2,2),(-36.9775,-22.7275),.PIECEWISE_BEZIER_KNOTS.);
#14928 = CARTESIAN_POINT('',(1.,14.25));
#14929 = CARTESIAN_POINT('',(1.,0.));
#14930 = ( GEOMETRIC_REPRESENTATION_CONTEXT(2) 
PARAMETRIC_REPRESENTATION_CONTEXT() REPRESENTATION_CONTEXT('2D SPACE',''
  ) );
#14931 = ORIENTED_EDGE('',*,*,#14932,.F.);
#14932 = EDGE_CURVE('',#14868,#14912,#14933,.T.);
#14933 = SURFACE_CURVE('',#14934,(#14938,#14944),.PCURVE_S1.);
#14934 = LINE('',#14935,#14936);
#14935 = CARTESIAN_POINT('',(59.705,36.6025,5.));
#14936 = VECTOR('',#14937,1.);
#14937 = DIRECTION('',(0.,1.,0.));
#14938 = PCURVE('',#12712,#14939);
#14939 = DEFINITIONAL_REPRESENTATION('',(#14940),#14943);
#14940 = B_SPLINE_CURVE_WITH_KNOTS('',1,(#14941,#14942),.UNSPECIFIED.,
  .F.,.F.,(2,2),(36.6025,50.8525),.PIECEWISE_BEZIER_KNOTS.);
#14941 = CARTESIAN_POINT('',(59.705,73.205));
#14942 = CARTESIAN_POINT('',(59.705,87.455));
#14943 = ( GEOMETRIC_REPRESENTATION_CONTEXT(2) 
PARAMETRIC_REPRESENTATION_CONTEXT() REPRESENTATION_CONTEXT('2D SPACE',''
  ) );
#14944 = PCURVE('',#13880,#14945);
#14945 = DEFINITIONAL_REPRESENTATION('',(#14946),#14949);
#14946 = B_SPLINE_CURVE_WITH_KNOTS('',1,(#14947,#14948),.UNSPECIFIED.,
  .F.,.F.,(2,2),(36.6025,50.8525),.PIECEWISE_BEZIER_KNOTS.);
#14947 = CARTESIAN_POINT('',(1.,0.));
#14948 = CARTESIAN_POINT('',(1.,-14.25));
#14949 = ( GEOMETRIC_REPRESENTATION_CONTEXT(2) 
PARAMETRIC_REPRESENTATION_CONTEXT() REPRESENTATION_CONTEXT('2D SPACE',''
  ) );
#14950 = FACE_BOUND('',#14951,.F.);
#14951 = EDGE_LOOP('',(#14952,#14975,#14996,#15017));
#14952 = ORIENTED_EDGE('',*,*,#14953,.T.);
#14953 = EDGE_CURVE('',#14954,#14956,#14958,.T.);
#14954 = VERTEX_POINT('',#14955);
#14955 = CARTESIAN_POINT('',(78.995,73.205,5.));
#14956 = VERTEX_POINT('',#14957);
#14957 = CARTESIAN_POINT('',(64.745,73.205,5.));
#14958 = SURFACE_CURVE('',#14959,(#14963,#14969),.PCURVE_S1.);
#14959 = LINE('',#14960,#14961);
#14960 = CARTESIAN_POINT('',(32.3725,73.205,5.));
#14961 = VECTOR('',#14962,1.);
#14962 = DIRECTION('',(-1.,0.,0.));
#14963 = PCURVE('',#12712,#14964);
#14964 = DEFINITIONAL_REPRESENTATION('',(#14965),#14968);
#14965 = B_SPLINE_CURVE_WITH_KNOTS('',1,(#14966,#14967),.UNSPECIFIED.,
  .F.,.F.,(2,2),(-46.6225,-32.3725),.PIECEWISE_BEZIER_KNOTS.);
#14966 = CARTESIAN_POINT('',(78.995,73.205));
#14967 = CARTESIAN_POINT('',(64.745,73.205));
#14968 = ( GEOMETRIC_REPRESENTATION_CONTEXT(2) 
PARAMETRIC_REPRESENTATION_CONTEXT() REPRESENTATION_CONTEXT('2D SPACE',''
  ) );
#14969 = PCURVE('',#13910,#14970);
#14970 = DEFINITIONAL_REPRESENTATION('',(#14971),#14974);
#14971 = B_SPLINE_CURVE_WITH_KNOTS('',1,(#14972,#14973),.UNSPECIFIED.,
  .F.,.F.,(2,2),(-46.6225,-32.3725),.PIECEWISE_BEZIER_KNOTS.);
#14972 = CARTESIAN_POINT('',(1.,14.25));
#14973 = CARTESIAN_POINT('',(1.,0.));
#14974 = ( GEOMETRIC_REPRESENTATION_CONTEXT(2) 
PARAMETRIC_REPRESENTATION_CONTEXT() REPRESENTATION_CONTEXT('2D SPACE',''
  ) );
#14975 = ORIENTED_EDGE('',*,*,#14976,.T.);
#14976 = EDGE_CURVE('',#14956,#14977,#14979,.T.);
#14977 = VERTEX_POINT('',#14978);
#14978 = CARTESIAN_POINT('',(64.745,87.455,5.));
#14979 = SURFACE_CURVE('',#14980,(#14984,#14990),.PCURVE_S1.);
#14980 = LINE('',#14981,#14982);
#14981 = CARTESIAN_POINT('',(64.745,36.6025,5.));
#14982 = VECTOR('',#14983,1.);
#14983 = DIRECTION('',(0.,1.,0.));
#14984 = PCURVE('',#12712,#14985);
#14985 = DEFINITIONAL_REPRESENTATION('',(#14986),#14989);
#14986 = B_SPLINE_CURVE_WITH_KNOTS('',1,(#14987,#14988),.UNSPECIFIED.,
  .F.,.F.,(2,2),(36.6025,50.8525),.PIECEWISE_BEZIER_KNOTS.);
#14987 = CARTESIAN_POINT('',(64.745,73.205));
#14988 = CARTESIAN_POINT('',(64.745,87.455));
#14989 = ( GEOMETRIC_REPRESENTATION_CONTEXT(2) 
PARAMETRIC_REPRESENTATION_CONTEXT() REPRESENTATION_CONTEXT('2D SPACE',''
  ) );
#14990 = PCURVE('',#13936,#14991);
#14991 = DEFINITIONAL_REPRESENTATION('',(#14992),#14995);
#14992 = B_SPLINE_CURVE_WITH_KNOTS('',1,(#14993,#14994),.UNSPECIFIED.,
  .F.,.F.,(2,2),(36.6025,50.8525),.PIECEWISE_BEZIER_KNOTS.);
#14993 = CARTESIAN_POINT('',(1.,0.));
#14994 = CARTESIAN_POINT('',(1.,-14.25));
#14995 = ( GEOMETRIC_REPRESENTATION_CONTEXT(2) 
PARAMETRIC_REPRESENTATION_CONTEXT() REPRESENTATION_CONTEXT('2D SPACE',''
  ) );
#14996 = ORIENTED_EDGE('',*,*,#14997,.F.);
#14997 = EDGE_CURVE('',#14998,#14977,#15000,.T.);
#14998 = VERTEX_POINT('',#14999);
#14999 = CARTESIAN_POINT('',(78.995,87.455,5.));
#15000 = SURFACE_CURVE('',#15001,(#15005,#15011),.PCURVE_S1.);
#15001 = LINE('',#15002,#15003);
#15002 = CARTESIAN_POINT('',(32.3725,87.455,5.));
#15003 = VECTOR('',#15004,1.);
#15004 = DIRECTION('',(-1.,0.,0.));
#15005 = PCURVE('',#12712,#15006);
#15006 = DEFINITIONAL_REPRESENTATION('',(#15007),#15010);
#15007 = B_SPLINE_CURVE_WITH_KNOTS('',1,(#15008,#15009),.UNSPECIFIED.,
  .F.,.F.,(2,2),(-46.6225,-32.3725),.PIECEWISE_BEZIER_KNOTS.);
#15008 = CARTESIAN_POINT('',(78.995,87.455));
#15009 = CARTESIAN_POINT('',(64.745,87.455));
#15010 = ( GEOMETRIC_REPRESENTATION_CONTEXT(2) 
PARAMETRIC_REPRESENTATION_CONTEXT() REPRESENTATION_CONTEXT('2D SPACE',''
  ) );
#15011 = PCURVE('',#13962,#15012);
#15012 = DEFINITIONAL_REPRESENTATION('',(#15013),#15016);
#15013 = B_SPLINE_CURVE_WITH_KNOTS('',1,(#15014,#15015),.UNSPECIFIED.,
  .F.,.F.,(2,2),(-46.6225,-32.3725),.PIECEWISE_BEZIER_KNOTS.);
#15014 = CARTESIAN_POINT('',(1.,14.25));
#15015 = CARTESIAN_POINT('',(1.,0.));
#15016 = ( GEOMETRIC_REPRESENTATION_CONTEXT(2) 
PARAMETRIC_REPRESENTATION_CONTEXT() REPRESENTATION_CONTEXT('2D SPACE',''
  ) );
#15017 = ORIENTED_EDGE('',*,*,#15018,.F.);
#15018 = EDGE_CURVE('',#14954,#14998,#15019,.T.);
#15019 = SURFACE_CURVE('',#15020,(#15024,#15030),.PCURVE_S1.);
#15020 = LINE('',#15021,#15022);
#15021 = CARTESIAN_POINT('',(78.995,36.6025,5.));
#15022 = VECTOR('',#15023,1.);
#15023 = DIRECTION('',(0.,1.,0.));
#15024 = PCURVE('',#12712,#15025);
#15025 = DEFINITIONAL_REPRESENTATION('',(#15026),#15029);
#15026 = B_SPLINE_CURVE_WITH_KNOTS('',1,(#15027,#15028),.UNSPECIFIED.,
  .F.,.F.,(2,2),(36.6025,50.8525),.PIECEWISE_BEZIER_KNOTS.);
#15027 = CARTESIAN_POINT('',(78.995,73.205));
#15028 = CARTESIAN_POINT('',(78.995,87.455));
#15029 = ( GEOMETRIC_REPRESENTATION_CONTEXT(2) 
PARAMETRIC_REPRESENTATION_CONTEXT() REPRESENTATION_CONTEXT('2D SPACE',''
  ) );
#15030 = PCURVE('',#13986,#15031);
#15031 = DEFINITIONAL_REPRESENTATION('',(#15032),#15035);
#15032 = B_SPLINE_CURVE_WITH_KNOTS('',1,(#15033,#15034),.UNSPECIFIED.,
  .F.,.F.,(2,2),(36.6025,50.8525),.PIECEWISE_BEZIER_KNOTS.);
#15033 = CARTESIAN_POINT('',(1.,0.));
#15034 = CARTESIAN_POINT('',(1.,-14.25));
#15035 = ( GEOMETRIC_REPRESENTATION_CONTEXT(2) 
PARAMETRIC_REPRESENTATION_CONTEXT() REPRESENTATION_CONTEXT('2D SPACE',''
  ) );
#15036 = FACE_BOUND('',#15037,.F.);
#15037 = EDGE_LOOP('',(#15038));
#15038 = ORIENTED_EDGE('',*,*,#15039,.T.);
#15039 = EDGE_CURVE('',#15040,#15040,#15042,.T.);
#15040 = VERTEX_POINT('',#15041);
#15041 = CARTESIAN_POINT('',(94.825,82.,5.));
#15042 = SURFACE_CURVE('',#15043,(#15048,#15059),.PCURVE_S1.);
#15043 = CIRCLE('',#15044,3.575);
#15044 = AXIS2_PLACEMENT_3D('',#15045,#15046,#15047);
#15045 = CARTESIAN_POINT('',(91.25,82.,5.));
#15046 = DIRECTION('',(0.,0.,-1.));
#15047 = DIRECTION('',(1.,0.,0.));
#15048 = PCURVE('',#12712,#15049);
#15049 = DEFINITIONAL_REPRESENTATION('',(#15050),#15058);
#15050 = ( BOUNDED_CURVE() B_SPLINE_CURVE(2,(#15051,#15052,#15053,#15054
    ,#15055,#15056,#15057),.UNSPECIFIED.,.T.,.F.) 
B_SPLINE_CURVE_WITH_KNOTS((1,2,2,2,2,1),(-2.094395102393,0.,
    2.094395102393,4.188790204786,6.28318530718,8.377580409573),
.UNSPECIFIED.) CURVE() GEOMETRIC_REPRESENTATION_ITEM() 
RATIONAL_B_SPLINE_CURVE((1.,0.5,1.,0.5,1.,0.5,1.)) REPRESENTATION_ITEM(
  '') );
#15051 = CARTESIAN_POINT('',(94.825,82.));
#15052 = CARTESIAN_POINT('',(94.825,75.807918362941));
#15053 = CARTESIAN_POINT('',(89.4625,78.903959181471));
#15054 = CARTESIAN_POINT('',(84.1,82.));
#15055 = CARTESIAN_POINT('',(89.4625,85.096040818529));
#15056 = CARTESIAN_POINT('',(94.825,88.192081637059));
#15057 = CARTESIAN_POINT('',(94.825,82.));
#15058 = ( GEOMETRIC_REPRESENTATION_CONTEXT(2) 
PARAMETRIC_REPRESENTATION_CONTEXT() REPRESENTATION_CONTEXT('2D SPACE',''
  ) );
#15059 = PCURVE('',#14020,#15060);
#15060 = DEFINITIONAL_REPRESENTATION('',(#15061),#15065);
#15061 = LINE('',#15062,#15063);
#15062 = CARTESIAN_POINT('',(-6.28318530718,-1.));
#15063 = VECTOR('',#15064,1.);
#15064 = DIRECTION('',(1.,-0.));
#15065 = ( GEOMETRIC_REPRESENTATION_CONTEXT(2) 
PARAMETRIC_REPRESENTATION_CONTEXT() REPRESENTATION_CONTEXT('2D SPACE',''
  ) );
#15066 = FACE_BOUND('',#15067,.F.);
#15067 = EDGE_LOOP('',(#15068));
#15068 = ORIENTED_EDGE('',*,*,#15069,.T.);
#15069 = EDGE_CURVE('',#15070,#15070,#15072,.T.);
#15070 = VERTEX_POINT('',#15071);
#15071 = CARTESIAN_POINT('',(93.875,88.5,5.));
#15072 = SURFACE_CURVE('',#15073,(#15078,#15089),.PCURVE_S1.);
#15073 = CIRCLE('',#15074,1.125);
#15074 = AXIS2_PLACEMENT_3D('',#15075,#15076,#15077);
#15075 = CARTESIAN_POINT('',(92.75,88.5,5.));
#15076 = DIRECTION('',(0.,0.,-1.));
#15077 = DIRECTION('',(1.,0.,0.));
#15078 = PCURVE('',#12712,#15079);
#15079 = DEFINITIONAL_REPRESENTATION('',(#15080),#15088);
#15080 = ( BOUNDED_CURVE() B_SPLINE_CURVE(2,(#15081,#15082,#15083,#15084
    ,#15085,#15086,#15087),.UNSPECIFIED.,.T.,.F.) 
B_SPLINE_CURVE_WITH_KNOTS((1,2,2,2,2,1),(-2.094395102393,0.,
    2.094395102393,4.188790204786,6.28318530718,8.377580409573),
.UNSPECIFIED.) CURVE() GEOMETRIC_REPRESENTATION_ITEM() 
RATIONAL_B_SPLINE_CURVE((1.,0.5,1.,0.5,1.,0.5,1.)) REPRESENTATION_ITEM(
  '') );
#15081 = CARTESIAN_POINT('',(93.875,88.5));
#15082 = CARTESIAN_POINT('',(93.875,86.551442841485));
#15083 = CARTESIAN_POINT('',(92.1875,87.525721420743));
#15084 = CARTESIAN_POINT('',(90.5,88.5));
#15085 = CARTESIAN_POINT('',(92.1875,89.474278579257));
#15086 = CARTESIAN_POINT('',(93.875,90.448557158515));
#15087 = CARTESIAN_POINT('',(93.875,88.5));
#15088 = ( GEOMETRIC_REPRESENTATION_CONTEXT(2) 
PARAMETRIC_REPRESENTATION_CONTEXT() REPRESENTATION_CONTEXT('2D SPACE',''
  ) );
#15089 = PCURVE('',#14055,#15090);
#15090 = DEFINITIONAL_REPRESENTATION('',(#15091),#15095);
#15091 = LINE('',#15092,#15093);
#15092 = CARTESIAN_POINT('',(-6.28318530718,-1.));
#15093 = VECTOR('',#15094,1.);
#15094 = DIRECTION('',(1.,-0.));
#15095 = ( GEOMETRIC_REPRESENTATION_CONTEXT(2) 
PARAMETRIC_REPRESENTATION_CONTEXT() REPRESENTATION_CONTEXT('2D SPACE',''
  ) );
#15096 = ADVANCED_FACE('',(#15097),#12842,.T.);
#15097 = FACE_BOUND('',#15098,.T.);
#15098 = EDGE_LOOP('',(#15099,#15100,#15101,#15102));
#15099 = ORIENTED_EDGE('',*,*,#12828,.F.);
#15100 = ORIENTED_EDGE('',*,*,#14121,.T.);
#15101 = ORIENTED_EDGE('',*,*,#14095,.T.);
#15102 = ORIENTED_EDGE('',*,*,#12859,.F.);
#15103 = ADVANCED_FACE('',(#15104),#12926,.F.);
#15104 = FACE_BOUND('',#15105,.T.);
#15105 = EDGE_LOOP('',(#15106,#15107,#15128,#15129));
#15106 = ORIENTED_EDGE('',*,*,#14145,.T.);
#15107 = ORIENTED_EDGE('',*,*,#15108,.T.);
#15108 = EDGE_CURVE('',#14146,#12906,#15109,.T.);
#15109 = SEAM_CURVE('',#15110,(#15114,#15121),.PCURVE_S1.);
#15110 = LINE('',#15111,#15112);
#15111 = CARTESIAN_POINT('',(3.625,2.5,4.));
#15112 = VECTOR('',#15113,1.);
#15113 = DIRECTION('',(0.,0.,1.));
#15114 = PCURVE('',#12926,#15115);
#15115 = DEFINITIONAL_REPRESENTATION('',(#15116),#15120);
#15116 = LINE('',#15117,#15118);
#15117 = CARTESIAN_POINT('',(-6.28318530718,0.));
#15118 = VECTOR('',#15119,1.);
#15119 = DIRECTION('',(-0.,-1.));
#15120 = ( GEOMETRIC_REPRESENTATION_CONTEXT(2) 
PARAMETRIC_REPRESENTATION_CONTEXT() REPRESENTATION_CONTEXT('2D SPACE',''
  ) );
#15121 = PCURVE('',#12926,#15122);
#15122 = DEFINITIONAL_REPRESENTATION('',(#15123),#15127);
#15123 = LINE('',#15124,#15125);
#15124 = CARTESIAN_POINT('',(-0.,0.));
#15125 = VECTOR('',#15126,1.);
#15126 = DIRECTION('',(-0.,-1.));
#15127 = ( GEOMETRIC_REPRESENTATION_CONTEXT(2) 
PARAMETRIC_REPRESENTATION_CONTEXT() REPRESENTATION_CONTEXT('2D SPACE',''
  ) );
#15128 = ORIENTED_EDGE('',*,*,#12905,.F.);
#15129 = ORIENTED_EDGE('',*,*,#15108,.F.);
#15130 = ADVANCED_FACE('',(#15131),#12957,.T.);
#15131 = FACE_BOUND('',#15132,.T.);
#15132 = EDGE_LOOP('',(#15133,#15154,#15155,#15176));
#15133 = ORIENTED_EDGE('',*,*,#15134,.F.);
#15134 = EDGE_CURVE('',#14176,#12941,#15135,.T.);
#15135 = SURFACE_CURVE('',#15136,(#15140,#15147),.PCURVE_S1.);
#15136 = LINE('',#15137,#15138);
#15137 = CARTESIAN_POINT('',(81.575,2.925,4.));
#15138 = VECTOR('',#15139,1.);
#15139 = DIRECTION('',(0.,0.,1.));
#15140 = PCURVE('',#12957,#15141);
#15141 = DEFINITIONAL_REPRESENTATION('',(#15142),#15146);
#15142 = LINE('',#15143,#15144);
#15143 = CARTESIAN_POINT('',(0.,10.15));
#15144 = VECTOR('',#15145,1.);
#15145 = DIRECTION('',(1.,0.));
#15146 = ( GEOMETRIC_REPRESENTATION_CONTEXT(2) 
PARAMETRIC_REPRESENTATION_CONTEXT() REPRESENTATION_CONTEXT('2D SPACE',''
  ) );
#15147 = PCURVE('',#13033,#15148);
#15148 = DEFINITIONAL_REPRESENTATION('',(#15149),#15153);
#15149 = LINE('',#15150,#15151);
#15150 = CARTESIAN_POINT('',(0.,0.));
#15151 = VECTOR('',#15152,1.);
#15152 = DIRECTION('',(1.,0.));
#15153 = ( GEOMETRIC_REPRESENTATION_CONTEXT(2) 
PARAMETRIC_REPRESENTATION_CONTEXT() REPRESENTATION_CONTEXT('2D SPACE',''
  ) );
#15154 = ORIENTED_EDGE('',*,*,#14175,.T.);
#15155 = ORIENTED_EDGE('',*,*,#15156,.T.);
#15156 = EDGE_CURVE('',#14178,#12943,#15157,.T.);
#15157 = SURFACE_CURVE('',#15158,(#15162,#15169),.PCURVE_S1.);
#15158 = LINE('',#15159,#15160);
#15159 = CARTESIAN_POINT('',(71.425,2.925,4.));
#15160 = VECTOR('',#15161,1.);
#15161 = DIRECTION('',(0.,0.,1.));
#15162 = PCURVE('',#12957,#15163);
#15163 = DEFINITIONAL_REPRESENTATION('',(#15164),#15168);
#15164 = LINE('',#15165,#15166);
#15165 = CARTESIAN_POINT('',(0.,0.));
#15166 = VECTOR('',#15167,1.);
#15167 = DIRECTION('',(1.,0.));
#15168 = ( GEOMETRIC_REPRESENTATION_CONTEXT(2) 
PARAMETRIC_REPRESENTATION_CONTEXT() REPRESENTATION_CONTEXT('2D SPACE',''
  ) );
#15169 = PCURVE('',#12983,#15170);
#15170 = DEFINITIONAL_REPRESENTATION('',(#15171),#15175);
#15171 = LINE('',#15172,#15173);
#15172 = CARTESIAN_POINT('',(0.,0.));
#15173 = VECTOR('',#15174,1.);
#15174 = DIRECTION('',(1.,0.));
#15175 = ( GEOMETRIC_REPRESENTATION_CONTEXT(2) 
PARAMETRIC_REPRESENTATION_CONTEXT() REPRESENTATION_CONTEXT('2D SPACE',''
  ) );
#15176 = ORIENTED_EDGE('',*,*,#12940,.F.);
#15177 = ADVANCED_FACE('',(#15178),#13033,.F.);
#15178 = FACE_BOUND('',#15179,.F.);
#15179 = EDGE_LOOP('',(#15180,#15181,#15182,#15203));
#15180 = ORIENTED_EDGE('',*,*,#15134,.F.);
#15181 = ORIENTED_EDGE('',*,*,#14240,.T.);
#15182 = ORIENTED_EDGE('',*,*,#15183,.T.);
#15183 = EDGE_CURVE('',#14220,#12995,#15184,.T.);
#15184 = SURFACE_CURVE('',#15185,(#15189,#15196),.PCURVE_S1.);
#15185 = LINE('',#15186,#15187);
#15186 = CARTESIAN_POINT('',(81.575,9.075,4.));
#15187 = VECTOR('',#15188,1.);
#15188 = DIRECTION('',(0.,0.,1.));
#15189 = PCURVE('',#13033,#15190);
#15190 = DEFINITIONAL_REPRESENTATION('',(#15191),#15195);
#15191 = LINE('',#15192,#15193);
#15192 = CARTESIAN_POINT('',(0.,-6.15));
#15193 = VECTOR('',#15194,1.);
#15194 = DIRECTION('',(1.,0.));
#15195 = ( GEOMETRIC_REPRESENTATION_CONTEXT(2) 
PARAMETRIC_REPRESENTATION_CONTEXT() REPRESENTATION_CONTEXT('2D SPACE',''
  ) );
#15196 = PCURVE('',#13009,#15197);
#15197 = DEFINITIONAL_REPRESENTATION('',(#15198),#15202);
#15198 = LINE('',#15199,#15200);
#15199 = CARTESIAN_POINT('',(0.,10.15));
#15200 = VECTOR('',#15201,1.);
#15201 = DIRECTION('',(1.,0.));
#15202 = ( GEOMETRIC_REPRESENTATION_CONTEXT(2) 
PARAMETRIC_REPRESENTATION_CONTEXT() REPRESENTATION_CONTEXT('2D SPACE',''
  ) );
#15203 = ORIENTED_EDGE('',*,*,#13020,.F.);
#15204 = ADVANCED_FACE('',(#15205),#13009,.F.);
#15205 = FACE_BOUND('',#15206,.F.);
#15206 = EDGE_LOOP('',(#15207,#15208,#15209,#15230));
#15207 = ORIENTED_EDGE('',*,*,#15183,.F.);
#15208 = ORIENTED_EDGE('',*,*,#14219,.T.);
#15209 = ORIENTED_EDGE('',*,*,#15210,.T.);
#15210 = EDGE_CURVE('',#14199,#12969,#15211,.T.);
#15211 = SURFACE_CURVE('',#15212,(#15216,#15223),.PCURVE_S1.);
#15212 = LINE('',#15213,#15214);
#15213 = CARTESIAN_POINT('',(71.425,9.075,4.));
#15214 = VECTOR('',#15215,1.);
#15215 = DIRECTION('',(0.,0.,1.));
#15216 = PCURVE('',#13009,#15217);
#15217 = DEFINITIONAL_REPRESENTATION('',(#15218),#15222);
#15218 = LINE('',#15219,#15220);
#15219 = CARTESIAN_POINT('',(0.,0.));
#15220 = VECTOR('',#15221,1.);
#15221 = DIRECTION('',(1.,0.));
#15222 = ( GEOMETRIC_REPRESENTATION_CONTEXT(2) 
PARAMETRIC_REPRESENTATION_CONTEXT() REPRESENTATION_CONTEXT('2D SPACE',''
  ) );
#15223 = PCURVE('',#12983,#15224);
#15224 = DEFINITIONAL_REPRESENTATION('',(#15225),#15229);
#15225 = LINE('',#15226,#15227);
#15226 = CARTESIAN_POINT('',(0.,-6.15));
#15227 = VECTOR('',#15228,1.);
#15228 = DIRECTION('',(1.,0.));
#15229 = ( GEOMETRIC_REPRESENTATION_CONTEXT(2) 
PARAMETRIC_REPRESENTATION_CONTEXT() REPRESENTATION_CONTEXT('2D SPACE',''
  ) );
#15230 = ORIENTED_EDGE('',*,*,#12994,.F.);
#15231 = ADVANCED_FACE('',(#15232),#12983,.T.);
#15232 = FACE_BOUND('',#15233,.T.);
#15233 = EDGE_LOOP('',(#15234,#15235,#15236,#15237));
#15234 = ORIENTED_EDGE('',*,*,#15156,.F.);
#15235 = ORIENTED_EDGE('',*,*,#14198,.T.);
#15236 = ORIENTED_EDGE('',*,*,#15210,.T.);
#15237 = ORIENTED_EDGE('',*,*,#12968,.F.);
#15238 = ADVANCED_FACE('',(#15239),#13067,.F.);
#15239 = FACE_BOUND('',#15240,.T.);
#15240 = EDGE_LOOP('',(#15241,#15242,#15263,#15264));
#15241 = ORIENTED_EDGE('',*,*,#14261,.T.);
#15242 = ORIENTED_EDGE('',*,*,#15243,.T.);
#15243 = EDGE_CURVE('',#14262,#13047,#15244,.T.);
#15244 = SEAM_CURVE('',#15245,(#15249,#15256),.PCURVE_S1.);
#15245 = LINE('',#15246,#15247);
#15246 = CARTESIAN_POINT('',(93.875,2.75,4.));
#15247 = VECTOR('',#15248,1.);
#15248 = DIRECTION('',(0.,0.,1.));
#15249 = PCURVE('',#13067,#15250);
#15250 = DEFINITIONAL_REPRESENTATION('',(#15251),#15255);
#15251 = LINE('',#15252,#15253);
#15252 = CARTESIAN_POINT('',(-6.28318530718,0.));
#15253 = VECTOR('',#15254,1.);
#15254 = DIRECTION('',(-0.,-1.));
#15255 = ( GEOMETRIC_REPRESENTATION_CONTEXT(2) 
PARAMETRIC_REPRESENTATION_CONTEXT() REPRESENTATION_CONTEXT('2D SPACE',''
  ) );
#15256 = PCURVE('',#13067,#15257);
#15257 = DEFINITIONAL_REPRESENTATION('',(#15258),#15262);
#15258 = LINE('',#15259,#15260);
#15259 = CARTESIAN_POINT('',(-0.,0.));
#15260 = VECTOR('',#15261,1.);
#15261 = DIRECTION('',(-0.,-1.));
#15262 = ( GEOMETRIC_REPRESENTATION_CONTEXT(2) 
PARAMETRIC_REPRESENTATION_CONTEXT() REPRESENTATION_CONTEXT('2D SPACE',''
  ) );
#15263 = ORIENTED_EDGE('',*,*,#13046,.F.);
#15264 = ORIENTED_EDGE('',*,*,#15243,.F.);
#15265 = ADVANCED_FACE('',(#15266),#13098,.T.);
#15266 = FACE_BOUND('',#15267,.T.);
#15267 = EDGE_LOOP('',(#15268,#15289,#15290,#15311));
#15268 = ORIENTED_EDGE('',*,*,#15269,.F.);
#15269 = EDGE_CURVE('',#14292,#13082,#15270,.T.);
#15270 = SURFACE_CURVE('',#15271,(#15275,#15282),.PCURVE_S1.);
#15271 = LINE('',#15272,#15273);
#15272 = CARTESIAN_POINT('',(21.125,53.915,4.));
#15273 = VECTOR('',#15274,1.);
#15274 = DIRECTION('',(0.,0.,1.));
#15275 = PCURVE('',#13098,#15276);
#15276 = DEFINITIONAL_REPRESENTATION('',(#15277),#15281);
#15277 = LINE('',#15278,#15279);
#15278 = CARTESIAN_POINT('',(0.,14.25));
#15279 = VECTOR('',#15280,1.);
#15280 = DIRECTION('',(1.,0.));
#15281 = ( GEOMETRIC_REPRESENTATION_CONTEXT(2) 
PARAMETRIC_REPRESENTATION_CONTEXT() REPRESENTATION_CONTEXT('2D SPACE',''
  ) );
#15282 = PCURVE('',#13174,#15283);
#15283 = DEFINITIONAL_REPRESENTATION('',(#15284),#15288);
#15284 = LINE('',#15285,#15286);
#15285 = CARTESIAN_POINT('',(0.,0.));
#15286 = VECTOR('',#15287,1.);
#15287 = DIRECTION('',(1.,0.));
#15288 = ( GEOMETRIC_REPRESENTATION_CONTEXT(2) 
PARAMETRIC_REPRESENTATION_CONTEXT() REPRESENTATION_CONTEXT('2D SPACE',''
  ) );
#15289 = ORIENTED_EDGE('',*,*,#14291,.T.);
#15290 = ORIENTED_EDGE('',*,*,#15291,.T.);
#15291 = EDGE_CURVE('',#14294,#13084,#15292,.T.);
#15292 = SURFACE_CURVE('',#15293,(#15297,#15304),.PCURVE_S1.);
#15293 = LINE('',#15294,#15295);
#15294 = CARTESIAN_POINT('',(6.875,53.915,4.));
#15295 = VECTOR('',#15296,1.);
#15296 = DIRECTION('',(0.,0.,1.));
#15297 = PCURVE('',#13098,#15298);
#15298 = DEFINITIONAL_REPRESENTATION('',(#15299),#15303);
#15299 = LINE('',#15300,#15301);
#15300 = CARTESIAN_POINT('',(0.,0.));
#15301 = VECTOR('',#15302,1.);
#15302 = DIRECTION('',(1.,0.));
#15303 = ( GEOMETRIC_REPRESENTATION_CONTEXT(2) 
PARAMETRIC_REPRESENTATION_CONTEXT() REPRESENTATION_CONTEXT('2D SPACE',''
  ) );
#15304 = PCURVE('',#13124,#15305);
#15305 = DEFINITIONAL_REPRESENTATION('',(#15306),#15310);
#15306 = LINE('',#15307,#15308);
#15307 = CARTESIAN_POINT('',(0.,0.));
#15308 = VECTOR('',#15309,1.);
#15309 = DIRECTION('',(1.,0.));
#15310 = ( GEOMETRIC_REPRESENTATION_CONTEXT(2) 
PARAMETRIC_REPRESENTATION_CONTEXT() REPRESENTATION_CONTEXT('2D SPACE',''
  ) );
#15311 = ORIENTED_EDGE('',*,*,#13081,.F.);
#15312 = ADVANCED_FACE('',(#15313),#13174,.F.);
#15313 = FACE_BOUND('',#15314,.F.);
#15314 = EDGE_LOOP('',(#15315,#15316,#15317,#15338));
#15315 = ORIENTED_EDGE('',*,*,#15269,.F.);
#15316 = ORIENTED_EDGE('',*,*,#14356,.T.);
#15317 = ORIENTED_EDGE('',*,*,#15318,.T.);
#15318 = EDGE_CURVE('',#14336,#13136,#15319,.T.);
#15319 = SURFACE_CURVE('',#15320,(#15324,#15331),.PCURVE_S1.);
#15320 = LINE('',#15321,#15322);
#15321 = CARTESIAN_POINT('',(21.125,68.165,4.));
#15322 = VECTOR('',#15323,1.);
#15323 = DIRECTION('',(0.,0.,1.));
#15324 = PCURVE('',#13174,#15325);
#15325 = DEFINITIONAL_REPRESENTATION('',(#15326),#15330);
#15326 = LINE('',#15327,#15328);
#15327 = CARTESIAN_POINT('',(0.,-14.25));
#15328 = VECTOR('',#15329,1.);
#15329 = DIRECTION('',(1.,0.));
#15330 = ( GEOMETRIC_REPRESENTATION_CONTEXT(2) 
PARAMETRIC_REPRESENTATION_CONTEXT() REPRESENTATION_CONTEXT('2D SPACE',''
  ) );
#15331 = PCURVE('',#13150,#15332);
#15332 = DEFINITIONAL_REPRESENTATION('',(#15333),#15337);
#15333 = LINE('',#15334,#15335);
#15334 = CARTESIAN_POINT('',(0.,14.25));
#15335 = VECTOR('',#15336,1.);
#15336 = DIRECTION('',(1.,0.));
#15337 = ( GEOMETRIC_REPRESENTATION_CONTEXT(2) 
PARAMETRIC_REPRESENTATION_CONTEXT() REPRESENTATION_CONTEXT('2D SPACE',''
  ) );
#15338 = ORIENTED_EDGE('',*,*,#13161,.F.);
#15339 = ADVANCED_FACE('',(#15340),#13124,.T.);
#15340 = FACE_BOUND('',#15341,.T.);
#15341 = EDGE_LOOP('',(#15342,#15343,#15344,#15365));
#15342 = ORIENTED_EDGE('',*,*,#15291,.F.);
#15343 = ORIENTED_EDGE('',*,*,#14314,.T.);
#15344 = ORIENTED_EDGE('',*,*,#15345,.T.);
#15345 = EDGE_CURVE('',#14315,#13110,#15346,.T.);
#15346 = SURFACE_CURVE('',#15347,(#15351,#15358),.PCURVE_S1.);
#15347 = LINE('',#15348,#15349);
#15348 = CARTESIAN_POINT('',(6.875,68.165,4.));
#15349 = VECTOR('',#15350,1.);
#15350 = DIRECTION('',(0.,0.,1.));
#15351 = PCURVE('',#13124,#15352);
#15352 = DEFINITIONAL_REPRESENTATION('',(#15353),#15357);
#15353 = LINE('',#15354,#15355);
#15354 = CARTESIAN_POINT('',(0.,-14.25));
#15355 = VECTOR('',#15356,1.);
#15356 = DIRECTION('',(1.,0.));
#15357 = ( GEOMETRIC_REPRESENTATION_CONTEXT(2) 
PARAMETRIC_REPRESENTATION_CONTEXT() REPRESENTATION_CONTEXT('2D SPACE',''
  ) );
#15358 = PCURVE('',#13150,#15359);
#15359 = DEFINITIONAL_REPRESENTATION('',(#15360),#15364);
#15360 = LINE('',#15361,#15362);
#15361 = CARTESIAN_POINT('',(0.,0.));
#15362 = VECTOR('',#15363,1.);
#15363 = DIRECTION('',(1.,0.));
#15364 = ( GEOMETRIC_REPRESENTATION_CONTEXT(2) 
PARAMETRIC_REPRESENTATION_CONTEXT() REPRESENTATION_CONTEXT('2D SPACE',''
  ) );
#15365 = ORIENTED_EDGE('',*,*,#13109,.F.);
#15366 = ADVANCED_FACE('',(#15367),#13150,.F.);
#15367 = FACE_BOUND('',#15368,.F.);
#15368 = EDGE_LOOP('',(#15369,#15370,#15371,#15372));
#15369 = ORIENTED_EDGE('',*,*,#15318,.F.);
#15370 = ORIENTED_EDGE('',*,*,#14335,.T.);
#15371 = ORIENTED_EDGE('',*,*,#15345,.T.);
#15372 = ORIENTED_EDGE('',*,*,#13135,.F.);
#15373 = ADVANCED_FACE('',(#15374),#13204,.T.);
#15374 = FACE_BOUND('',#15375,.T.);
#15375 = EDGE_LOOP('',(#15376,#15397,#15398,#15419));
#15376 = ORIENTED_EDGE('',*,*,#15377,.F.);
#15377 = EDGE_CURVE('',#14378,#13188,#15378,.T.);
#15378 = SURFACE_CURVE('',#15379,(#15383,#15390),.PCURVE_S1.);
#15379 = LINE('',#15380,#15381);
#15380 = CARTESIAN_POINT('',(40.405,53.915,4.));
#15381 = VECTOR('',#15382,1.);
#15382 = DIRECTION('',(0.,0.,1.));
#15383 = PCURVE('',#13204,#15384);
#15384 = DEFINITIONAL_REPRESENTATION('',(#15385),#15389);
#15385 = LINE('',#15386,#15387);
#15386 = CARTESIAN_POINT('',(0.,14.25));
#15387 = VECTOR('',#15388,1.);
#15388 = DIRECTION('',(1.,0.));
#15389 = ( GEOMETRIC_REPRESENTATION_CONTEXT(2) 
PARAMETRIC_REPRESENTATION_CONTEXT() REPRESENTATION_CONTEXT('2D SPACE',''
  ) );
#15390 = PCURVE('',#13280,#15391);
#15391 = DEFINITIONAL_REPRESENTATION('',(#15392),#15396);
#15392 = LINE('',#15393,#15394);
#15393 = CARTESIAN_POINT('',(0.,0.));
#15394 = VECTOR('',#15395,1.);
#15395 = DIRECTION('',(1.,0.));
#15396 = ( GEOMETRIC_REPRESENTATION_CONTEXT(2) 
PARAMETRIC_REPRESENTATION_CONTEXT() REPRESENTATION_CONTEXT('2D SPACE',''
  ) );
#15397 = ORIENTED_EDGE('',*,*,#14377,.T.);
#15398 = ORIENTED_EDGE('',*,*,#15399,.T.);
#15399 = EDGE_CURVE('',#14380,#13190,#15400,.T.);
#15400 = SURFACE_CURVE('',#15401,(#15405,#15412),.PCURVE_S1.);
#15401 = LINE('',#15402,#15403);
#15402 = CARTESIAN_POINT('',(26.155,53.915,4.));
#15403 = VECTOR('',#15404,1.);
#15404 = DIRECTION('',(0.,0.,1.));
#15405 = PCURVE('',#13204,#15406);
#15406 = DEFINITIONAL_REPRESENTATION('',(#15407),#15411);
#15407 = LINE('',#15408,#15409);
#15408 = CARTESIAN_POINT('',(0.,0.));
#15409 = VECTOR('',#15410,1.);
#15410 = DIRECTION('',(1.,0.));
#15411 = ( GEOMETRIC_REPRESENTATION_CONTEXT(2) 
PARAMETRIC_REPRESENTATION_CONTEXT() REPRESENTATION_CONTEXT('2D SPACE',''
  ) );
#15412 = PCURVE('',#13230,#15413);
#15413 = DEFINITIONAL_REPRESENTATION('',(#15414),#15418);
#15414 = LINE('',#15415,#15416);
#15415 = CARTESIAN_POINT('',(0.,0.));
#15416 = VECTOR('',#15417,1.);
#15417 = DIRECTION('',(1.,0.));
#15418 = ( GEOMETRIC_REPRESENTATION_CONTEXT(2) 
PARAMETRIC_REPRESENTATION_CONTEXT() REPRESENTATION_CONTEXT('2D SPACE',''
  ) );
#15419 = ORIENTED_EDGE('',*,*,#13187,.F.);
#15420 = ADVANCED_FACE('',(#15421),#13280,.F.);
#15421 = FACE_BOUND('',#15422,.F.);
#15422 = EDGE_LOOP('',(#15423,#15424,#15425,#15446));
#15423 = ORIENTED_EDGE('',*,*,#15377,.F.);
#15424 = ORIENTED_EDGE('',*,*,#14442,.T.);
#15425 = ORIENTED_EDGE('',*,*,#15426,.T.);
#15426 = EDGE_CURVE('',#14422,#13242,#15427,.T.);
#15427 = SURFACE_CURVE('',#15428,(#15432,#15439),.PCURVE_S1.);
#15428 = LINE('',#15429,#15430);
#15429 = CARTESIAN_POINT('',(40.405,68.165,4.));
#15430 = VECTOR('',#15431,1.);
#15431 = DIRECTION('',(0.,0.,1.));
#15432 = PCURVE('',#13280,#15433);
#15433 = DEFINITIONAL_REPRESENTATION('',(#15434),#15438);
#15434 = LINE('',#15435,#15436);
#15435 = CARTESIAN_POINT('',(0.,-14.25));
#15436 = VECTOR('',#15437,1.);
#15437 = DIRECTION('',(1.,0.));
#15438 = ( GEOMETRIC_REPRESENTATION_CONTEXT(2) 
PARAMETRIC_REPRESENTATION_CONTEXT() REPRESENTATION_CONTEXT('2D SPACE',''
  ) );
#15439 = PCURVE('',#13256,#15440);
#15440 = DEFINITIONAL_REPRESENTATION('',(#15441),#15445);
#15441 = LINE('',#15442,#15443);
#15442 = CARTESIAN_POINT('',(0.,14.25));
#15443 = VECTOR('',#15444,1.);
#15444 = DIRECTION('',(1.,0.));
#15445 = ( GEOMETRIC_REPRESENTATION_CONTEXT(2) 
PARAMETRIC_REPRESENTATION_CONTEXT() REPRESENTATION_CONTEXT('2D SPACE',''
  ) );
#15446 = ORIENTED_EDGE('',*,*,#13267,.F.);
#15447 = ADVANCED_FACE('',(#15448),#13230,.T.);
#15448 = FACE_BOUND('',#15449,.T.);
#15449 = EDGE_LOOP('',(#15450,#15451,#15452,#15473));
#15450 = ORIENTED_EDGE('',*,*,#15399,.F.);
#15451 = ORIENTED_EDGE('',*,*,#14400,.T.);
#15452 = ORIENTED_EDGE('',*,*,#15453,.T.);
#15453 = EDGE_CURVE('',#14401,#13216,#15454,.T.);
#15454 = SURFACE_CURVE('',#15455,(#15459,#15466),.PCURVE_S1.);
#15455 = LINE('',#15456,#15457);
#15456 = CARTESIAN_POINT('',(26.155,68.165,4.));
#15457 = VECTOR('',#15458,1.);
#15458 = DIRECTION('',(0.,0.,1.));
#15459 = PCURVE('',#13230,#15460);
#15460 = DEFINITIONAL_REPRESENTATION('',(#15461),#15465);
#15461 = LINE('',#15462,#15463);
#15462 = CARTESIAN_POINT('',(0.,-14.25));
#15463 = VECTOR('',#15464,1.);
#15464 = DIRECTION('',(1.,0.));
#15465 = ( GEOMETRIC_REPRESENTATION_CONTEXT(2) 
PARAMETRIC_REPRESENTATION_CONTEXT() REPRESENTATION_CONTEXT('2D SPACE',''
  ) );
#15466 = PCURVE('',#13256,#15467);
#15467 = DEFINITIONAL_REPRESENTATION('',(#15468),#15472);
#15468 = LINE('',#15469,#15470);
#15469 = CARTESIAN_POINT('',(0.,0.));
#15470 = VECTOR('',#15471,1.);
#15471 = DIRECTION('',(1.,0.));
#15472 = ( GEOMETRIC_REPRESENTATION_CONTEXT(2) 
PARAMETRIC_REPRESENTATION_CONTEXT() REPRESENTATION_CONTEXT('2D SPACE',''
  ) );
#15473 = ORIENTED_EDGE('',*,*,#13215,.F.);
#15474 = ADVANCED_FACE('',(#15475),#13256,.F.);
#15475 = FACE_BOUND('',#15476,.F.);
#15476 = EDGE_LOOP('',(#15477,#15478,#15479,#15480));
#15477 = ORIENTED_EDGE('',*,*,#15426,.F.);
#15478 = ORIENTED_EDGE('',*,*,#14421,.T.);
#15479 = ORIENTED_EDGE('',*,*,#15453,.T.);
#15480 = ORIENTED_EDGE('',*,*,#13241,.F.);
#15481 = ADVANCED_FACE('',(#15482),#13314,.F.);
#15482 = FACE_BOUND('',#15483,.T.);
#15483 = EDGE_LOOP('',(#15484,#15485,#15506,#15507));
#15484 = ORIENTED_EDGE('',*,*,#14463,.T.);
#15485 = ORIENTED_EDGE('',*,*,#15486,.T.);
#15486 = EDGE_CURVE('',#14464,#13294,#15487,.T.);
#15487 = SEAM_CURVE('',#15488,(#15492,#15499),.PCURVE_S1.);
#15488 = LINE('',#15489,#15490);
#15489 = CARTESIAN_POINT('',(3.875,88.75,4.));
#15490 = VECTOR('',#15491,1.);
#15491 = DIRECTION('',(0.,0.,1.));
#15492 = PCURVE('',#13314,#15493);
#15493 = DEFINITIONAL_REPRESENTATION('',(#15494),#15498);
#15494 = LINE('',#15495,#15496);
#15495 = CARTESIAN_POINT('',(-6.28318530718,0.));
#15496 = VECTOR('',#15497,1.);
#15497 = DIRECTION('',(-0.,-1.));
#15498 = ( GEOMETRIC_REPRESENTATION_CONTEXT(2) 
PARAMETRIC_REPRESENTATION_CONTEXT() REPRESENTATION_CONTEXT('2D SPACE',''
  ) );
#15499 = PCURVE('',#13314,#15500);
#15500 = DEFINITIONAL_REPRESENTATION('',(#15501),#15505);
#15501 = LINE('',#15502,#15503);
#15502 = CARTESIAN_POINT('',(-0.,0.));
#15503 = VECTOR('',#15504,1.);
#15504 = DIRECTION('',(-0.,-1.));
#15505 = ( GEOMETRIC_REPRESENTATION_CONTEXT(2) 
PARAMETRIC_REPRESENTATION_CONTEXT() REPRESENTATION_CONTEXT('2D SPACE',''
  ) );
#15506 = ORIENTED_EDGE('',*,*,#13293,.F.);
#15507 = ORIENTED_EDGE('',*,*,#15486,.F.);
#15508 = ADVANCED_FACE('',(#15509),#13345,.T.);
#15509 = FACE_BOUND('',#15510,.T.);
#15510 = EDGE_LOOP('',(#15511,#15532,#15533,#15554));
#15511 = ORIENTED_EDGE('',*,*,#15512,.F.);
#15512 = EDGE_CURVE('',#14494,#13329,#15513,.T.);
#15513 = SURFACE_CURVE('',#15514,(#15518,#15525),.PCURVE_S1.);
#15514 = LINE('',#15515,#15516);
#15515 = CARTESIAN_POINT('',(21.125,73.205,4.));
#15516 = VECTOR('',#15517,1.);
#15517 = DIRECTION('',(0.,0.,1.));
#15518 = PCURVE('',#13345,#15519);
#15519 = DEFINITIONAL_REPRESENTATION('',(#15520),#15524);
#15520 = LINE('',#15521,#15522);
#15521 = CARTESIAN_POINT('',(0.,14.25));
#15522 = VECTOR('',#15523,1.);
#15523 = DIRECTION('',(1.,0.));
#15524 = ( GEOMETRIC_REPRESENTATION_CONTEXT(2) 
PARAMETRIC_REPRESENTATION_CONTEXT() REPRESENTATION_CONTEXT('2D SPACE',''
  ) );
#15525 = PCURVE('',#13421,#15526);
#15526 = DEFINITIONAL_REPRESENTATION('',(#15527),#15531);
#15527 = LINE('',#15528,#15529);
#15528 = CARTESIAN_POINT('',(0.,0.));
#15529 = VECTOR('',#15530,1.);
#15530 = DIRECTION('',(1.,0.));
#15531 = ( GEOMETRIC_REPRESENTATION_CONTEXT(2) 
PARAMETRIC_REPRESENTATION_CONTEXT() REPRESENTATION_CONTEXT('2D SPACE',''
  ) );
#15532 = ORIENTED_EDGE('',*,*,#14493,.T.);
#15533 = ORIENTED_EDGE('',*,*,#15534,.T.);
#15534 = EDGE_CURVE('',#14496,#13331,#15535,.T.);
#15535 = SURFACE_CURVE('',#15536,(#15540,#15547),.PCURVE_S1.);
#15536 = LINE('',#15537,#15538);
#15537 = CARTESIAN_POINT('',(6.875,73.205,4.));
#15538 = VECTOR('',#15539,1.);
#15539 = DIRECTION('',(0.,0.,1.));
#15540 = PCURVE('',#13345,#15541);
#15541 = DEFINITIONAL_REPRESENTATION('',(#15542),#15546);
#15542 = LINE('',#15543,#15544);
#15543 = CARTESIAN_POINT('',(0.,0.));
#15544 = VECTOR('',#15545,1.);
#15545 = DIRECTION('',(1.,0.));
#15546 = ( GEOMETRIC_REPRESENTATION_CONTEXT(2) 
PARAMETRIC_REPRESENTATION_CONTEXT() REPRESENTATION_CONTEXT('2D SPACE',''
  ) );
#15547 = PCURVE('',#13371,#15548);
#15548 = DEFINITIONAL_REPRESENTATION('',(#15549),#15553);
#15549 = LINE('',#15550,#15551);
#15550 = CARTESIAN_POINT('',(0.,0.));
#15551 = VECTOR('',#15552,1.);
#15552 = DIRECTION('',(1.,0.));
#15553 = ( GEOMETRIC_REPRESENTATION_CONTEXT(2) 
PARAMETRIC_REPRESENTATION_CONTEXT() REPRESENTATION_CONTEXT('2D SPACE',''
  ) );
#15554 = ORIENTED_EDGE('',*,*,#13328,.F.);
#15555 = ADVANCED_FACE('',(#15556),#13421,.F.);
#15556 = FACE_BOUND('',#15557,.F.);
#15557 = EDGE_LOOP('',(#15558,#15559,#15560,#15581));
#15558 = ORIENTED_EDGE('',*,*,#15512,.F.);
#15559 = ORIENTED_EDGE('',*,*,#14558,.T.);
#15560 = ORIENTED_EDGE('',*,*,#15561,.T.);
#15561 = EDGE_CURVE('',#14538,#13383,#15562,.T.);
#15562 = SURFACE_CURVE('',#15563,(#15567,#15574),.PCURVE_S1.);
#15563 = LINE('',#15564,#15565);
#15564 = CARTESIAN_POINT('',(21.125,87.455,4.));
#15565 = VECTOR('',#15566,1.);
#15566 = DIRECTION('',(0.,0.,1.));
#15567 = PCURVE('',#13421,#15568);
#15568 = DEFINITIONAL_REPRESENTATION('',(#15569),#15573);
#15569 = LINE('',#15570,#15571);
#15570 = CARTESIAN_POINT('',(0.,-14.25));
#15571 = VECTOR('',#15572,1.);
#15572 = DIRECTION('',(1.,0.));
#15573 = ( GEOMETRIC_REPRESENTATION_CONTEXT(2) 
PARAMETRIC_REPRESENTATION_CONTEXT() REPRESENTATION_CONTEXT('2D SPACE',''
  ) );
#15574 = PCURVE('',#13397,#15575);
#15575 = DEFINITIONAL_REPRESENTATION('',(#15576),#15580);
#15576 = LINE('',#15577,#15578);
#15577 = CARTESIAN_POINT('',(0.,14.25));
#15578 = VECTOR('',#15579,1.);
#15579 = DIRECTION('',(1.,0.));
#15580 = ( GEOMETRIC_REPRESENTATION_CONTEXT(2) 
PARAMETRIC_REPRESENTATION_CONTEXT() REPRESENTATION_CONTEXT('2D SPACE',''
  ) );
#15581 = ORIENTED_EDGE('',*,*,#13408,.F.);
#15582 = ADVANCED_FACE('',(#15583),#13371,.T.);
#15583 = FACE_BOUND('',#15584,.T.);
#15584 = EDGE_LOOP('',(#15585,#15586,#15587,#15608));
#15585 = ORIENTED_EDGE('',*,*,#15534,.F.);
#15586 = ORIENTED_EDGE('',*,*,#14516,.T.);
#15587 = ORIENTED_EDGE('',*,*,#15588,.T.);
#15588 = EDGE_CURVE('',#14517,#13357,#15589,.T.);
#15589 = SURFACE_CURVE('',#15590,(#15594,#15601),.PCURVE_S1.);
#15590 = LINE('',#15591,#15592);
#15591 = CARTESIAN_POINT('',(6.875,87.455,4.));
#15592 = VECTOR('',#15593,1.);
#15593 = DIRECTION('',(0.,0.,1.));
#15594 = PCURVE('',#13371,#15595);
#15595 = DEFINITIONAL_REPRESENTATION('',(#15596),#15600);
#15596 = LINE('',#15597,#15598);
#15597 = CARTESIAN_POINT('',(0.,-14.25));
#15598 = VECTOR('',#15599,1.);
#15599 = DIRECTION('',(1.,0.));
#15600 = ( GEOMETRIC_REPRESENTATION_CONTEXT(2) 
PARAMETRIC_REPRESENTATION_CONTEXT() REPRESENTATION_CONTEXT('2D SPACE',''
  ) );
#15601 = PCURVE('',#13397,#15602);
#15602 = DEFINITIONAL_REPRESENTATION('',(#15603),#15607);
#15603 = LINE('',#15604,#15605);
#15604 = CARTESIAN_POINT('',(0.,0.));
#15605 = VECTOR('',#15606,1.);
#15606 = DIRECTION('',(1.,0.));
#15607 = ( GEOMETRIC_REPRESENTATION_CONTEXT(2) 
PARAMETRIC_REPRESENTATION_CONTEXT() REPRESENTATION_CONTEXT('2D SPACE',''
  ) );
#15608 = ORIENTED_EDGE('',*,*,#13356,.F.);
#15609 = ADVANCED_FACE('',(#15610),#13397,.F.);
#15610 = FACE_BOUND('',#15611,.F.);
#15611 = EDGE_LOOP('',(#15612,#15613,#15614,#15615));
#15612 = ORIENTED_EDGE('',*,*,#15561,.F.);
#15613 = ORIENTED_EDGE('',*,*,#14537,.T.);
#15614 = ORIENTED_EDGE('',*,*,#15588,.T.);
#15615 = ORIENTED_EDGE('',*,*,#13382,.F.);
#15616 = ADVANCED_FACE('',(#15617),#13451,.T.);
#15617 = FACE_BOUND('',#15618,.T.);
#15618 = EDGE_LOOP('',(#15619,#15640,#15641,#15662));
#15619 = ORIENTED_EDGE('',*,*,#15620,.F.);
#15620 = EDGE_CURVE('',#14580,#13435,#15621,.T.);
#15621 = SURFACE_CURVE('',#15622,(#15626,#15633),.PCURVE_S1.);
#15622 = LINE('',#15623,#15624);
#15623 = CARTESIAN_POINT('',(40.415,73.205,4.));
#15624 = VECTOR('',#15625,1.);
#15625 = DIRECTION('',(0.,0.,1.));
#15626 = PCURVE('',#13451,#15627);
#15627 = DEFINITIONAL_REPRESENTATION('',(#15628),#15632);
#15628 = LINE('',#15629,#15630);
#15629 = CARTESIAN_POINT('',(0.,14.25));
#15630 = VECTOR('',#15631,1.);
#15631 = DIRECTION('',(1.,0.));
#15632 = ( GEOMETRIC_REPRESENTATION_CONTEXT(2) 
PARAMETRIC_REPRESENTATION_CONTEXT() REPRESENTATION_CONTEXT('2D SPACE',''
  ) );
#15633 = PCURVE('',#13527,#15634);
#15634 = DEFINITIONAL_REPRESENTATION('',(#15635),#15639);
#15635 = LINE('',#15636,#15637);
#15636 = CARTESIAN_POINT('',(0.,0.));
#15637 = VECTOR('',#15638,1.);
#15638 = DIRECTION('',(1.,0.));
#15639 = ( GEOMETRIC_REPRESENTATION_CONTEXT(2) 
PARAMETRIC_REPRESENTATION_CONTEXT() REPRESENTATION_CONTEXT('2D SPACE',''
  ) );
#15640 = ORIENTED_EDGE('',*,*,#14579,.T.);
#15641 = ORIENTED_EDGE('',*,*,#15642,.T.);
#15642 = EDGE_CURVE('',#14582,#13437,#15643,.T.);
#15643 = SURFACE_CURVE('',#15644,(#15648,#15655),.PCURVE_S1.);
#15644 = LINE('',#15645,#15646);
#15645 = CARTESIAN_POINT('',(26.165,73.205,4.));
#15646 = VECTOR('',#15647,1.);
#15647 = DIRECTION('',(0.,0.,1.));
#15648 = PCURVE('',#13451,#15649);
#15649 = DEFINITIONAL_REPRESENTATION('',(#15650),#15654);
#15650 = LINE('',#15651,#15652);
#15651 = CARTESIAN_POINT('',(0.,0.));
#15652 = VECTOR('',#15653,1.);
#15653 = DIRECTION('',(1.,0.));
#15654 = ( GEOMETRIC_REPRESENTATION_CONTEXT(2) 
PARAMETRIC_REPRESENTATION_CONTEXT() REPRESENTATION_CONTEXT('2D SPACE',''
  ) );
#15655 = PCURVE('',#13477,#15656);
#15656 = DEFINITIONAL_REPRESENTATION('',(#15657),#15661);
#15657 = LINE('',#15658,#15659);
#15658 = CARTESIAN_POINT('',(0.,0.));
#15659 = VECTOR('',#15660,1.);
#15660 = DIRECTION('',(1.,0.));
#15661 = ( GEOMETRIC_REPRESENTATION_CONTEXT(2) 
PARAMETRIC_REPRESENTATION_CONTEXT() REPRESENTATION_CONTEXT('2D SPACE',''
  ) );
#15662 = ORIENTED_EDGE('',*,*,#13434,.F.);
#15663 = ADVANCED_FACE('',(#15664),#13527,.F.);
#15664 = FACE_BOUND('',#15665,.F.);
#15665 = EDGE_LOOP('',(#15666,#15667,#15668,#15689));
#15666 = ORIENTED_EDGE('',*,*,#15620,.F.);
#15667 = ORIENTED_EDGE('',*,*,#14644,.T.);
#15668 = ORIENTED_EDGE('',*,*,#15669,.T.);
#15669 = EDGE_CURVE('',#14624,#13489,#15670,.T.);
#15670 = SURFACE_CURVE('',#15671,(#15675,#15682),.PCURVE_S1.);
#15671 = LINE('',#15672,#15673);
#15672 = CARTESIAN_POINT('',(40.415,87.455,4.));
#15673 = VECTOR('',#15674,1.);
#15674 = DIRECTION('',(0.,0.,1.));
#15675 = PCURVE('',#13527,#15676);
#15676 = DEFINITIONAL_REPRESENTATION('',(#15677),#15681);
#15677 = LINE('',#15678,#15679);
#15678 = CARTESIAN_POINT('',(0.,-14.25));
#15679 = VECTOR('',#15680,1.);
#15680 = DIRECTION('',(1.,0.));
#15681 = ( GEOMETRIC_REPRESENTATION_CONTEXT(2) 
PARAMETRIC_REPRESENTATION_CONTEXT() REPRESENTATION_CONTEXT('2D SPACE',''
  ) );
#15682 = PCURVE('',#13503,#15683);
#15683 = DEFINITIONAL_REPRESENTATION('',(#15684),#15688);
#15684 = LINE('',#15685,#15686);
#15685 = CARTESIAN_POINT('',(0.,14.25));
#15686 = VECTOR('',#15687,1.);
#15687 = DIRECTION('',(1.,0.));
#15688 = ( GEOMETRIC_REPRESENTATION_CONTEXT(2) 
PARAMETRIC_REPRESENTATION_CONTEXT() REPRESENTATION_CONTEXT('2D SPACE',''
  ) );
#15689 = ORIENTED_EDGE('',*,*,#13514,.F.);
#15690 = ADVANCED_FACE('',(#15691),#13477,.T.);
#15691 = FACE_BOUND('',#15692,.T.);
#15692 = EDGE_LOOP('',(#15693,#15694,#15695,#15716));
#15693 = ORIENTED_EDGE('',*,*,#15642,.F.);
#15694 = ORIENTED_EDGE('',*,*,#14602,.T.);
#15695 = ORIENTED_EDGE('',*,*,#15696,.T.);
#15696 = EDGE_CURVE('',#14603,#13463,#15697,.T.);
#15697 = SURFACE_CURVE('',#15698,(#15702,#15709),.PCURVE_S1.);
#15698 = LINE('',#15699,#15700);
#15699 = CARTESIAN_POINT('',(26.165,87.455,4.));
#15700 = VECTOR('',#15701,1.);
#15701 = DIRECTION('',(0.,0.,1.));
#15702 = PCURVE('',#13477,#15703);
#15703 = DEFINITIONAL_REPRESENTATION('',(#15704),#15708);
#15704 = LINE('',#15705,#15706);
#15705 = CARTESIAN_POINT('',(0.,-14.25));
#15706 = VECTOR('',#15707,1.);
#15707 = DIRECTION('',(1.,0.));
#15708 = ( GEOMETRIC_REPRESENTATION_CONTEXT(2) 
PARAMETRIC_REPRESENTATION_CONTEXT() REPRESENTATION_CONTEXT('2D SPACE',''
  ) );
#15709 = PCURVE('',#13503,#15710);
#15710 = DEFINITIONAL_REPRESENTATION('',(#15711),#15715);
#15711 = LINE('',#15712,#15713);
#15712 = CARTESIAN_POINT('',(0.,0.));
#15713 = VECTOR('',#15714,1.);
#15714 = DIRECTION('',(1.,0.));
#15715 = ( GEOMETRIC_REPRESENTATION_CONTEXT(2) 
PARAMETRIC_REPRESENTATION_CONTEXT() REPRESENTATION_CONTEXT('2D SPACE',''
  ) );
#15716 = ORIENTED_EDGE('',*,*,#13462,.F.);
#15717 = ADVANCED_FACE('',(#15718),#13503,.F.);
#15718 = FACE_BOUND('',#15719,.F.);
#15719 = EDGE_LOOP('',(#15720,#15721,#15722,#15723));
#15720 = ORIENTED_EDGE('',*,*,#15669,.F.);
#15721 = ORIENTED_EDGE('',*,*,#14623,.T.);
#15722 = ORIENTED_EDGE('',*,*,#15696,.T.);
#15723 = ORIENTED_EDGE('',*,*,#13488,.F.);
#15724 = ADVANCED_FACE('',(#15725),#13557,.T.);
#15725 = FACE_BOUND('',#15726,.T.);
#15726 = EDGE_LOOP('',(#15727,#15748,#15749,#15770));
#15727 = ORIENTED_EDGE('',*,*,#15728,.F.);
#15728 = EDGE_CURVE('',#14666,#13541,#15729,.T.);
#15729 = SURFACE_CURVE('',#15730,(#15734,#15741),.PCURVE_S1.);
#15730 = LINE('',#15731,#15732);
#15731 = CARTESIAN_POINT('',(59.695,53.915,4.));
#15732 = VECTOR('',#15733,1.);
#15733 = DIRECTION('',(0.,0.,1.));
#15734 = PCURVE('',#13557,#15735);
#15735 = DEFINITIONAL_REPRESENTATION('',(#15736),#15740);
#15736 = LINE('',#15737,#15738);
#15737 = CARTESIAN_POINT('',(0.,14.25));
#15738 = VECTOR('',#15739,1.);
#15739 = DIRECTION('',(1.,0.));
#15740 = ( GEOMETRIC_REPRESENTATION_CONTEXT(2) 
PARAMETRIC_REPRESENTATION_CONTEXT() REPRESENTATION_CONTEXT('2D SPACE',''
  ) );
#15741 = PCURVE('',#13633,#15742);
#15742 = DEFINITIONAL_REPRESENTATION('',(#15743),#15747);
#15743 = LINE('',#15744,#15745);
#15744 = CARTESIAN_POINT('',(0.,0.));
#15745 = VECTOR('',#15746,1.);
#15746 = DIRECTION('',(1.,0.));
#15747 = ( GEOMETRIC_REPRESENTATION_CONTEXT(2) 
PARAMETRIC_REPRESENTATION_CONTEXT() REPRESENTATION_CONTEXT('2D SPACE',''
  ) );
#15748 = ORIENTED_EDGE('',*,*,#14665,.T.);
#15749 = ORIENTED_EDGE('',*,*,#15750,.T.);
#15750 = EDGE_CURVE('',#14668,#13543,#15751,.T.);
#15751 = SURFACE_CURVE('',#15752,(#15756,#15763),.PCURVE_S1.);
#15752 = LINE('',#15753,#15754);
#15753 = CARTESIAN_POINT('',(45.445,53.915,4.));
#15754 = VECTOR('',#15755,1.);
#15755 = DIRECTION('',(0.,0.,1.));
#15756 = PCURVE('',#13557,#15757);
#15757 = DEFINITIONAL_REPRESENTATION('',(#15758),#15762);
#15758 = LINE('',#15759,#15760);
#15759 = CARTESIAN_POINT('',(0.,0.));
#15760 = VECTOR('',#15761,1.);
#15761 = DIRECTION('',(1.,0.));
#15762 = ( GEOMETRIC_REPRESENTATION_CONTEXT(2) 
PARAMETRIC_REPRESENTATION_CONTEXT() REPRESENTATION_CONTEXT('2D SPACE',''
  ) );
#15763 = PCURVE('',#13583,#15764);
#15764 = DEFINITIONAL_REPRESENTATION('',(#15765),#15769);
#15765 = LINE('',#15766,#15767);
#15766 = CARTESIAN_POINT('',(0.,0.));
#15767 = VECTOR('',#15768,1.);
#15768 = DIRECTION('',(1.,0.));
#15769 = ( GEOMETRIC_REPRESENTATION_CONTEXT(2) 
PARAMETRIC_REPRESENTATION_CONTEXT() REPRESENTATION_CONTEXT('2D SPACE',''
  ) );
#15770 = ORIENTED_EDGE('',*,*,#13540,.F.);
#15771 = ADVANCED_FACE('',(#15772),#13633,.F.);
#15772 = FACE_BOUND('',#15773,.F.);
#15773 = EDGE_LOOP('',(#15774,#15775,#15776,#15797));
#15774 = ORIENTED_EDGE('',*,*,#15728,.F.);
#15775 = ORIENTED_EDGE('',*,*,#14730,.T.);
#15776 = ORIENTED_EDGE('',*,*,#15777,.T.);
#15777 = EDGE_CURVE('',#14710,#13595,#15778,.T.);
#15778 = SURFACE_CURVE('',#15779,(#15783,#15790),.PCURVE_S1.);
#15779 = LINE('',#15780,#15781);
#15780 = CARTESIAN_POINT('',(59.695,68.165,4.));
#15781 = VECTOR('',#15782,1.);
#15782 = DIRECTION('',(0.,0.,1.));
#15783 = PCURVE('',#13633,#15784);
#15784 = DEFINITIONAL_REPRESENTATION('',(#15785),#15789);
#15785 = LINE('',#15786,#15787);
#15786 = CARTESIAN_POINT('',(0.,-14.25));
#15787 = VECTOR('',#15788,1.);
#15788 = DIRECTION('',(1.,0.));
#15789 = ( GEOMETRIC_REPRESENTATION_CONTEXT(2) 
PARAMETRIC_REPRESENTATION_CONTEXT() REPRESENTATION_CONTEXT('2D SPACE',''
  ) );
#15790 = PCURVE('',#13609,#15791);
#15791 = DEFINITIONAL_REPRESENTATION('',(#15792),#15796);
#15792 = LINE('',#15793,#15794);
#15793 = CARTESIAN_POINT('',(0.,14.25));
#15794 = VECTOR('',#15795,1.);
#15795 = DIRECTION('',(1.,0.));
#15796 = ( GEOMETRIC_REPRESENTATION_CONTEXT(2) 
PARAMETRIC_REPRESENTATION_CONTEXT() REPRESENTATION_CONTEXT('2D SPACE',''
  ) );
#15797 = ORIENTED_EDGE('',*,*,#13620,.F.);
#15798 = ADVANCED_FACE('',(#15799),#13583,.T.);
#15799 = FACE_BOUND('',#15800,.T.);
#15800 = EDGE_LOOP('',(#15801,#15802,#15803,#15824));
#15801 = ORIENTED_EDGE('',*,*,#15750,.F.);
#15802 = ORIENTED_EDGE('',*,*,#14688,.T.);
#15803 = ORIENTED_EDGE('',*,*,#15804,.T.);
#15804 = EDGE_CURVE('',#14689,#13569,#15805,.T.);
#15805 = SURFACE_CURVE('',#15806,(#15810,#15817),.PCURVE_S1.);
#15806 = LINE('',#15807,#15808);
#15807 = CARTESIAN_POINT('',(45.445,68.165,4.));
#15808 = VECTOR('',#15809,1.);
#15809 = DIRECTION('',(0.,0.,1.));
#15810 = PCURVE('',#13583,#15811);
#15811 = DEFINITIONAL_REPRESENTATION('',(#15812),#15816);
#15812 = LINE('',#15813,#15814);
#15813 = CARTESIAN_POINT('',(0.,-14.25));
#15814 = VECTOR('',#15815,1.);
#15815 = DIRECTION('',(1.,0.));
#15816 = ( GEOMETRIC_REPRESENTATION_CONTEXT(2) 
PARAMETRIC_REPRESENTATION_CONTEXT() REPRESENTATION_CONTEXT('2D SPACE',''
  ) );
#15817 = PCURVE('',#13609,#15818);
#15818 = DEFINITIONAL_REPRESENTATION('',(#15819),#15823);
#15819 = LINE('',#15820,#15821);
#15820 = CARTESIAN_POINT('',(0.,0.));
#15821 = VECTOR('',#15822,1.);
#15822 = DIRECTION('',(1.,0.));
#15823 = ( GEOMETRIC_REPRESENTATION_CONTEXT(2) 
PARAMETRIC_REPRESENTATION_CONTEXT() REPRESENTATION_CONTEXT('2D SPACE',''
  ) );
#15824 = ORIENTED_EDGE('',*,*,#13568,.F.);
#15825 = ADVANCED_FACE('',(#15826),#13609,.F.);
#15826 = FACE_BOUND('',#15827,.F.);
#15827 = EDGE_LOOP('',(#15828,#15829,#15830,#15831));
#15828 = ORIENTED_EDGE('',*,*,#15777,.F.);
#15829 = ORIENTED_EDGE('',*,*,#14709,.T.);
#15830 = ORIENTED_EDGE('',*,*,#15804,.T.);
#15831 = ORIENTED_EDGE('',*,*,#13594,.F.);
#15832 = ADVANCED_FACE('',(#15833),#13667,.F.);
#15833 = FACE_BOUND('',#15834,.T.);
#15834 = EDGE_LOOP('',(#15835,#15836,#15857,#15858));
#15835 = ORIENTED_EDGE('',*,*,#14751,.T.);
#15836 = ORIENTED_EDGE('',*,*,#15837,.T.);
#15837 = EDGE_CURVE('',#14752,#13647,#15838,.T.);
#15838 = SEAM_CURVE('',#15839,(#15843,#15850),.PCURVE_S1.);
#15839 = LINE('',#15840,#15841);
#15840 = CARTESIAN_POINT('',(91.225,56.25,4.));
#15841 = VECTOR('',#15842,1.);
#15842 = DIRECTION('',(0.,0.,1.));
#15843 = PCURVE('',#13667,#15844);
#15844 = DEFINITIONAL_REPRESENTATION('',(#15845),#15849);
#15845 = LINE('',#15846,#15847);
#15846 = CARTESIAN_POINT('',(-6.28318530718,0.));
#15847 = VECTOR('',#15848,1.);
#15848 = DIRECTION('',(-0.,-1.));
#15849 = ( GEOMETRIC_REPRESENTATION_CONTEXT(2) 
PARAMETRIC_REPRESENTATION_CONTEXT() REPRESENTATION_CONTEXT('2D SPACE',''
  ) );
#15850 = PCURVE('',#13667,#15851);
#15851 = DEFINITIONAL_REPRESENTATION('',(#15852),#15856);
#15852 = LINE('',#15853,#15854);
#15853 = CARTESIAN_POINT('',(-0.,0.));
#15854 = VECTOR('',#15855,1.);
#15855 = DIRECTION('',(-0.,-1.));
#15856 = ( GEOMETRIC_REPRESENTATION_CONTEXT(2) 
PARAMETRIC_REPRESENTATION_CONTEXT() REPRESENTATION_CONTEXT('2D SPACE',''
  ) );
#15857 = ORIENTED_EDGE('',*,*,#13646,.F.);
#15858 = ORIENTED_EDGE('',*,*,#15837,.F.);
#15859 = ADVANCED_FACE('',(#15860),#13698,.T.);
#15860 = FACE_BOUND('',#15861,.T.);
#15861 = EDGE_LOOP('',(#15862,#15883,#15884,#15905));
#15862 = ORIENTED_EDGE('',*,*,#15863,.F.);
#15863 = EDGE_CURVE('',#14782,#13682,#15864,.T.);
#15864 = SURFACE_CURVE('',#15865,(#15869,#15876),.PCURVE_S1.);
#15865 = LINE('',#15866,#15867);
#15866 = CARTESIAN_POINT('',(78.975,53.915,4.));
#15867 = VECTOR('',#15868,1.);
#15868 = DIRECTION('',(0.,0.,1.));
#15869 = PCURVE('',#13698,#15870);
#15870 = DEFINITIONAL_REPRESENTATION('',(#15871),#15875);
#15871 = LINE('',#15872,#15873);
#15872 = CARTESIAN_POINT('',(0.,14.25));
#15873 = VECTOR('',#15874,1.);
#15874 = DIRECTION('',(1.,0.));
#15875 = ( GEOMETRIC_REPRESENTATION_CONTEXT(2) 
PARAMETRIC_REPRESENTATION_CONTEXT() REPRESENTATION_CONTEXT('2D SPACE',''
  ) );
#15876 = PCURVE('',#13774,#15877);
#15877 = DEFINITIONAL_REPRESENTATION('',(#15878),#15882);
#15878 = LINE('',#15879,#15880);
#15879 = CARTESIAN_POINT('',(0.,0.));
#15880 = VECTOR('',#15881,1.);
#15881 = DIRECTION('',(1.,0.));
#15882 = ( GEOMETRIC_REPRESENTATION_CONTEXT(2) 
PARAMETRIC_REPRESENTATION_CONTEXT() REPRESENTATION_CONTEXT('2D SPACE',''
  ) );
#15883 = ORIENTED_EDGE('',*,*,#14781,.T.);
#15884 = ORIENTED_EDGE('',*,*,#15885,.T.);
#15885 = EDGE_CURVE('',#14784,#13684,#15886,.T.);
#15886 = SURFACE_CURVE('',#15887,(#15891,#15898),.PCURVE_S1.);
#15887 = LINE('',#15888,#15889);
#15888 = CARTESIAN_POINT('',(64.725,53.915,4.));
#15889 = VECTOR('',#15890,1.);
#15890 = DIRECTION('',(0.,0.,1.));
#15891 = PCURVE('',#13698,#15892);
#15892 = DEFINITIONAL_REPRESENTATION('',(#15893),#15897);
#15893 = LINE('',#15894,#15895);
#15894 = CARTESIAN_POINT('',(0.,0.));
#15895 = VECTOR('',#15896,1.);
#15896 = DIRECTION('',(1.,0.));
#15897 = ( GEOMETRIC_REPRESENTATION_CONTEXT(2) 
PARAMETRIC_REPRESENTATION_CONTEXT() REPRESENTATION_CONTEXT('2D SPACE',''
  ) );
#15898 = PCURVE('',#13724,#15899);
#15899 = DEFINITIONAL_REPRESENTATION('',(#15900),#15904);
#15900 = LINE('',#15901,#15902);
#15901 = CARTESIAN_POINT('',(0.,0.));
#15902 = VECTOR('',#15903,1.);
#15903 = DIRECTION('',(1.,0.));
#15904 = ( GEOMETRIC_REPRESENTATION_CONTEXT(2) 
PARAMETRIC_REPRESENTATION_CONTEXT() REPRESENTATION_CONTEXT('2D SPACE',''
  ) );
#15905 = ORIENTED_EDGE('',*,*,#13681,.F.);
#15906 = ADVANCED_FACE('',(#15907),#13774,.F.);
#15907 = FACE_BOUND('',#15908,.F.);
#15908 = EDGE_LOOP('',(#15909,#15910,#15911,#15932));
#15909 = ORIENTED_EDGE('',*,*,#15863,.F.);
#15910 = ORIENTED_EDGE('',*,*,#14846,.T.);
#15911 = ORIENTED_EDGE('',*,*,#15912,.T.);
#15912 = EDGE_CURVE('',#14826,#13736,#15913,.T.);
#15913 = SURFACE_CURVE('',#15914,(#15918,#15925),.PCURVE_S1.);
#15914 = LINE('',#15915,#15916);
#15915 = CARTESIAN_POINT('',(78.975,68.165,4.));
#15916 = VECTOR('',#15917,1.);
#15917 = DIRECTION('',(0.,0.,1.));
#15918 = PCURVE('',#13774,#15919);
#15919 = DEFINITIONAL_REPRESENTATION('',(#15920),#15924);
#15920 = LINE('',#15921,#15922);
#15921 = CARTESIAN_POINT('',(0.,-14.25));
#15922 = VECTOR('',#15923,1.);
#15923 = DIRECTION('',(1.,0.));
#15924 = ( GEOMETRIC_REPRESENTATION_CONTEXT(2) 
PARAMETRIC_REPRESENTATION_CONTEXT() REPRESENTATION_CONTEXT('2D SPACE',''
  ) );
#15925 = PCURVE('',#13750,#15926);
#15926 = DEFINITIONAL_REPRESENTATION('',(#15927),#15931);
#15927 = LINE('',#15928,#15929);
#15928 = CARTESIAN_POINT('',(0.,14.25));
#15929 = VECTOR('',#15930,1.);
#15930 = DIRECTION('',(1.,0.));
#15931 = ( GEOMETRIC_REPRESENTATION_CONTEXT(2) 
PARAMETRIC_REPRESENTATION_CONTEXT() REPRESENTATION_CONTEXT('2D SPACE',''
  ) );
#15932 = ORIENTED_EDGE('',*,*,#13761,.F.);
#15933 = ADVANCED_FACE('',(#15934),#13724,.T.);
#15934 = FACE_BOUND('',#15935,.T.);
#15935 = EDGE_LOOP('',(#15936,#15937,#15938,#15959));
#15936 = ORIENTED_EDGE('',*,*,#15885,.F.);
#15937 = ORIENTED_EDGE('',*,*,#14804,.T.);
#15938 = ORIENTED_EDGE('',*,*,#15939,.T.);
#15939 = EDGE_CURVE('',#14805,#13710,#15940,.T.);
#15940 = SURFACE_CURVE('',#15941,(#15945,#15952),.PCURVE_S1.);
#15941 = LINE('',#15942,#15943);
#15942 = CARTESIAN_POINT('',(64.725,68.165,4.));
#15943 = VECTOR('',#15944,1.);
#15944 = DIRECTION('',(0.,0.,1.));
#15945 = PCURVE('',#13724,#15946);
#15946 = DEFINITIONAL_REPRESENTATION('',(#15947),#15951);
#15947 = LINE('',#15948,#15949);
#15948 = CARTESIAN_POINT('',(0.,-14.25));
#15949 = VECTOR('',#15950,1.);
#15950 = DIRECTION('',(1.,0.));
#15951 = ( GEOMETRIC_REPRESENTATION_CONTEXT(2) 
PARAMETRIC_REPRESENTATION_CONTEXT() REPRESENTATION_CONTEXT('2D SPACE',''
  ) );
#15952 = PCURVE('',#13750,#15953);
#15953 = DEFINITIONAL_REPRESENTATION('',(#15954),#15958);
#15954 = LINE('',#15955,#15956);
#15955 = CARTESIAN_POINT('',(0.,0.));
#15956 = VECTOR('',#15957,1.);
#15957 = DIRECTION('',(1.,0.));
#15958 = ( GEOMETRIC_REPRESENTATION_CONTEXT(2) 
PARAMETRIC_REPRESENTATION_CONTEXT() REPRESENTATION_CONTEXT('2D SPACE',''
  ) );
#15959 = ORIENTED_EDGE('',*,*,#13709,.F.);
#15960 = ADVANCED_FACE('',(#15961),#13750,.F.);
#15961 = FACE_BOUND('',#15962,.F.);
#15962 = EDGE_LOOP('',(#15963,#15964,#15965,#15966));
#15963 = ORIENTED_EDGE('',*,*,#15912,.F.);
#15964 = ORIENTED_EDGE('',*,*,#14825,.T.);
#15965 = ORIENTED_EDGE('',*,*,#15939,.T.);
#15966 = ORIENTED_EDGE('',*,*,#13735,.F.);
#15967 = ADVANCED_FACE('',(#15968),#13804,.T.);
#15968 = FACE_BOUND('',#15969,.T.);
#15969 = EDGE_LOOP('',(#15970,#15991,#15992,#16013));
#15970 = ORIENTED_EDGE('',*,*,#15971,.F.);
#15971 = EDGE_CURVE('',#14868,#13788,#15972,.T.);
#15972 = SURFACE_CURVE('',#15973,(#15977,#15984),.PCURVE_S1.);
#15973 = LINE('',#15974,#15975);
#15974 = CARTESIAN_POINT('',(59.705,73.205,4.));
#15975 = VECTOR('',#15976,1.);
#15976 = DIRECTION('',(0.,0.,1.));
#15977 = PCURVE('',#13804,#15978);
#15978 = DEFINITIONAL_REPRESENTATION('',(#15979),#15983);
#15979 = LINE('',#15980,#15981);
#15980 = CARTESIAN_POINT('',(0.,14.25));
#15981 = VECTOR('',#15982,1.);
#15982 = DIRECTION('',(1.,0.));
#15983 = ( GEOMETRIC_REPRESENTATION_CONTEXT(2) 
PARAMETRIC_REPRESENTATION_CONTEXT() REPRESENTATION_CONTEXT('2D SPACE',''
  ) );
#15984 = PCURVE('',#13880,#15985);
#15985 = DEFINITIONAL_REPRESENTATION('',(#15986),#15990);
#15986 = LINE('',#15987,#15988);
#15987 = CARTESIAN_POINT('',(0.,0.));
#15988 = VECTOR('',#15989,1.);
#15989 = DIRECTION('',(1.,0.));
#15990 = ( GEOMETRIC_REPRESENTATION_CONTEXT(2) 
PARAMETRIC_REPRESENTATION_CONTEXT() REPRESENTATION_CONTEXT('2D SPACE',''
  ) );
#15991 = ORIENTED_EDGE('',*,*,#14867,.T.);
#15992 = ORIENTED_EDGE('',*,*,#15993,.T.);
#15993 = EDGE_CURVE('',#14870,#13790,#15994,.T.);
#15994 = SURFACE_CURVE('',#15995,(#15999,#16006),.PCURVE_S1.);
#15995 = LINE('',#15996,#15997);
#15996 = CARTESIAN_POINT('',(45.455,73.205,4.));
#15997 = VECTOR('',#15998,1.);
#15998 = DIRECTION('',(0.,0.,1.));
#15999 = PCURVE('',#13804,#16000);
#16000 = DEFINITIONAL_REPRESENTATION('',(#16001),#16005);
#16001 = LINE('',#16002,#16003);
#16002 = CARTESIAN_POINT('',(0.,0.));
#16003 = VECTOR('',#16004,1.);
#16004 = DIRECTION('',(1.,0.));
#16005 = ( GEOMETRIC_REPRESENTATION_CONTEXT(2) 
PARAMETRIC_REPRESENTATION_CONTEXT() REPRESENTATION_CONTEXT('2D SPACE',''
  ) );
#16006 = PCURVE('',#13830,#16007);
#16007 = DEFINITIONAL_REPRESENTATION('',(#16008),#16012);
#16008 = LINE('',#16009,#16010);
#16009 = CARTESIAN_POINT('',(0.,0.));
#16010 = VECTOR('',#16011,1.);
#16011 = DIRECTION('',(1.,0.));
#16012 = ( GEOMETRIC_REPRESENTATION_CONTEXT(2) 
PARAMETRIC_REPRESENTATION_CONTEXT() REPRESENTATION_CONTEXT('2D SPACE',''
  ) );
#16013 = ORIENTED_EDGE('',*,*,#13787,.F.);
#16014 = ADVANCED_FACE('',(#16015),#13880,.F.);
#16015 = FACE_BOUND('',#16016,.F.);
#16016 = EDGE_LOOP('',(#16017,#16018,#16019,#16040));
#16017 = ORIENTED_EDGE('',*,*,#15971,.F.);
#16018 = ORIENTED_EDGE('',*,*,#14932,.T.);
#16019 = ORIENTED_EDGE('',*,*,#16020,.T.);
#16020 = EDGE_CURVE('',#14912,#13842,#16021,.T.);
#16021 = SURFACE_CURVE('',#16022,(#16026,#16033),.PCURVE_S1.);
#16022 = LINE('',#16023,#16024);
#16023 = CARTESIAN_POINT('',(59.705,87.455,4.));
#16024 = VECTOR('',#16025,1.);
#16025 = DIRECTION('',(0.,0.,1.));
#16026 = PCURVE('',#13880,#16027);
#16027 = DEFINITIONAL_REPRESENTATION('',(#16028),#16032);
#16028 = LINE('',#16029,#16030);
#16029 = CARTESIAN_POINT('',(0.,-14.25));
#16030 = VECTOR('',#16031,1.);
#16031 = DIRECTION('',(1.,0.));
#16032 = ( GEOMETRIC_REPRESENTATION_CONTEXT(2) 
PARAMETRIC_REPRESENTATION_CONTEXT() REPRESENTATION_CONTEXT('2D SPACE',''
  ) );
#16033 = PCURVE('',#13856,#16034);
#16034 = DEFINITIONAL_REPRESENTATION('',(#16035),#16039);
#16035 = LINE('',#16036,#16037);
#16036 = CARTESIAN_POINT('',(0.,14.25));
#16037 = VECTOR('',#16038,1.);
#16038 = DIRECTION('',(1.,0.));
#16039 = ( GEOMETRIC_REPRESENTATION_CONTEXT(2) 
PARAMETRIC_REPRESENTATION_CONTEXT() REPRESENTATION_CONTEXT('2D SPACE',''
  ) );
#16040 = ORIENTED_EDGE('',*,*,#13867,.F.);
#16041 = ADVANCED_FACE('',(#16042),#13830,.T.);
#16042 = FACE_BOUND('',#16043,.T.);
#16043 = EDGE_LOOP('',(#16044,#16045,#16046,#16067));
#16044 = ORIENTED_EDGE('',*,*,#15993,.F.);
#16045 = ORIENTED_EDGE('',*,*,#14890,.T.);
#16046 = ORIENTED_EDGE('',*,*,#16047,.T.);
#16047 = EDGE_CURVE('',#14891,#13816,#16048,.T.);
#16048 = SURFACE_CURVE('',#16049,(#16053,#16060),.PCURVE_S1.);
#16049 = LINE('',#16050,#16051);
#16050 = CARTESIAN_POINT('',(45.455,87.455,4.));
#16051 = VECTOR('',#16052,1.);
#16052 = DIRECTION('',(0.,0.,1.));
#16053 = PCURVE('',#13830,#16054);
#16054 = DEFINITIONAL_REPRESENTATION('',(#16055),#16059);
#16055 = LINE('',#16056,#16057);
#16056 = CARTESIAN_POINT('',(0.,-14.25));
#16057 = VECTOR('',#16058,1.);
#16058 = DIRECTION('',(1.,0.));
#16059 = ( GEOMETRIC_REPRESENTATION_CONTEXT(2) 
PARAMETRIC_REPRESENTATION_CONTEXT() REPRESENTATION_CONTEXT('2D SPACE',''
  ) );
#16060 = PCURVE('',#13856,#16061);
#16061 = DEFINITIONAL_REPRESENTATION('',(#16062),#16066);
#16062 = LINE('',#16063,#16064);
#16063 = CARTESIAN_POINT('',(0.,0.));
#16064 = VECTOR('',#16065,1.);
#16065 = DIRECTION('',(1.,0.));
#16066 = ( GEOMETRIC_REPRESENTATION_CONTEXT(2) 
PARAMETRIC_REPRESENTATION_CONTEXT() REPRESENTATION_CONTEXT('2D SPACE',''
  ) );
#16067 = ORIENTED_EDGE('',*,*,#13815,.F.);
#16068 = ADVANCED_FACE('',(#16069),#13856,.F.);
#16069 = FACE_BOUND('',#16070,.F.);
#16070 = EDGE_LOOP('',(#16071,#16072,#16073,#16074));
#16071 = ORIENTED_EDGE('',*,*,#16020,.F.);
#16072 = ORIENTED_EDGE('',*,*,#14911,.T.);
#16073 = ORIENTED_EDGE('',*,*,#16047,.T.);
#16074 = ORIENTED_EDGE('',*,*,#13841,.F.);
#16075 = ADVANCED_FACE('',(#16076),#13910,.T.);
#16076 = FACE_BOUND('',#16077,.T.);
#16077 = EDGE_LOOP('',(#16078,#16099,#16100,#16121));
#16078 = ORIENTED_EDGE('',*,*,#16079,.F.);
#16079 = EDGE_CURVE('',#14954,#13894,#16080,.T.);
#16080 = SURFACE_CURVE('',#16081,(#16085,#16092),.PCURVE_S1.);
#16081 = LINE('',#16082,#16083);
#16082 = CARTESIAN_POINT('',(78.995,73.205,4.));
#16083 = VECTOR('',#16084,1.);
#16084 = DIRECTION('',(0.,0.,1.));
#16085 = PCURVE('',#13910,#16086);
#16086 = DEFINITIONAL_REPRESENTATION('',(#16087),#16091);
#16087 = LINE('',#16088,#16089);
#16088 = CARTESIAN_POINT('',(0.,14.25));
#16089 = VECTOR('',#16090,1.);
#16090 = DIRECTION('',(1.,0.));
#16091 = ( GEOMETRIC_REPRESENTATION_CONTEXT(2) 
PARAMETRIC_REPRESENTATION_CONTEXT() REPRESENTATION_CONTEXT('2D SPACE',''
  ) );
#16092 = PCURVE('',#13986,#16093);
#16093 = DEFINITIONAL_REPRESENTATION('',(#16094),#16098);
#16094 = LINE('',#16095,#16096);
#16095 = CARTESIAN_POINT('',(0.,0.));
#16096 = VECTOR('',#16097,1.);
#16097 = DIRECTION('',(1.,0.));
#16098 = ( GEOMETRIC_REPRESENTATION_CONTEXT(2) 
PARAMETRIC_REPRESENTATION_CONTEXT() REPRESENTATION_CONTEXT('2D SPACE',''
  ) );
#16099 = ORIENTED_EDGE('',*,*,#14953,.T.);
#16100 = ORIENTED_EDGE('',*,*,#16101,.T.);
#16101 = EDGE_CURVE('',#14956,#13896,#16102,.T.);
#16102 = SURFACE_CURVE('',#16103,(#16107,#16114),.PCURVE_S1.);
#16103 = LINE('',#16104,#16105);
#16104 = CARTESIAN_POINT('',(64.745,73.205,4.));
#16105 = VECTOR('',#16106,1.);
#16106 = DIRECTION('',(0.,0.,1.));
#16107 = PCURVE('',#13910,#16108);
#16108 = DEFINITIONAL_REPRESENTATION('',(#16109),#16113);
#16109 = LINE('',#16110,#16111);
#16110 = CARTESIAN_POINT('',(0.,0.));
#16111 = VECTOR('',#16112,1.);
#16112 = DIRECTION('',(1.,0.));
#16113 = ( GEOMETRIC_REPRESENTATION_CONTEXT(2) 
PARAMETRIC_REPRESENTATION_CONTEXT() REPRESENTATION_CONTEXT('2D SPACE',''
  ) );
#16114 = PCURVE('',#13936,#16115);
#16115 = DEFINITIONAL_REPRESENTATION('',(#16116),#16120);
#16116 = LINE('',#16117,#16118);
#16117 = CARTESIAN_POINT('',(0.,0.));
#16118 = VECTOR('',#16119,1.);
#16119 = DIRECTION('',(1.,0.));
#16120 = ( GEOMETRIC_REPRESENTATION_CONTEXT(2) 
PARAMETRIC_REPRESENTATION_CONTEXT() REPRESENTATION_CONTEXT('2D SPACE',''
  ) );
#16121 = ORIENTED_EDGE('',*,*,#13893,.F.);
#16122 = ADVANCED_FACE('',(#16123),#13986,.F.);
#16123 = FACE_BOUND('',#16124,.F.);
#16124 = EDGE_LOOP('',(#16125,#16126,#16127,#16148));
#16125 = ORIENTED_EDGE('',*,*,#16079,.F.);
#16126 = ORIENTED_EDGE('',*,*,#15018,.T.);
#16127 = ORIENTED_EDGE('',*,*,#16128,.T.);
#16128 = EDGE_CURVE('',#14998,#13948,#16129,.T.);
#16129 = SURFACE_CURVE('',#16130,(#16134,#16141),.PCURVE_S1.);
#16130 = LINE('',#16131,#16132);
#16131 = CARTESIAN_POINT('',(78.995,87.455,4.));
#16132 = VECTOR('',#16133,1.);
#16133 = DIRECTION('',(0.,0.,1.));
#16134 = PCURVE('',#13986,#16135);
#16135 = DEFINITIONAL_REPRESENTATION('',(#16136),#16140);
#16136 = LINE('',#16137,#16138);
#16137 = CARTESIAN_POINT('',(0.,-14.25));
#16138 = VECTOR('',#16139,1.);
#16139 = DIRECTION('',(1.,0.));
#16140 = ( GEOMETRIC_REPRESENTATION_CONTEXT(2) 
PARAMETRIC_REPRESENTATION_CONTEXT() REPRESENTATION_CONTEXT('2D SPACE',''
  ) );
#16141 = PCURVE('',#13962,#16142);
#16142 = DEFINITIONAL_REPRESENTATION('',(#16143),#16147);
#16143 = LINE('',#16144,#16145);
#16144 = CARTESIAN_POINT('',(0.,14.25));
#16145 = VECTOR('',#16146,1.);
#16146 = DIRECTION('',(1.,0.));
#16147 = ( GEOMETRIC_REPRESENTATION_CONTEXT(2) 
PARAMETRIC_REPRESENTATION_CONTEXT() REPRESENTATION_CONTEXT('2D SPACE',''
  ) );
#16148 = ORIENTED_EDGE('',*,*,#13973,.F.);
#16149 = ADVANCED_FACE('',(#16150),#13936,.T.);
#16150 = FACE_BOUND('',#16151,.T.);
#16151 = EDGE_LOOP('',(#16152,#16153,#16154,#16175));
#16152 = ORIENTED_EDGE('',*,*,#16101,.F.);
#16153 = ORIENTED_EDGE('',*,*,#14976,.T.);
#16154 = ORIENTED_EDGE('',*,*,#16155,.T.);
#16155 = EDGE_CURVE('',#14977,#13922,#16156,.T.);
#16156 = SURFACE_CURVE('',#16157,(#16161,#16168),.PCURVE_S1.);
#16157 = LINE('',#16158,#16159);
#16158 = CARTESIAN_POINT('',(64.745,87.455,4.));
#16159 = VECTOR('',#16160,1.);
#16160 = DIRECTION('',(0.,0.,1.));
#16161 = PCURVE('',#13936,#16162);
#16162 = DEFINITIONAL_REPRESENTATION('',(#16163),#16167);
#16163 = LINE('',#16164,#16165);
#16164 = CARTESIAN_POINT('',(0.,-14.25));
#16165 = VECTOR('',#16166,1.);
#16166 = DIRECTION('',(1.,0.));
#16167 = ( GEOMETRIC_REPRESENTATION_CONTEXT(2) 
PARAMETRIC_REPRESENTATION_CONTEXT() REPRESENTATION_CONTEXT('2D SPACE',''
  ) );
#16168 = PCURVE('',#13962,#16169);
#16169 = DEFINITIONAL_REPRESENTATION('',(#16170),#16174);
#16170 = LINE('',#16171,#16172);
#16171 = CARTESIAN_POINT('',(0.,0.));
#16172 = VECTOR('',#16173,1.);
#16173 = DIRECTION('',(1.,0.));
#16174 = ( GEOMETRIC_REPRESENTATION_CONTEXT(2) 
PARAMETRIC_REPRESENTATION_CONTEXT() REPRESENTATION_CONTEXT('2D SPACE',''
  ) );
#16175 = ORIENTED_EDGE('',*,*,#13921,.F.);
#16176 = ADVANCED_FACE('',(#16177),#13962,.F.);
#16177 = FACE_BOUND('',#16178,.F.);
#16178 = EDGE_LOOP('',(#16179,#16180,#16181,#16182));
#16179 = ORIENTED_EDGE('',*,*,#16128,.F.);
#16180 = ORIENTED_EDGE('',*,*,#14997,.T.);
#16181 = ORIENTED_EDGE('',*,*,#16155,.T.);
#16182 = ORIENTED_EDGE('',*,*,#13947,.F.);
#16183 = ADVANCED_FACE('',(#16184),#14020,.F.);
#16184 = FACE_BOUND('',#16185,.T.);
#16185 = EDGE_LOOP('',(#16186,#16187,#16208,#16209));
#16186 = ORIENTED_EDGE('',*,*,#15039,.T.);
#16187 = ORIENTED_EDGE('',*,*,#16188,.T.);
#16188 = EDGE_CURVE('',#15040,#14000,#16189,.T.);
#16189 = SEAM_CURVE('',#16190,(#16194,#16201),.PCURVE_S1.);
#16190 = LINE('',#16191,#16192);
#16191 = CARTESIAN_POINT('',(94.825,82.,4.));
#16192 = VECTOR('',#16193,1.);
#16193 = DIRECTION('',(0.,0.,1.));
#16194 = PCURVE('',#14020,#16195);
#16195 = DEFINITIONAL_REPRESENTATION('',(#16196),#16200);
#16196 = LINE('',#16197,#16198);
#16197 = CARTESIAN_POINT('',(-6.28318530718,0.));
#16198 = VECTOR('',#16199,1.);
#16199 = DIRECTION('',(-0.,-1.));
#16200 = ( GEOMETRIC_REPRESENTATION_CONTEXT(2) 
PARAMETRIC_REPRESENTATION_CONTEXT() REPRESENTATION_CONTEXT('2D SPACE',''
  ) );
#16201 = PCURVE('',#14020,#16202);
#16202 = DEFINITIONAL_REPRESENTATION('',(#16203),#16207);
#16203 = LINE('',#16204,#16205);
#16204 = CARTESIAN_POINT('',(-0.,0.));
#16205 = VECTOR('',#16206,1.);
#16206 = DIRECTION('',(-0.,-1.));
#16207 = ( GEOMETRIC_REPRESENTATION_CONTEXT(2) 
PARAMETRIC_REPRESENTATION_CONTEXT() REPRESENTATION_CONTEXT('2D SPACE',''
  ) );
#16208 = ORIENTED_EDGE('',*,*,#13999,.F.);
#16209 = ORIENTED_EDGE('',*,*,#16188,.F.);
#16210 = ADVANCED_FACE('',(#16211),#14055,.F.);
#16211 = FACE_BOUND('',#16212,.T.);
#16212 = EDGE_LOOP('',(#16213,#16214,#16235,#16236));
#16213 = ORIENTED_EDGE('',*,*,#15069,.T.);
#16214 = ORIENTED_EDGE('',*,*,#16215,.T.);
#16215 = EDGE_CURVE('',#15070,#14035,#16216,.T.);
#16216 = SEAM_CURVE('',#16217,(#16221,#16228),.PCURVE_S1.);
#16217 = LINE('',#16218,#16219);
#16218 = CARTESIAN_POINT('',(93.875,88.5,4.));
#16219 = VECTOR('',#16220,1.);
#16220 = DIRECTION('',(0.,0.,1.));
#16221 = PCURVE('',#14055,#16222);
#16222 = DEFINITIONAL_REPRESENTATION('',(#16223),#16227);
#16223 = LINE('',#16224,#16225);
#16224 = CARTESIAN_POINT('',(-6.28318530718,0.));
#16225 = VECTOR('',#16226,1.);
#16226 = DIRECTION('',(-0.,-1.));
#16227 = ( GEOMETRIC_REPRESENTATION_CONTEXT(2) 
PARAMETRIC_REPRESENTATION_CONTEXT() REPRESENTATION_CONTEXT('2D SPACE',''
  ) );
#16228 = PCURVE('',#14055,#16229);
#16229 = DEFINITIONAL_REPRESENTATION('',(#16230),#16234);
#16230 = LINE('',#16231,#16232);
#16231 = CARTESIAN_POINT('',(-0.,0.));
#16232 = VECTOR('',#16233,1.);
#16233 = DIRECTION('',(-0.,-1.));
#16234 = ( GEOMETRIC_REPRESENTATION_CONTEXT(2) 
PARAMETRIC_REPRESENTATION_CONTEXT() REPRESENTATION_CONTEXT('2D SPACE',''
  ) );
#16235 = ORIENTED_EDGE('',*,*,#14034,.F.);
#16236 = ORIENTED_EDGE('',*,*,#16215,.F.);
#16237 = ( GEOMETRIC_REPRESENTATION_CONTEXT(3) 
GLOBAL_UNCERTAINTY_ASSIGNED_CONTEXT((#16241)) 
GLOBAL_UNIT_ASSIGNED_CONTEXT((#16238,#16239,#16240)) 
REPRESENTATION_CONTEXT('Context #1',
  '3D Context with UNIT and UNCERTAINTY') );
#16238 = ( LENGTH_UNIT() NAMED_UNIT(*) SI_UNIT(.MILLI.,.METRE.) );
#16239 = ( NAMED_UNIT(*) PLANE_ANGLE_UNIT() SI_UNIT($,.RADIAN.) );
#16240 = ( NAMED_UNIT(*) SI_UNIT($,.STERADIAN.) SOLID_ANGLE_UNIT() );
#16241 = UNCERTAINTY_MEASURE_WITH_UNIT(LENGTH_MEASURE(1.E-07),#16238,
  'distance_accuracy_value','confusion accuracy');
#16242 = CONTEXT_DEPENDENT_SHAPE_REPRESENTATION(#16243,#16245);
#16243 = ( REPRESENTATION_RELATIONSHIP('','',#12654,#10) 
REPRESENTATION_RELATIONSHIP_WITH_TRANSFORMATION(#16244) 
SHAPE_REPRESENTATION_RELATIONSHIP() );
#16244 = ITEM_DEFINED_TRANSFORMATION('','',#11,#55);
#16245 = PRODUCT_DEFINITION_SHAPE('Placement','Placement of an item',
  #16246);
#16246 = NEXT_ASSEMBLY_USAGE_OCCURRENCE('19','3mm switch deck','',#5,
  #12649,$);
#16247 = PRODUCT_RELATED_PRODUCT_CATEGORY('part',$,(#12651));
#16248 = SHAPE_DEFINITION_REPRESENTATION(#16249,#16255);
#16249 = PRODUCT_DEFINITION_SHAPE('','',#16250);
#16250 = PRODUCT_DEFINITION('design','',#16251,#16254);
#16251 = PRODUCT_DEFINITION_FORMATION('','',#16252);
#16252 = PRODUCT('3mm display flap - open position',
  '3mm display flap - open position','',(#16253));
#16253 = PRODUCT_CONTEXT('',#2,'mechanical');
#16254 = PRODUCT_DEFINITION_CONTEXT('part definition',#2,'design');
#16255 = ADVANCED_BREP_SHAPE_REPRESENTATION('',(#11,#16256),#16586);
#16256 = MANIFOLD_SOLID_BREP('',#16257);
#16257 = CLOSED_SHELL('',(#16258,#16378,#16478,#16525,#16572,#16579));
#16258 = ADVANCED_FACE('',(#16259),#16273,.F.);
#16259 = FACE_BOUND('',#16260,.F.);
#16260 = EDGE_LOOP('',(#16261,#16296,#16324,#16352));
#16261 = ORIENTED_EDGE('',*,*,#16262,.F.);
#16262 = EDGE_CURVE('',#16263,#16265,#16267,.T.);
#16263 = VERTEX_POINT('',#16264);
#16264 = CARTESIAN_POINT('',(5.,91.5,5.));
#16265 = VERTEX_POINT('',#16266);
#16266 = CARTESIAN_POINT('',(5.,88.78107663889,6.267854785222));
#16267 = SURFACE_CURVE('',#16268,(#16272,#16284),.PCURVE_S1.);
#16268 = LINE('',#16269,#16270);
#16269 = CARTESIAN_POINT('',(5.,91.5,5.));
#16270 = VECTOR('',#16271,1.);
#16271 = DIRECTION('',(0.,-0.906307787037,0.422618261741));
#16272 = PCURVE('',#16273,#16278);
#16273 = PLANE('',#16274);
#16274 = AXIS2_PLACEMENT_3D('',#16275,#16276,#16277);
#16275 = CARTESIAN_POINT('',(5.,91.5,5.));
#16276 = DIRECTION('',(1.,0.,0.));
#16277 = DIRECTION('',(0.,-0.906307787037,0.422618261741));
#16278 = DEFINITIONAL_REPRESENTATION('',(#16279),#16283);
#16279 = LINE('',#16280,#16281);
#16280 = CARTESIAN_POINT('',(0.,0.));
#16281 = VECTOR('',#16282,1.);
#16282 = DIRECTION('',(1.,0.));
#16283 = ( GEOMETRIC_REPRESENTATION_CONTEXT(2) 
PARAMETRIC_REPRESENTATION_CONTEXT() REPRESENTATION_CONTEXT('2D SPACE',''
  ) );
#16284 = PCURVE('',#16285,#16290);
#16285 = PLANE('',#16286);
#16286 = AXIS2_PLACEMENT_3D('',#16287,#16288,#16289);
#16287 = CARTESIAN_POINT('',(5.,91.5,5.));
#16288 = DIRECTION('',(0.,0.422618261741,0.906307787037));
#16289 = DIRECTION('',(0.,-0.906307787037,0.422618261741));
#16290 = DEFINITIONAL_REPRESENTATION('',(#16291),#16295);
#16291 = LINE('',#16292,#16293);
#16292 = CARTESIAN_POINT('',(0.,0.));
#16293 = VECTOR('',#16294,1.);
#16294 = DIRECTION('',(1.,0.));
#16295 = ( GEOMETRIC_REPRESENTATION_CONTEXT(2) 
PARAMETRIC_REPRESENTATION_CONTEXT() REPRESENTATION_CONTEXT('2D SPACE',''
  ) );
#16296 = ORIENTED_EDGE('',*,*,#16297,.T.);
#16297 = EDGE_CURVE('',#16263,#16298,#16300,.T.);
#16298 = VERTEX_POINT('',#16299);
#16299 = CARTESIAN_POINT('',(5.,114.74400439573,54.846928287016));
#16300 = SURFACE_CURVE('',#16301,(#16305,#16312),.PCURVE_S1.);
#16301 = LINE('',#16302,#16303);
#16302 = CARTESIAN_POINT('',(5.,91.5,5.));
#16303 = VECTOR('',#16304,1.);
#16304 = DIRECTION('',(0.,0.422618261741,0.906307787037));
#16305 = PCURVE('',#16273,#16306);
#16306 = DEFINITIONAL_REPRESENTATION('',(#16307),#16311);
#16307 = LINE('',#16308,#16309);
#16308 = CARTESIAN_POINT('',(0.,0.));
#16309 = VECTOR('',#16310,1.);
#16310 = DIRECTION('',(0.,-1.));
#16311 = ( GEOMETRIC_REPRESENTATION_CONTEXT(2) 
PARAMETRIC_REPRESENTATION_CONTEXT() REPRESENTATION_CONTEXT('2D SPACE',''
  ) );
#16312 = PCURVE('',#16313,#16318);
#16313 = PLANE('',#16314);
#16314 = AXIS2_PLACEMENT_3D('',#16315,#16316,#16317);
#16315 = CARTESIAN_POINT('',(5.,91.5,5.));
#16316 = DIRECTION('',(0.,-0.906307787037,0.422618261741));
#16317 = DIRECTION('',(1.,0.,0.));
#16318 = DEFINITIONAL_REPRESENTATION('',(#16319),#16323);
#16319 = LINE('',#16320,#16321);
#16320 = CARTESIAN_POINT('',(0.,0.));
#16321 = VECTOR('',#16322,1.);
#16322 = DIRECTION('',(0.,1.));
#16323 = ( GEOMETRIC_REPRESENTATION_CONTEXT(2) 
PARAMETRIC_REPRESENTATION_CONTEXT() REPRESENTATION_CONTEXT('2D SPACE',''
  ) );
#16324 = ORIENTED_EDGE('',*,*,#16325,.T.);
#16325 = EDGE_CURVE('',#16298,#16326,#16328,.T.);
#16326 = VERTEX_POINT('',#16327);
#16327 = CARTESIAN_POINT('',(5.,112.02508103462,56.114783072238));
#16328 = SURFACE_CURVE('',#16329,(#16333,#16340),.PCURVE_S1.);
#16329 = LINE('',#16330,#16331);
#16330 = CARTESIAN_POINT('',(5.,114.74400439573,54.846928287016));
#16331 = VECTOR('',#16332,1.);
#16332 = DIRECTION('',(0.,-0.906307787037,0.422618261741));
#16333 = PCURVE('',#16273,#16334);
#16334 = DEFINITIONAL_REPRESENTATION('',(#16335),#16339);
#16335 = LINE('',#16336,#16337);
#16336 = CARTESIAN_POINT('',(0.,-55.));
#16337 = VECTOR('',#16338,1.);
#16338 = DIRECTION('',(1.,0.));
#16339 = ( GEOMETRIC_REPRESENTATION_CONTEXT(2) 
PARAMETRIC_REPRESENTATION_CONTEXT() REPRESENTATION_CONTEXT('2D SPACE',''
  ) );
#16340 = PCURVE('',#16341,#16346);
#16341 = PLANE('',#16342);
#16342 = AXIS2_PLACEMENT_3D('',#16343,#16344,#16345);
#16343 = CARTESIAN_POINT('',(5.,114.74400439573,54.846928287016));
#16344 = DIRECTION('',(0.,0.422618261741,0.906307787037));
#16345 = DIRECTION('',(0.,-0.906307787037,0.422618261741));
#16346 = DEFINITIONAL_REPRESENTATION('',(#16347),#16351);
#16347 = LINE('',#16348,#16349);
#16348 = CARTESIAN_POINT('',(0.,0.));
#16349 = VECTOR('',#16350,1.);
#16350 = DIRECTION('',(1.,0.));
#16351 = ( GEOMETRIC_REPRESENTATION_CONTEXT(2) 
PARAMETRIC_REPRESENTATION_CONTEXT() REPRESENTATION_CONTEXT('2D SPACE',''
  ) );
#16352 = ORIENTED_EDGE('',*,*,#16353,.F.);
#16353 = EDGE_CURVE('',#16265,#16326,#16354,.T.);
#16354 = SURFACE_CURVE('',#16355,(#16359,#16366),.PCURVE_S1.);
#16355 = LINE('',#16356,#16357);
#16356 = CARTESIAN_POINT('',(5.,88.78107663889,6.267854785222));
#16357 = VECTOR('',#16358,1.);
#16358 = DIRECTION('',(0.,0.422618261741,0.906307787037));
#16359 = PCURVE('',#16273,#16360);
#16360 = DEFINITIONAL_REPRESENTATION('',(#16361),#16365);
#16361 = LINE('',#16362,#16363);
#16362 = CARTESIAN_POINT('',(3.,-2.6645352591E-15));
#16363 = VECTOR('',#16364,1.);
#16364 = DIRECTION('',(0.,-1.));
#16365 = ( GEOMETRIC_REPRESENTATION_CONTEXT(2) 
PARAMETRIC_REPRESENTATION_CONTEXT() REPRESENTATION_CONTEXT('2D SPACE',''
  ) );
#16366 = PCURVE('',#16367,#16372);
#16367 = PLANE('',#16368);
#16368 = AXIS2_PLACEMENT_3D('',#16369,#16370,#16371);
#16369 = CARTESIAN_POINT('',(5.,88.78107663889,6.267854785222));
#16370 = DIRECTION('',(0.,-0.906307787037,0.422618261741));
#16371 = DIRECTION('',(1.,0.,0.));
#16372 = DEFINITIONAL_REPRESENTATION('',(#16373),#16377);
#16373 = LINE('',#16374,#16375);
#16374 = CARTESIAN_POINT('',(0.,0.));
#16375 = VECTOR('',#16376,1.);
#16376 = DIRECTION('',(0.,1.));
#16377 = ( GEOMETRIC_REPRESENTATION_CONTEXT(2) 
PARAMETRIC_REPRESENTATION_CONTEXT() REPRESENTATION_CONTEXT('2D SPACE',''
  ) );
#16378 = ADVANCED_FACE('',(#16379),#16393,.T.);
#16379 = FACE_BOUND('',#16380,.T.);
#16380 = EDGE_LOOP('',(#16381,#16411,#16434,#16457));
#16381 = ORIENTED_EDGE('',*,*,#16382,.F.);
#16382 = EDGE_CURVE('',#16383,#16385,#16387,.T.);
#16383 = VERTEX_POINT('',#16384);
#16384 = CARTESIAN_POINT('',(77.,91.5,5.));
#16385 = VERTEX_POINT('',#16386);
#16386 = CARTESIAN_POINT('',(77.,88.78107663889,6.267854785222));
#16387 = SURFACE_CURVE('',#16388,(#16392,#16404),.PCURVE_S1.);
#16388 = LINE('',#16389,#16390);
#16389 = CARTESIAN_POINT('',(77.,91.5,5.));
#16390 = VECTOR('',#16391,1.);
#16391 = DIRECTION('',(0.,-0.906307787037,0.422618261741));
#16392 = PCURVE('',#16393,#16398);
#16393 = PLANE('',#16394);
#16394 = AXIS2_PLACEMENT_3D('',#16395,#16396,#16397);
#16395 = CARTESIAN_POINT('',(77.,91.5,5.));
#16396 = DIRECTION('',(1.,0.,0.));
#16397 = DIRECTION('',(0.,-0.906307787037,0.422618261741));
#16398 = DEFINITIONAL_REPRESENTATION('',(#16399),#16403);
#16399 = LINE('',#16400,#16401);
#16400 = CARTESIAN_POINT('',(0.,0.));
#16401 = VECTOR('',#16402,1.);
#16402 = DIRECTION('',(1.,0.));
#16403 = ( GEOMETRIC_REPRESENTATION_CONTEXT(2) 
PARAMETRIC_REPRESENTATION_CONTEXT() REPRESENTATION_CONTEXT('2D SPACE',''
  ) );
#16404 = PCURVE('',#16285,#16405);
#16405 = DEFINITIONAL_REPRESENTATION('',(#16406),#16410);
#16406 = LINE('',#16407,#16408);
#16407 = CARTESIAN_POINT('',(0.,72.));
#16408 = VECTOR('',#16409,1.);
#16409 = DIRECTION('',(1.,0.));
#16410 = ( GEOMETRIC_REPRESENTATION_CONTEXT(2) 
PARAMETRIC_REPRESENTATION_CONTEXT() REPRESENTATION_CONTEXT('2D SPACE',''
  ) );
#16411 = ORIENTED_EDGE('',*,*,#16412,.T.);
#16412 = EDGE_CURVE('',#16383,#16413,#16415,.T.);
#16413 = VERTEX_POINT('',#16414);
#16414 = CARTESIAN_POINT('',(77.,114.74400439573,54.846928287016));
#16415 = SURFACE_CURVE('',#16416,(#16420,#16427),.PCURVE_S1.);
#16416 = LINE('',#16417,#16418);
#16417 = CARTESIAN_POINT('',(77.,91.5,5.));
#16418 = VECTOR('',#16419,1.);
#16419 = DIRECTION('',(0.,0.422618261741,0.906307787037));
#16420 = PCURVE('',#16393,#16421);
#16421 = DEFINITIONAL_REPRESENTATION('',(#16422),#16426);
#16422 = LINE('',#16423,#16424);
#16423 = CARTESIAN_POINT('',(0.,0.));
#16424 = VECTOR('',#16425,1.);
#16425 = DIRECTION('',(0.,-1.));
#16426 = ( GEOMETRIC_REPRESENTATION_CONTEXT(2) 
PARAMETRIC_REPRESENTATION_CONTEXT() REPRESENTATION_CONTEXT('2D SPACE',''
  ) );
#16427 = PCURVE('',#16313,#16428);
#16428 = DEFINITIONAL_REPRESENTATION('',(#16429),#16433);
#16429 = LINE('',#16430,#16431);
#16430 = CARTESIAN_POINT('',(72.,0.));
#16431 = VECTOR('',#16432,1.);
#16432 = DIRECTION('',(0.,1.));
#16433 = ( GEOMETRIC_REPRESENTATION_CONTEXT(2) 
PARAMETRIC_REPRESENTATION_CONTEXT() REPRESENTATION_CONTEXT('2D SPACE',''
  ) );
#16434 = ORIENTED_EDGE('',*,*,#16435,.T.);
#16435 = EDGE_CURVE('',#16413,#16436,#16438,.T.);
#16436 = VERTEX_POINT('',#16437);
#16437 = CARTESIAN_POINT('',(77.,112.02508103462,56.114783072238));
#16438 = SURFACE_CURVE('',#16439,(#16443,#16450),.PCURVE_S1.);
#16439 = LINE('',#16440,#16441);
#16440 = CARTESIAN_POINT('',(77.,114.74400439573,54.846928287016));
#16441 = VECTOR('',#16442,1.);
#16442 = DIRECTION('',(0.,-0.906307787037,0.422618261741));
#16443 = PCURVE('',#16393,#16444);
#16444 = DEFINITIONAL_REPRESENTATION('',(#16445),#16449);
#16445 = LINE('',#16446,#16447);
#16446 = CARTESIAN_POINT('',(0.,-55.));
#16447 = VECTOR('',#16448,1.);
#16448 = DIRECTION('',(1.,0.));
#16449 = ( GEOMETRIC_REPRESENTATION_CONTEXT(2) 
PARAMETRIC_REPRESENTATION_CONTEXT() REPRESENTATION_CONTEXT('2D SPACE',''
  ) );
#16450 = PCURVE('',#16341,#16451);
#16451 = DEFINITIONAL_REPRESENTATION('',(#16452),#16456);
#16452 = LINE('',#16453,#16454);
#16453 = CARTESIAN_POINT('',(0.,72.));
#16454 = VECTOR('',#16455,1.);
#16455 = DIRECTION('',(1.,0.));
#16456 = ( GEOMETRIC_REPRESENTATION_CONTEXT(2) 
PARAMETRIC_REPRESENTATION_CONTEXT() REPRESENTATION_CONTEXT('2D SPACE',''
  ) );
#16457 = ORIENTED_EDGE('',*,*,#16458,.F.);
#16458 = EDGE_CURVE('',#16385,#16436,#16459,.T.);
#16459 = SURFACE_CURVE('',#16460,(#16464,#16471),.PCURVE_S1.);
#16460 = LINE('',#16461,#16462);
#16461 = CARTESIAN_POINT('',(77.,88.78107663889,6.267854785222));
#16462 = VECTOR('',#16463,1.);
#16463 = DIRECTION('',(0.,0.422618261741,0.906307787037));
#16464 = PCURVE('',#16393,#16465);
#16465 = DEFINITIONAL_REPRESENTATION('',(#16466),#16470);
#16466 = LINE('',#16467,#16468);
#16467 = CARTESIAN_POINT('',(3.,-2.6645352591E-15));
#16468 = VECTOR('',#16469,1.);
#16469 = DIRECTION('',(0.,-1.));
#16470 = ( GEOMETRIC_REPRESENTATION_CONTEXT(2) 
PARAMETRIC_REPRESENTATION_CONTEXT() REPRESENTATION_CONTEXT('2D SPACE',''
  ) );
#16471 = PCURVE('',#16367,#16472);
#16472 = DEFINITIONAL_REPRESENTATION('',(#16473),#16477);
#16473 = LINE('',#16474,#16475);
#16474 = CARTESIAN_POINT('',(72.,0.));
#16475 = VECTOR('',#16476,1.);
#16476 = DIRECTION('',(0.,1.));
#16477 = ( GEOMETRIC_REPRESENTATION_CONTEXT(2) 
PARAMETRIC_REPRESENTATION_CONTEXT() REPRESENTATION_CONTEXT('2D SPACE',''
  ) );
#16478 = ADVANCED_FACE('',(#16479),#16285,.F.);
#16479 = FACE_BOUND('',#16480,.F.);
#16480 = EDGE_LOOP('',(#16481,#16502,#16503,#16524));
#16481 = ORIENTED_EDGE('',*,*,#16482,.F.);
#16482 = EDGE_CURVE('',#16263,#16383,#16483,.T.);
#16483 = SURFACE_CURVE('',#16484,(#16488,#16495),.PCURVE_S1.);
#16484 = LINE('',#16485,#16486);
#16485 = CARTESIAN_POINT('',(5.,91.5,5.));
#16486 = VECTOR('',#16487,1.);
#16487 = DIRECTION('',(1.,0.,0.));
#16488 = PCURVE('',#16285,#16489);
#16489 = DEFINITIONAL_REPRESENTATION('',(#16490),#16494);
#16490 = LINE('',#16491,#16492);
#16491 = CARTESIAN_POINT('',(0.,0.));
#16492 = VECTOR('',#16493,1.);
#16493 = DIRECTION('',(0.,1.));
#16494 = ( GEOMETRIC_REPRESENTATION_CONTEXT(2) 
PARAMETRIC_REPRESENTATION_CONTEXT() REPRESENTATION_CONTEXT('2D SPACE',''
  ) );
#16495 = PCURVE('',#16313,#16496);
#16496 = DEFINITIONAL_REPRESENTATION('',(#16497),#16501);
#16497 = LINE('',#16498,#16499);
#16498 = CARTESIAN_POINT('',(0.,0.));
#16499 = VECTOR('',#16500,1.);
#16500 = DIRECTION('',(1.,0.));
#16501 = ( GEOMETRIC_REPRESENTATION_CONTEXT(2) 
PARAMETRIC_REPRESENTATION_CONTEXT() REPRESENTATION_CONTEXT('2D SPACE',''
  ) );
#16502 = ORIENTED_EDGE('',*,*,#16262,.T.);
#16503 = ORIENTED_EDGE('',*,*,#16504,.T.);
#16504 = EDGE_CURVE('',#16265,#16385,#16505,.T.);
#16505 = SURFACE_CURVE('',#16506,(#16510,#16517),.PCURVE_S1.);
#16506 = LINE('',#16507,#16508);
#16507 = CARTESIAN_POINT('',(5.,88.78107663889,6.267854785222));
#16508 = VECTOR('',#16509,1.);
#16509 = DIRECTION('',(1.,0.,0.));
#16510 = PCURVE('',#16285,#16511);
#16511 = DEFINITIONAL_REPRESENTATION('',(#16512),#16516);
#16512 = LINE('',#16513,#16514);
#16513 = CARTESIAN_POINT('',(3.,0.));
#16514 = VECTOR('',#16515,1.);
#16515 = DIRECTION('',(0.,1.));
#16516 = ( GEOMETRIC_REPRESENTATION_CONTEXT(2) 
PARAMETRIC_REPRESENTATION_CONTEXT() REPRESENTATION_CONTEXT('2D SPACE',''
  ) );
#16517 = PCURVE('',#16367,#16518);
#16518 = DEFINITIONAL_REPRESENTATION('',(#16519),#16523);
#16519 = LINE('',#16520,#16521);
#16520 = CARTESIAN_POINT('',(0.,0.));
#16521 = VECTOR('',#16522,1.);
#16522 = DIRECTION('',(1.,0.));
#16523 = ( GEOMETRIC_REPRESENTATION_CONTEXT(2) 
PARAMETRIC_REPRESENTATION_CONTEXT() REPRESENTATION_CONTEXT('2D SPACE',''
  ) );
#16524 = ORIENTED_EDGE('',*,*,#16382,.F.);
#16525 = ADVANCED_FACE('',(#16526),#16341,.T.);
#16526 = FACE_BOUND('',#16527,.T.);
#16527 = EDGE_LOOP('',(#16528,#16549,#16550,#16571));
#16528 = ORIENTED_EDGE('',*,*,#16529,.F.);
#16529 = EDGE_CURVE('',#16298,#16413,#16530,.T.);
#16530 = SURFACE_CURVE('',#16531,(#16535,#16542),.PCURVE_S1.);
#16531 = LINE('',#16532,#16533);
#16532 = CARTESIAN_POINT('',(5.,114.74400439573,54.846928287016));
#16533 = VECTOR('',#16534,1.);
#16534 = DIRECTION('',(1.,0.,0.));
#16535 = PCURVE('',#16341,#16536);
#16536 = DEFINITIONAL_REPRESENTATION('',(#16537),#16541);
#16537 = LINE('',#16538,#16539);
#16538 = CARTESIAN_POINT('',(0.,0.));
#16539 = VECTOR('',#16540,1.);
#16540 = DIRECTION('',(0.,1.));
#16541 = ( GEOMETRIC_REPRESENTATION_CONTEXT(2) 
PARAMETRIC_REPRESENTATION_CONTEXT() REPRESENTATION_CONTEXT('2D SPACE',''
  ) );
#16542 = PCURVE('',#16313,#16543);
#16543 = DEFINITIONAL_REPRESENTATION('',(#16544),#16548);
#16544 = LINE('',#16545,#16546);
#16545 = CARTESIAN_POINT('',(0.,55.));
#16546 = VECTOR('',#16547,1.);
#16547 = DIRECTION('',(1.,0.));
#16548 = ( GEOMETRIC_REPRESENTATION_CONTEXT(2) 
PARAMETRIC_REPRESENTATION_CONTEXT() REPRESENTATION_CONTEXT('2D SPACE',''
  ) );
#16549 = ORIENTED_EDGE('',*,*,#16325,.T.);
#16550 = ORIENTED_EDGE('',*,*,#16551,.T.);
#16551 = EDGE_CURVE('',#16326,#16436,#16552,.T.);
#16552 = SURFACE_CURVE('',#16553,(#16557,#16564),.PCURVE_S1.);
#16553 = LINE('',#16554,#16555);
#16554 = CARTESIAN_POINT('',(5.,112.02508103462,56.114783072238));
#16555 = VECTOR('',#16556,1.);
#16556 = DIRECTION('',(1.,0.,0.));
#16557 = PCURVE('',#16341,#16558);
#16558 = DEFINITIONAL_REPRESENTATION('',(#16559),#16563);
#16559 = LINE('',#16560,#16561);
#16560 = CARTESIAN_POINT('',(3.,0.));
#16561 = VECTOR('',#16562,1.);
#16562 = DIRECTION('',(0.,1.));
#16563 = ( GEOMETRIC_REPRESENTATION_CONTEXT(2) 
PARAMETRIC_REPRESENTATION_CONTEXT() REPRESENTATION_CONTEXT('2D SPACE',''
  ) );
#16564 = PCURVE('',#16367,#16565);
#16565 = DEFINITIONAL_REPRESENTATION('',(#16566),#16570);
#16566 = LINE('',#16567,#16568);
#16567 = CARTESIAN_POINT('',(0.,55.));
#16568 = VECTOR('',#16569,1.);
#16569 = DIRECTION('',(1.,0.));
#16570 = ( GEOMETRIC_REPRESENTATION_CONTEXT(2) 
PARAMETRIC_REPRESENTATION_CONTEXT() REPRESENTATION_CONTEXT('2D SPACE',''
  ) );
#16571 = ORIENTED_EDGE('',*,*,#16435,.F.);
#16572 = ADVANCED_FACE('',(#16573),#16313,.F.);
#16573 = FACE_BOUND('',#16574,.F.);
#16574 = EDGE_LOOP('',(#16575,#16576,#16577,#16578));
#16575 = ORIENTED_EDGE('',*,*,#16297,.F.);
#16576 = ORIENTED_EDGE('',*,*,#16482,.T.);
#16577 = ORIENTED_EDGE('',*,*,#16412,.T.);
#16578 = ORIENTED_EDGE('',*,*,#16529,.F.);
#16579 = ADVANCED_FACE('',(#16580),#16367,.T.);
#16580 = FACE_BOUND('',#16581,.T.);
#16581 = EDGE_LOOP('',(#16582,#16583,#16584,#16585));
#16582 = ORIENTED_EDGE('',*,*,#16353,.F.);
#16583 = ORIENTED_EDGE('',*,*,#16504,.T.);
#16584 = ORIENTED_EDGE('',*,*,#16458,.T.);
#16585 = ORIENTED_EDGE('',*,*,#16551,.F.);
#16586 = ( GEOMETRIC_REPRESENTATION_CONTEXT(3) 
GLOBAL_UNCERTAINTY_ASSIGNED_CONTEXT((#16590)) 
GLOBAL_UNIT_ASSIGNED_CONTEXT((#16587,#16588,#16589)) 
REPRESENTATION_CONTEXT('Context #1',
  '3D Context with UNIT and UNCERTAINTY') );
#16587 = ( LENGTH_UNIT() NAMED_UNIT(*) SI_UNIT(.MILLI.,.METRE.) );
#16588 = ( NAMED_UNIT(*) PLANE_ANGLE_UNIT() SI_UNIT($,.RADIAN.) );
#16589 = ( NAMED_UNIT(*) SI_UNIT($,.STERADIAN.) SOLID_ANGLE_UNIT() );
#16590 = UNCERTAINTY_MEASURE_WITH_UNIT(LENGTH_MEASURE(1.E-07),#16587,
  'distance_accuracy_value','confusion accuracy');
#16591 = CONTEXT_DEPENDENT_SHAPE_REPRESENTATION(#16592,#16594);
#16592 = ( REPRESENTATION_RELATIONSHIP('','',#16255,#10) 
REPRESENTATION_RELATIONSHIP_WITH_TRANSFORMATION(#16593) 
SHAPE_REPRESENTATION_RELATIONSHIP() );
#16593 = ITEM_DEFINED_TRANSFORMATION('','',#11,#59);
#16594 = PRODUCT_DEFINITION_SHAPE('Placement','Placement of an item',
  #16595);
#16595 = NEXT_ASSEMBLY_USAGE_OCCURRENCE('20',
  '3mm display flap - open position','',#5,#16250,$);
#16596 = PRODUCT_RELATED_PRODUCT_CATEGORY('part',$,(#16252));
#16597 = SHAPE_DEFINITION_REPRESENTATION(#16598,#16604);
#16598 = PRODUCT_DEFINITION_SHAPE('','',#16599);
#16599 = PRODUCT_DEFINITION('design','',#16600,#16603);
#16600 = PRODUCT_DEFINITION_FORMATION('','',#16601);
#16601 = PRODUCT('Illustrative spacer 1','Illustrative spacer 1','',(
    #16602));
#16602 = PRODUCT_CONTEXT('',#2,'mechanical');
#16603 = PRODUCT_DEFINITION_CONTEXT('part definition',#2,'design');
#16604 = ADVANCED_BREP_SHAPE_REPRESENTATION('',(#11,#16605),#16787);
#16605 = MANIFOLD_SOLID_BREP('',#16606);
#16606 = CLOSED_SHELL('',(#16607,#16695,#16773,#16780));
#16607 = ADVANCED_FACE('',(#16608),#16622,.T.);
#16608 = FACE_BOUND('',#16609,.F.);
#16609 = EDGE_LOOP('',(#16610,#16640,#16667,#16668));
#16610 = ORIENTED_EDGE('',*,*,#16611,.T.);
#16611 = EDGE_CURVE('',#16612,#16614,#16616,.T.);
#16612 = VERTEX_POINT('',#16613);
#16613 = CARTESIAN_POINT('',(5.25,88.75,-6.));
#16614 = VERTEX_POINT('',#16615);
#16615 = CARTESIAN_POINT('',(5.25,88.75,0.));
#16616 = SEAM_CURVE('',#16617,(#16621,#16633),.PCURVE_S1.);
#16617 = LINE('',#16618,#16619);
#16618 = CARTESIAN_POINT('',(5.25,88.75,-6.));
#16619 = VECTOR('',#16620,1.);
#16620 = DIRECTION('',(0.,0.,1.));
#16621 = PCURVE('',#16622,#16627);
#16622 = CYLINDRICAL_SURFACE('',#16623,2.5);
#16623 = AXIS2_PLACEMENT_3D('',#16624,#16625,#16626);
#16624 = CARTESIAN_POINT('',(2.75,88.75,-6.));
#16625 = DIRECTION('',(-0.,-0.,-1.));
#16626 = DIRECTION('',(1.,0.,0.));
#16627 = DEFINITIONAL_REPRESENTATION('',(#16628),#16632);
#16628 = LINE('',#16629,#16630);
#16629 = CARTESIAN_POINT('',(-0.,0.));
#16630 = VECTOR('',#16631,1.);
#16631 = DIRECTION('',(-0.,-1.));
#16632 = ( GEOMETRIC_REPRESENTATION_CONTEXT(2) 
PARAMETRIC_REPRESENTATION_CONTEXT() REPRESENTATION_CONTEXT('2D SPACE',''
  ) );
#16633 = PCURVE('',#16622,#16634);
#16634 = DEFINITIONAL_REPRESENTATION('',(#16635),#16639);
#16635 = LINE('',#16636,#16637);
#16636 = CARTESIAN_POINT('',(-6.28318530718,0.));
#16637 = VECTOR('',#16638,1.);
#16638 = DIRECTION('',(-0.,-1.));
#16639 = ( GEOMETRIC_REPRESENTATION_CONTEXT(2) 
PARAMETRIC_REPRESENTATION_CONTEXT() REPRESENTATION_CONTEXT('2D SPACE',''
  ) );
#16640 = ORIENTED_EDGE('',*,*,#16641,.T.);
#16641 = EDGE_CURVE('',#16614,#16614,#16642,.T.);
#16642 = SURFACE_CURVE('',#16643,(#16648,#16655),.PCURVE_S1.);
#16643 = CIRCLE('',#16644,2.5);
#16644 = AXIS2_PLACEMENT_3D('',#16645,#16646,#16647);
#16645 = CARTESIAN_POINT('',(2.75,88.75,0.));
#16646 = DIRECTION('',(0.,0.,1.));
#16647 = DIRECTION('',(1.,0.,0.));
#16648 = PCURVE('',#16622,#16649);
#16649 = DEFINITIONAL_REPRESENTATION('',(#16650),#16654);
#16650 = LINE('',#16651,#16652);
#16651 = CARTESIAN_POINT('',(-0.,-6.));
#16652 = VECTOR('',#16653,1.);
#16653 = DIRECTION('',(-1.,0.));
#16654 = ( GEOMETRIC_REPRESENTATION_CONTEXT(2) 
PARAMETRIC_REPRESENTATION_CONTEXT() REPRESENTATION_CONTEXT('2D SPACE',''
  ) );
#16655 = PCURVE('',#16656,#16661);
#16656 = PLANE('',#16657);
#16657 = AXIS2_PLACEMENT_3D('',#16658,#16659,#16660);
#16658 = CARTESIAN_POINT('',(2.75,88.75,0.));
#16659 = DIRECTION('',(0.,0.,1.));
#16660 = DIRECTION('',(1.,0.,-0.));
#16661 = DEFINITIONAL_REPRESENTATION('',(#16662),#16666);
#16662 = CIRCLE('',#16663,2.5);
#16663 = AXIS2_PLACEMENT_2D('',#16664,#16665);
#16664 = CARTESIAN_POINT('',(0.,0.));
#16665 = DIRECTION('',(1.,0.));
#16666 = ( GEOMETRIC_REPRESENTATION_CONTEXT(2) 
PARAMETRIC_REPRESENTATION_CONTEXT() REPRESENTATION_CONTEXT('2D SPACE',''
  ) );
#16667 = ORIENTED_EDGE('',*,*,#16611,.F.);
#16668 = ORIENTED_EDGE('',*,*,#16669,.F.);
#16669 = EDGE_CURVE('',#16612,#16612,#16670,.T.);
#16670 = SURFACE_CURVE('',#16671,(#16676,#16683),.PCURVE_S1.);
#16671 = CIRCLE('',#16672,2.5);
#16672 = AXIS2_PLACEMENT_3D('',#16673,#16674,#16675);
#16673 = CARTESIAN_POINT('',(2.75,88.75,-6.));
#16674 = DIRECTION('',(0.,0.,1.));
#16675 = DIRECTION('',(1.,0.,0.));
#16676 = PCURVE('',#16622,#16677);
#16677 = DEFINITIONAL_REPRESENTATION('',(#16678),#16682);
#16678 = LINE('',#16679,#16680);
#16679 = CARTESIAN_POINT('',(-0.,0.));
#16680 = VECTOR('',#16681,1.);
#16681 = DIRECTION('',(-1.,0.));
#16682 = ( GEOMETRIC_REPRESENTATION_CONTEXT(2) 
PARAMETRIC_REPRESENTATION_CONTEXT() REPRESENTATION_CONTEXT('2D SPACE',''
  ) );
#16683 = PCURVE('',#16684,#16689);
#16684 = PLANE('',#16685);
#16685 = AXIS2_PLACEMENT_3D('',#16686,#16687,#16688);
#16686 = CARTESIAN_POINT('',(2.75,88.75,-6.));
#16687 = DIRECTION('',(0.,0.,1.));
#16688 = DIRECTION('',(1.,0.,-0.));
#16689 = DEFINITIONAL_REPRESENTATION('',(#16690),#16694);
#16690 = CIRCLE('',#16691,2.5);
#16691 = AXIS2_PLACEMENT_2D('',#16692,#16693);
#16692 = CARTESIAN_POINT('',(0.,0.));
#16693 = DIRECTION('',(1.,0.));
#16694 = ( GEOMETRIC_REPRESENTATION_CONTEXT(2) 
PARAMETRIC_REPRESENTATION_CONTEXT() REPRESENTATION_CONTEXT('2D SPACE',''
  ) );
#16695 = ADVANCED_FACE('',(#16696),#16710,.F.);
#16696 = FACE_BOUND('',#16697,.T.);
#16697 = EDGE_LOOP('',(#16698,#16728,#16750,#16751));
#16698 = ORIENTED_EDGE('',*,*,#16699,.T.);
#16699 = EDGE_CURVE('',#16700,#16702,#16704,.T.);
#16700 = VERTEX_POINT('',#16701);
#16701 = CARTESIAN_POINT('',(3.85,88.75,-6.));
#16702 = VERTEX_POINT('',#16703);
#16703 = CARTESIAN_POINT('',(3.85,88.75,0.));
#16704 = SEAM_CURVE('',#16705,(#16709,#16721),.PCURVE_S1.);
#16705 = LINE('',#16706,#16707);
#16706 = CARTESIAN_POINT('',(3.85,88.75,-6.));
#16707 = VECTOR('',#16708,1.);
#16708 = DIRECTION('',(0.,0.,1.));
#16709 = PCURVE('',#16710,#16715);
#16710 = CYLINDRICAL_SURFACE('',#16711,1.1);
#16711 = AXIS2_PLACEMENT_3D('',#16712,#16713,#16714);
#16712 = CARTESIAN_POINT('',(2.75,88.75,-6.));
#16713 = DIRECTION('',(-0.,-0.,-1.));
#16714 = DIRECTION('',(1.,0.,0.));
#16715 = DEFINITIONAL_REPRESENTATION('',(#16716),#16720);
#16716 = LINE('',#16717,#16718);
#16717 = CARTESIAN_POINT('',(-0.,0.));
#16718 = VECTOR('',#16719,1.);
#16719 = DIRECTION('',(-0.,-1.));
#16720 = ( GEOMETRIC_REPRESENTATION_CONTEXT(2) 
PARAMETRIC_REPRESENTATION_CONTEXT() REPRESENTATION_CONTEXT('2D SPACE',''
  ) );
#16721 = PCURVE('',#16710,#16722);
#16722 = DEFINITIONAL_REPRESENTATION('',(#16723),#16727);
#16723 = LINE('',#16724,#16725);
#16724 = CARTESIAN_POINT('',(-6.28318530718,0.));
#16725 = VECTOR('',#16726,1.);
#16726 = DIRECTION('',(-0.,-1.));
#16727 = ( GEOMETRIC_REPRESENTATION_CONTEXT(2) 
PARAMETRIC_REPRESENTATION_CONTEXT() REPRESENTATION_CONTEXT('2D SPACE',''
  ) );
#16728 = ORIENTED_EDGE('',*,*,#16729,.T.);
#16729 = EDGE_CURVE('',#16702,#16702,#16730,.T.);
#16730 = SURFACE_CURVE('',#16731,(#16736,#16743),.PCURVE_S1.);
#16731 = CIRCLE('',#16732,1.1);
#16732 = AXIS2_PLACEMENT_3D('',#16733,#16734,#16735);
#16733 = CARTESIAN_POINT('',(2.75,88.75,0.));
#16734 = DIRECTION('',(0.,0.,1.));
#16735 = DIRECTION('',(1.,0.,0.));
#16736 = PCURVE('',#16710,#16737);
#16737 = DEFINITIONAL_REPRESENTATION('',(#16738),#16742);
#16738 = LINE('',#16739,#16740);
#16739 = CARTESIAN_POINT('',(-0.,-6.));
#16740 = VECTOR('',#16741,1.);
#16741 = DIRECTION('',(-1.,0.));
#16742 = ( GEOMETRIC_REPRESENTATION_CONTEXT(2) 
PARAMETRIC_REPRESENTATION_CONTEXT() REPRESENTATION_CONTEXT('2D SPACE',''
  ) );
#16743 = PCURVE('',#16656,#16744);
#16744 = DEFINITIONAL_REPRESENTATION('',(#16745),#16749);
#16745 = CIRCLE('',#16746,1.1);
#16746 = AXIS2_PLACEMENT_2D('',#16747,#16748);
#16747 = CARTESIAN_POINT('',(1.199040866595E-14,0.));
#16748 = DIRECTION('',(1.,0.));
#16749 = ( GEOMETRIC_REPRESENTATION_CONTEXT(2) 
PARAMETRIC_REPRESENTATION_CONTEXT() REPRESENTATION_CONTEXT('2D SPACE',''
  ) );
#16750 = ORIENTED_EDGE('',*,*,#16699,.F.);
#16751 = ORIENTED_EDGE('',*,*,#16752,.F.);
#16752 = EDGE_CURVE('',#16700,#16700,#16753,.T.);
#16753 = SURFACE_CURVE('',#16754,(#16759,#16766),.PCURVE_S1.);
#16754 = CIRCLE('',#16755,1.1);
#16755 = AXIS2_PLACEMENT_3D('',#16756,#16757,#16758);
#16756 = CARTESIAN_POINT('',(2.75,88.75,-6.));
#16757 = DIRECTION('',(0.,0.,1.));
#16758 = DIRECTION('',(1.,0.,0.));
#16759 = PCURVE('',#16710,#16760);
#16760 = DEFINITIONAL_REPRESENTATION('',(#16761),#16765);
#16761 = LINE('',#16762,#16763);
#16762 = CARTESIAN_POINT('',(-0.,0.));
#16763 = VECTOR('',#16764,1.);
#16764 = DIRECTION('',(-1.,0.));
#16765 = ( GEOMETRIC_REPRESENTATION_CONTEXT(2) 
PARAMETRIC_REPRESENTATION_CONTEXT() REPRESENTATION_CONTEXT('2D SPACE',''
  ) );
#16766 = PCURVE('',#16684,#16767);
#16767 = DEFINITIONAL_REPRESENTATION('',(#16768),#16772);
#16768 = CIRCLE('',#16769,1.1);
#16769 = AXIS2_PLACEMENT_2D('',#16770,#16771);
#16770 = CARTESIAN_POINT('',(1.199040866595E-14,0.));
#16771 = DIRECTION('',(1.,0.));
#16772 = ( GEOMETRIC_REPRESENTATION_CONTEXT(2) 
PARAMETRIC_REPRESENTATION_CONTEXT() REPRESENTATION_CONTEXT('2D SPACE',''
  ) );
#16773 = ADVANCED_FACE('',(#16774,#16777),#16684,.F.);
#16774 = FACE_BOUND('',#16775,.F.);
#16775 = EDGE_LOOP('',(#16776));
#16776 = ORIENTED_EDGE('',*,*,#16669,.T.);
#16777 = FACE_BOUND('',#16778,.F.);
#16778 = EDGE_LOOP('',(#16779));
#16779 = ORIENTED_EDGE('',*,*,#16752,.F.);
#16780 = ADVANCED_FACE('',(#16781,#16784),#16656,.T.);
#16781 = FACE_BOUND('',#16782,.T.);
#16782 = EDGE_LOOP('',(#16783));
#16783 = ORIENTED_EDGE('',*,*,#16641,.T.);
#16784 = FACE_BOUND('',#16785,.T.);
#16785 = EDGE_LOOP('',(#16786));
#16786 = ORIENTED_EDGE('',*,*,#16729,.F.);
#16787 = ( GEOMETRIC_REPRESENTATION_CONTEXT(3) 
GLOBAL_UNCERTAINTY_ASSIGNED_CONTEXT((#16791)) 
GLOBAL_UNIT_ASSIGNED_CONTEXT((#16788,#16789,#16790)) 
REPRESENTATION_CONTEXT('Context #1',
  '3D Context with UNIT and UNCERTAINTY') );
#16788 = ( LENGTH_UNIT() NAMED_UNIT(*) SI_UNIT(.MILLI.,.METRE.) );
#16789 = ( NAMED_UNIT(*) PLANE_ANGLE_UNIT() SI_UNIT($,.RADIAN.) );
#16790 = ( NAMED_UNIT(*) SI_UNIT($,.STERADIAN.) SOLID_ANGLE_UNIT() );
#16791 = UNCERTAINTY_MEASURE_WITH_UNIT(LENGTH_MEASURE(1.E-07),#16788,
  'distance_accuracy_value','confusion accuracy');
#16792 = CONTEXT_DEPENDENT_SHAPE_REPRESENTATION(#16793,#16795);
#16793 = ( REPRESENTATION_RELATIONSHIP('','',#16604,#10) 
REPRESENTATION_RELATIONSHIP_WITH_TRANSFORMATION(#16794) 
SHAPE_REPRESENTATION_RELATIONSHIP() );
#16794 = ITEM_DEFINED_TRANSFORMATION('','',#11,#63);
#16795 = PRODUCT_DEFINITION_SHAPE('Placement','Placement of an item',
  #16796);
#16796 = NEXT_ASSEMBLY_USAGE_OCCURRENCE('21','Illustrative spacer 1','',
  #5,#16599,$);
#16797 = PRODUCT_RELATED_PRODUCT_CATEGORY('part',$,(#16601));
#16798 = SHAPE_DEFINITION_REPRESENTATION(#16799,#16805);
#16799 = PRODUCT_DEFINITION_SHAPE('','',#16800);
#16800 = PRODUCT_DEFINITION('design','',#16801,#16804);
#16801 = PRODUCT_DEFINITION_FORMATION('','',#16802);
#16802 = PRODUCT('Illustrative spacer 2','Illustrative spacer 2','',(
    #16803));
#16803 = PRODUCT_CONTEXT('',#2,'mechanical');
#16804 = PRODUCT_DEFINITION_CONTEXT('part definition',#2,'design');
#16805 = ADVANCED_BREP_SHAPE_REPRESENTATION('',(#11,#16806),#16988);
#16806 = MANIFOLD_SOLID_BREP('',#16807);
#16807 = CLOSED_SHELL('',(#16808,#16896,#16974,#16981));
#16808 = ADVANCED_FACE('',(#16809),#16823,.T.);
#16809 = FACE_BOUND('',#16810,.F.);
#16810 = EDGE_LOOP('',(#16811,#16841,#16868,#16869));
#16811 = ORIENTED_EDGE('',*,*,#16812,.T.);
#16812 = EDGE_CURVE('',#16813,#16815,#16817,.T.);
#16813 = VERTEX_POINT('',#16814);
#16814 = CARTESIAN_POINT('',(95.25,88.5,-6.));
#16815 = VERTEX_POINT('',#16816);
#16816 = CARTESIAN_POINT('',(95.25,88.5,0.));
#16817 = SEAM_CURVE('',#16818,(#16822,#16834),.PCURVE_S1.);
#16818 = LINE('',#16819,#16820);
#16819 = CARTESIAN_POINT('',(95.25,88.5,-6.));
#16820 = VECTOR('',#16821,1.);
#16821 = DIRECTION('',(0.,0.,1.));
#16822 = PCURVE('',#16823,#16828);
#16823 = CYLINDRICAL_SURFACE('',#16824,2.5);
#16824 = AXIS2_PLACEMENT_3D('',#16825,#16826,#16827);
#16825 = CARTESIAN_POINT('',(92.75,88.5,-6.));
#16826 = DIRECTION('',(-0.,-0.,-1.));
#16827 = DIRECTION('',(1.,0.,0.));
#16828 = DEFINITIONAL_REPRESENTATION('',(#16829),#16833);
#16829 = LINE('',#16830,#16831);
#16830 = CARTESIAN_POINT('',(-0.,0.));
#16831 = VECTOR('',#16832,1.);
#16832 = DIRECTION('',(-0.,-1.));
#16833 = ( GEOMETRIC_REPRESENTATION_CONTEXT(2) 
PARAMETRIC_REPRESENTATION_CONTEXT() REPRESENTATION_CONTEXT('2D SPACE',''
  ) );
#16834 = PCURVE('',#16823,#16835);
#16835 = DEFINITIONAL_REPRESENTATION('',(#16836),#16840);
#16836 = LINE('',#16837,#16838);
#16837 = CARTESIAN_POINT('',(-6.28318530718,0.));
#16838 = VECTOR('',#16839,1.);
#16839 = DIRECTION('',(-0.,-1.));
#16840 = ( GEOMETRIC_REPRESENTATION_CONTEXT(2) 
PARAMETRIC_REPRESENTATION_CONTEXT() REPRESENTATION_CONTEXT('2D SPACE',''
  ) );
#16841 = ORIENTED_EDGE('',*,*,#16842,.T.);
#16842 = EDGE_CURVE('',#16815,#16815,#16843,.T.);
#16843 = SURFACE_CURVE('',#16844,(#16849,#16856),.PCURVE_S1.);
#16844 = CIRCLE('',#16845,2.5);
#16845 = AXIS2_PLACEMENT_3D('',#16846,#16847,#16848);
#16846 = CARTESIAN_POINT('',(92.75,88.5,0.));
#16847 = DIRECTION('',(0.,0.,1.));
#16848 = DIRECTION('',(1.,0.,0.));
#16849 = PCURVE('',#16823,#16850);
#16850 = DEFINITIONAL_REPRESENTATION('',(#16851),#16855);
#16851 = LINE('',#16852,#16853);
#16852 = CARTESIAN_POINT('',(-0.,-6.));
#16853 = VECTOR('',#16854,1.);
#16854 = DIRECTION('',(-1.,0.));
#16855 = ( GEOMETRIC_REPRESENTATION_CONTEXT(2) 
PARAMETRIC_REPRESENTATION_CONTEXT() REPRESENTATION_CONTEXT('2D SPACE',''
  ) );
#16856 = PCURVE('',#16857,#16862);
#16857 = PLANE('',#16858);
#16858 = AXIS2_PLACEMENT_3D('',#16859,#16860,#16861);
#16859 = CARTESIAN_POINT('',(92.75,88.5,0.));
#16860 = DIRECTION('',(0.,0.,1.));
#16861 = DIRECTION('',(1.,0.,-0.));
#16862 = DEFINITIONAL_REPRESENTATION('',(#16863),#16867);
#16863 = CIRCLE('',#16864,2.5);
#16864 = AXIS2_PLACEMENT_2D('',#16865,#16866);
#16865 = CARTESIAN_POINT('',(0.,0.));
#16866 = DIRECTION('',(1.,0.));
#16867 = ( GEOMETRIC_REPRESENTATION_CONTEXT(2) 
PARAMETRIC_REPRESENTATION_CONTEXT() REPRESENTATION_CONTEXT('2D SPACE',''
  ) );
#16868 = ORIENTED_EDGE('',*,*,#16812,.F.);
#16869 = ORIENTED_EDGE('',*,*,#16870,.F.);
#16870 = EDGE_CURVE('',#16813,#16813,#16871,.T.);
#16871 = SURFACE_CURVE('',#16872,(#16877,#16884),.PCURVE_S1.);
#16872 = CIRCLE('',#16873,2.5);
#16873 = AXIS2_PLACEMENT_3D('',#16874,#16875,#16876);
#16874 = CARTESIAN_POINT('',(92.75,88.5,-6.));
#16875 = DIRECTION('',(0.,0.,1.));
#16876 = DIRECTION('',(1.,0.,0.));
#16877 = PCURVE('',#16823,#16878);
#16878 = DEFINITIONAL_REPRESENTATION('',(#16879),#16883);
#16879 = LINE('',#16880,#16881);
#16880 = CARTESIAN_POINT('',(-0.,0.));
#16881 = VECTOR('',#16882,1.);
#16882 = DIRECTION('',(-1.,0.));
#16883 = ( GEOMETRIC_REPRESENTATION_CONTEXT(2) 
PARAMETRIC_REPRESENTATION_CONTEXT() REPRESENTATION_CONTEXT('2D SPACE',''
  ) );
#16884 = PCURVE('',#16885,#16890);
#16885 = PLANE('',#16886);
#16886 = AXIS2_PLACEMENT_3D('',#16887,#16888,#16889);
#16887 = CARTESIAN_POINT('',(92.75,88.5,-6.));
#16888 = DIRECTION('',(0.,0.,1.));
#16889 = DIRECTION('',(1.,0.,-0.));
#16890 = DEFINITIONAL_REPRESENTATION('',(#16891),#16895);
#16891 = CIRCLE('',#16892,2.5);
#16892 = AXIS2_PLACEMENT_2D('',#16893,#16894);
#16893 = CARTESIAN_POINT('',(0.,0.));
#16894 = DIRECTION('',(1.,0.));
#16895 = ( GEOMETRIC_REPRESENTATION_CONTEXT(2) 
PARAMETRIC_REPRESENTATION_CONTEXT() REPRESENTATION_CONTEXT('2D SPACE',''
  ) );
#16896 = ADVANCED_FACE('',(#16897),#16911,.F.);
#16897 = FACE_BOUND('',#16898,.T.);
#16898 = EDGE_LOOP('',(#16899,#16929,#16951,#16952));
#16899 = ORIENTED_EDGE('',*,*,#16900,.T.);
#16900 = EDGE_CURVE('',#16901,#16903,#16905,.T.);
#16901 = VERTEX_POINT('',#16902);
#16902 = CARTESIAN_POINT('',(93.85,88.5,-6.));
#16903 = VERTEX_POINT('',#16904);
#16904 = CARTESIAN_POINT('',(93.85,88.5,0.));
#16905 = SEAM_CURVE('',#16906,(#16910,#16922),.PCURVE_S1.);
#16906 = LINE('',#16907,#16908);
#16907 = CARTESIAN_POINT('',(93.85,88.5,-6.));
#16908 = VECTOR('',#16909,1.);
#16909 = DIRECTION('',(0.,0.,1.));
#16910 = PCURVE('',#16911,#16916);
#16911 = CYLINDRICAL_SURFACE('',#16912,1.1);
#16912 = AXIS2_PLACEMENT_3D('',#16913,#16914,#16915);
#16913 = CARTESIAN_POINT('',(92.75,88.5,-6.));
#16914 = DIRECTION('',(-0.,-0.,-1.));
#16915 = DIRECTION('',(1.,0.,0.));
#16916 = DEFINITIONAL_REPRESENTATION('',(#16917),#16921);
#16917 = LINE('',#16918,#16919);
#16918 = CARTESIAN_POINT('',(-0.,0.));
#16919 = VECTOR('',#16920,1.);
#16920 = DIRECTION('',(-0.,-1.));
#16921 = ( GEOMETRIC_REPRESENTATION_CONTEXT(2) 
PARAMETRIC_REPRESENTATION_CONTEXT() REPRESENTATION_CONTEXT('2D SPACE',''
  ) );
#16922 = PCURVE('',#16911,#16923);
#16923 = DEFINITIONAL_REPRESENTATION('',(#16924),#16928);
#16924 = LINE('',#16925,#16926);
#16925 = CARTESIAN_POINT('',(-6.28318530718,0.));
#16926 = VECTOR('',#16927,1.);
#16927 = DIRECTION('',(-0.,-1.));
#16928 = ( GEOMETRIC_REPRESENTATION_CONTEXT(2) 
PARAMETRIC_REPRESENTATION_CONTEXT() REPRESENTATION_CONTEXT('2D SPACE',''
  ) );
#16929 = ORIENTED_EDGE('',*,*,#16930,.T.);
#16930 = EDGE_CURVE('',#16903,#16903,#16931,.T.);
#16931 = SURFACE_CURVE('',#16932,(#16937,#16944),.PCURVE_S1.);
#16932 = CIRCLE('',#16933,1.1);
#16933 = AXIS2_PLACEMENT_3D('',#16934,#16935,#16936);
#16934 = CARTESIAN_POINT('',(92.75,88.5,0.));
#16935 = DIRECTION('',(0.,0.,1.));
#16936 = DIRECTION('',(1.,0.,0.));
#16937 = PCURVE('',#16911,#16938);
#16938 = DEFINITIONAL_REPRESENTATION('',(#16939),#16943);
#16939 = LINE('',#16940,#16941);
#16940 = CARTESIAN_POINT('',(-0.,-6.));
#16941 = VECTOR('',#16942,1.);
#16942 = DIRECTION('',(-1.,0.));
#16943 = ( GEOMETRIC_REPRESENTATION_CONTEXT(2) 
PARAMETRIC_REPRESENTATION_CONTEXT() REPRESENTATION_CONTEXT('2D SPACE',''
  ) );
#16944 = PCURVE('',#16857,#16945);
#16945 = DEFINITIONAL_REPRESENTATION('',(#16946),#16950);
#16946 = CIRCLE('',#16947,1.1);
#16947 = AXIS2_PLACEMENT_2D('',#16948,#16949);
#16948 = CARTESIAN_POINT('',(1.42108547152E-14,0.));
#16949 = DIRECTION('',(1.,0.));
#16950 = ( GEOMETRIC_REPRESENTATION_CONTEXT(2) 
PARAMETRIC_REPRESENTATION_CONTEXT() REPRESENTATION_CONTEXT('2D SPACE',''
  ) );
#16951 = ORIENTED_EDGE('',*,*,#16900,.F.);
#16952 = ORIENTED_EDGE('',*,*,#16953,.F.);
#16953 = EDGE_CURVE('',#16901,#16901,#16954,.T.);
#16954 = SURFACE_CURVE('',#16955,(#16960,#16967),.PCURVE_S1.);
#16955 = CIRCLE('',#16956,1.1);
#16956 = AXIS2_PLACEMENT_3D('',#16957,#16958,#16959);
#16957 = CARTESIAN_POINT('',(92.75,88.5,-6.));
#16958 = DIRECTION('',(0.,0.,1.));
#16959 = DIRECTION('',(1.,0.,0.));
#16960 = PCURVE('',#16911,#16961);
#16961 = DEFINITIONAL_REPRESENTATION('',(#16962),#16966);
#16962 = LINE('',#16963,#16964);
#16963 = CARTESIAN_POINT('',(-0.,0.));
#16964 = VECTOR('',#16965,1.);
#16965 = DIRECTION('',(-1.,0.));
#16966 = ( GEOMETRIC_REPRESENTATION_CONTEXT(2) 
PARAMETRIC_REPRESENTATION_CONTEXT() REPRESENTATION_CONTEXT('2D SPACE',''
  ) );
#16967 = PCURVE('',#16885,#16968);
#16968 = DEFINITIONAL_REPRESENTATION('',(#16969),#16973);
#16969 = CIRCLE('',#16970,1.1);
#16970 = AXIS2_PLACEMENT_2D('',#16971,#16972);
#16971 = CARTESIAN_POINT('',(1.42108547152E-14,0.));
#16972 = DIRECTION('',(1.,0.));
#16973 = ( GEOMETRIC_REPRESENTATION_CONTEXT(2) 
PARAMETRIC_REPRESENTATION_CONTEXT() REPRESENTATION_CONTEXT('2D SPACE',''
  ) );
#16974 = ADVANCED_FACE('',(#16975,#16978),#16885,.F.);
#16975 = FACE_BOUND('',#16976,.F.);
#16976 = EDGE_LOOP('',(#16977));
#16977 = ORIENTED_EDGE('',*,*,#16870,.T.);
#16978 = FACE_BOUND('',#16979,.F.);
#16979 = EDGE_LOOP('',(#16980));
#16980 = ORIENTED_EDGE('',*,*,#16953,.F.);
#16981 = ADVANCED_FACE('',(#16982,#16985),#16857,.T.);
#16982 = FACE_BOUND('',#16983,.T.);
#16983 = EDGE_LOOP('',(#16984));
#16984 = ORIENTED_EDGE('',*,*,#16842,.T.);
#16985 = FACE_BOUND('',#16986,.T.);
#16986 = EDGE_LOOP('',(#16987));
#16987 = ORIENTED_EDGE('',*,*,#16930,.F.);
#16988 = ( GEOMETRIC_REPRESENTATION_CONTEXT(3) 
GLOBAL_UNCERTAINTY_ASSIGNED_CONTEXT((#16992)) 
GLOBAL_UNIT_ASSIGNED_CONTEXT((#16989,#16990,#16991)) 
REPRESENTATION_CONTEXT('Context #1',
  '3D Context with UNIT and UNCERTAINTY') );
#16989 = ( LENGTH_UNIT() NAMED_UNIT(*) SI_UNIT(.MILLI.,.METRE.) );
#16990 = ( NAMED_UNIT(*) PLANE_ANGLE_UNIT() SI_UNIT($,.RADIAN.) );
#16991 = ( NAMED_UNIT(*) SI_UNIT($,.STERADIAN.) SOLID_ANGLE_UNIT() );
#16992 = UNCERTAINTY_MEASURE_WITH_UNIT(LENGTH_MEASURE(1.E-07),#16989,
  'distance_accuracy_value','confusion accuracy');
#16993 = CONTEXT_DEPENDENT_SHAPE_REPRESENTATION(#16994,#16996);
#16994 = ( REPRESENTATION_RELATIONSHIP('','',#16805,#10) 
REPRESENTATION_RELATIONSHIP_WITH_TRANSFORMATION(#16995) 
SHAPE_REPRESENTATION_RELATIONSHIP() );
#16995 = ITEM_DEFINED_TRANSFORMATION('','',#11,#67);
#16996 = PRODUCT_DEFINITION_SHAPE('Placement','Placement of an item',
  #16997);
#16997 = NEXT_ASSEMBLY_USAGE_OCCURRENCE('22','Illustrative spacer 2','',
  #5,#16800,$);
#16998 = PRODUCT_RELATED_PRODUCT_CATEGORY('part',$,(#16802));
#16999 = SHAPE_DEFINITION_REPRESENTATION(#17000,#17006);
#17000 = PRODUCT_DEFINITION_SHAPE('','',#17001);
#17001 = PRODUCT_DEFINITION('design','',#17002,#17005);
#17002 = PRODUCT_DEFINITION_FORMATION('','',#17003);
#17003 = PRODUCT('Illustrative spacer 3','Illustrative spacer 3','',(
    #17004));
#17004 = PRODUCT_CONTEXT('',#2,'mechanical');
#17005 = PRODUCT_DEFINITION_CONTEXT('part definition',#2,'design');
#17006 = ADVANCED_BREP_SHAPE_REPRESENTATION('',(#11,#17007),#17189);
#17007 = MANIFOLD_SOLID_BREP('',#17008);
#17008 = CLOSED_SHELL('',(#17009,#17097,#17175,#17182));
#17009 = ADVANCED_FACE('',(#17010),#17024,.T.);
#17010 = FACE_BOUND('',#17011,.F.);
#17011 = EDGE_LOOP('',(#17012,#17042,#17069,#17070));
#17012 = ORIENTED_EDGE('',*,*,#17013,.T.);
#17013 = EDGE_CURVE('',#17014,#17016,#17018,.T.);
#17014 = VERTEX_POINT('',#17015);
#17015 = CARTESIAN_POINT('',(5.,2.5,-6.));
#17016 = VERTEX_POINT('',#17017);
#17017 = CARTESIAN_POINT('',(5.,2.5,0.));
#17018 = SEAM_CURVE('',#17019,(#17023,#17035),.PCURVE_S1.);
#17019 = LINE('',#17020,#17021);
#17020 = CARTESIAN_POINT('',(5.,2.5,-6.));
#17021 = VECTOR('',#17022,1.);
#17022 = DIRECTION('',(0.,0.,1.));
#17023 = PCURVE('',#17024,#17029);
#17024 = CYLINDRICAL_SURFACE('',#17025,2.5);
#17025 = AXIS2_PLACEMENT_3D('',#17026,#17027,#17028);
#17026 = CARTESIAN_POINT('',(2.5,2.5,-6.));
#17027 = DIRECTION('',(-0.,-0.,-1.));
#17028 = DIRECTION('',(1.,0.,0.));
#17029 = DEFINITIONAL_REPRESENTATION('',(#17030),#17034);
#17030 = LINE('',#17031,#17032);
#17031 = CARTESIAN_POINT('',(-0.,0.));
#17032 = VECTOR('',#17033,1.);
#17033 = DIRECTION('',(-0.,-1.));
#17034 = ( GEOMETRIC_REPRESENTATION_CONTEXT(2) 
PARAMETRIC_REPRESENTATION_CONTEXT() REPRESENTATION_CONTEXT('2D SPACE',''
  ) );
#17035 = PCURVE('',#17024,#17036);
#17036 = DEFINITIONAL_REPRESENTATION('',(#17037),#17041);
#17037 = LINE('',#17038,#17039);
#17038 = CARTESIAN_POINT('',(-6.28318530718,0.));
#17039 = VECTOR('',#17040,1.);
#17040 = DIRECTION('',(-0.,-1.));
#17041 = ( GEOMETRIC_REPRESENTATION_CONTEXT(2) 
PARAMETRIC_REPRESENTATION_CONTEXT() REPRESENTATION_CONTEXT('2D SPACE',''
  ) );
#17042 = ORIENTED_EDGE('',*,*,#17043,.T.);
#17043 = EDGE_CURVE('',#17016,#17016,#17044,.T.);
#17044 = SURFACE_CURVE('',#17045,(#17050,#17057),.PCURVE_S1.);
#17045 = CIRCLE('',#17046,2.5);
#17046 = AXIS2_PLACEMENT_3D('',#17047,#17048,#17049);
#17047 = CARTESIAN_POINT('',(2.5,2.5,0.));
#17048 = DIRECTION('',(0.,0.,1.));
#17049 = DIRECTION('',(1.,0.,0.));
#17050 = PCURVE('',#17024,#17051);
#17051 = DEFINITIONAL_REPRESENTATION('',(#17052),#17056);
#17052 = LINE('',#17053,#17054);
#17053 = CARTESIAN_POINT('',(-0.,-6.));
#17054 = VECTOR('',#17055,1.);
#17055 = DIRECTION('',(-1.,0.));
#17056 = ( GEOMETRIC_REPRESENTATION_CONTEXT(2) 
PARAMETRIC_REPRESENTATION_CONTEXT() REPRESENTATION_CONTEXT('2D SPACE',''
  ) );
#17057 = PCURVE('',#17058,#17063);
#17058 = PLANE('',#17059);
#17059 = AXIS2_PLACEMENT_3D('',#17060,#17061,#17062);
#17060 = CARTESIAN_POINT('',(2.5,2.5,0.));
#17061 = DIRECTION('',(0.,0.,1.));
#17062 = DIRECTION('',(1.,0.,-0.));
#17063 = DEFINITIONAL_REPRESENTATION('',(#17064),#17068);
#17064 = CIRCLE('',#17065,2.5);
#17065 = AXIS2_PLACEMENT_2D('',#17066,#17067);
#17066 = CARTESIAN_POINT('',(0.,0.));
#17067 = DIRECTION('',(1.,0.));
#17068 = ( GEOMETRIC_REPRESENTATION_CONTEXT(2) 
PARAMETRIC_REPRESENTATION_CONTEXT() REPRESENTATION_CONTEXT('2D SPACE',''
  ) );
#17069 = ORIENTED_EDGE('',*,*,#17013,.F.);
#17070 = ORIENTED_EDGE('',*,*,#17071,.F.);
#17071 = EDGE_CURVE('',#17014,#17014,#17072,.T.);
#17072 = SURFACE_CURVE('',#17073,(#17078,#17085),.PCURVE_S1.);
#17073 = CIRCLE('',#17074,2.5);
#17074 = AXIS2_PLACEMENT_3D('',#17075,#17076,#17077);
#17075 = CARTESIAN_POINT('',(2.5,2.5,-6.));
#17076 = DIRECTION('',(0.,0.,1.));
#17077 = DIRECTION('',(1.,0.,0.));
#17078 = PCURVE('',#17024,#17079);
#17079 = DEFINITIONAL_REPRESENTATION('',(#17080),#17084);
#17080 = LINE('',#17081,#17082);
#17081 = CARTESIAN_POINT('',(-0.,0.));
#17082 = VECTOR('',#17083,1.);
#17083 = DIRECTION('',(-1.,0.));
#17084 = ( GEOMETRIC_REPRESENTATION_CONTEXT(2) 
PARAMETRIC_REPRESENTATION_CONTEXT() REPRESENTATION_CONTEXT('2D SPACE',''
  ) );
#17085 = PCURVE('',#17086,#17091);
#17086 = PLANE('',#17087);
#17087 = AXIS2_PLACEMENT_3D('',#17088,#17089,#17090);
#17088 = CARTESIAN_POINT('',(2.5,2.5,-6.));
#17089 = DIRECTION('',(0.,0.,1.));
#17090 = DIRECTION('',(1.,0.,-0.));
#17091 = DEFINITIONAL_REPRESENTATION('',(#17092),#17096);
#17092 = CIRCLE('',#17093,2.5);
#17093 = AXIS2_PLACEMENT_2D('',#17094,#17095);
#17094 = CARTESIAN_POINT('',(0.,0.));
#17095 = DIRECTION('',(1.,0.));
#17096 = ( GEOMETRIC_REPRESENTATION_CONTEXT(2) 
PARAMETRIC_REPRESENTATION_CONTEXT() REPRESENTATION_CONTEXT('2D SPACE',''
  ) );
#17097 = ADVANCED_FACE('',(#17098),#17112,.F.);
#17098 = FACE_BOUND('',#17099,.T.);
#17099 = EDGE_LOOP('',(#17100,#17130,#17152,#17153));
#17100 = ORIENTED_EDGE('',*,*,#17101,.T.);
#17101 = EDGE_CURVE('',#17102,#17104,#17106,.T.);
#17102 = VERTEX_POINT('',#17103);
#17103 = CARTESIAN_POINT('',(3.6,2.5,-6.));
#17104 = VERTEX_POINT('',#17105);
#17105 = CARTESIAN_POINT('',(3.6,2.5,0.));
#17106 = SEAM_CURVE('',#17107,(#17111,#17123),.PCURVE_S1.);
#17107 = LINE('',#17108,#17109);
#17108 = CARTESIAN_POINT('',(3.6,2.5,-6.));
#17109 = VECTOR('',#17110,1.);
#17110 = DIRECTION('',(0.,0.,1.));
#17111 = PCURVE('',#17112,#17117);
#17112 = CYLINDRICAL_SURFACE('',#17113,1.1);
#17113 = AXIS2_PLACEMENT_3D('',#17114,#17115,#17116);
#17114 = CARTESIAN_POINT('',(2.5,2.5,-6.));
#17115 = DIRECTION('',(-0.,-0.,-1.));
#17116 = DIRECTION('',(1.,0.,0.));
#17117 = DEFINITIONAL_REPRESENTATION('',(#17118),#17122);
#17118 = LINE('',#17119,#17120);
#17119 = CARTESIAN_POINT('',(-0.,0.));
#17120 = VECTOR('',#17121,1.);
#17121 = DIRECTION('',(-0.,-1.));
#17122 = ( GEOMETRIC_REPRESENTATION_CONTEXT(2) 
PARAMETRIC_REPRESENTATION_CONTEXT() REPRESENTATION_CONTEXT('2D SPACE',''
  ) );
#17123 = PCURVE('',#17112,#17124);
#17124 = DEFINITIONAL_REPRESENTATION('',(#17125),#17129);
#17125 = LINE('',#17126,#17127);
#17126 = CARTESIAN_POINT('',(-6.28318530718,0.));
#17127 = VECTOR('',#17128,1.);
#17128 = DIRECTION('',(-0.,-1.));
#17129 = ( GEOMETRIC_REPRESENTATION_CONTEXT(2) 
PARAMETRIC_REPRESENTATION_CONTEXT() REPRESENTATION_CONTEXT('2D SPACE',''
  ) );
#17130 = ORIENTED_EDGE('',*,*,#17131,.T.);
#17131 = EDGE_CURVE('',#17104,#17104,#17132,.T.);
#17132 = SURFACE_CURVE('',#17133,(#17138,#17145),.PCURVE_S1.);
#17133 = CIRCLE('',#17134,1.1);
#17134 = AXIS2_PLACEMENT_3D('',#17135,#17136,#17137);
#17135 = CARTESIAN_POINT('',(2.5,2.5,0.));
#17136 = DIRECTION('',(0.,0.,1.));
#17137 = DIRECTION('',(1.,0.,0.));
#17138 = PCURVE('',#17112,#17139);
#17139 = DEFINITIONAL_REPRESENTATION('',(#17140),#17144);
#17140 = LINE('',#17141,#17142);
#17141 = CARTESIAN_POINT('',(-0.,-6.));
#17142 = VECTOR('',#17143,1.);
#17143 = DIRECTION('',(-1.,0.));
#17144 = ( GEOMETRIC_REPRESENTATION_CONTEXT(2) 
PARAMETRIC_REPRESENTATION_CONTEXT() REPRESENTATION_CONTEXT('2D SPACE',''
  ) );
#17145 = PCURVE('',#17058,#17146);
#17146 = DEFINITIONAL_REPRESENTATION('',(#17147),#17151);
#17147 = CIRCLE('',#17148,1.1);
#17148 = AXIS2_PLACEMENT_2D('',#17149,#17150);
#17149 = CARTESIAN_POINT('',(1.199040866595E-14,0.));
#17150 = DIRECTION('',(1.,0.));
#17151 = ( GEOMETRIC_REPRESENTATION_CONTEXT(2) 
PARAMETRIC_REPRESENTATION_CONTEXT() REPRESENTATION_CONTEXT('2D SPACE',''
  ) );
#17152 = ORIENTED_EDGE('',*,*,#17101,.F.);
#17153 = ORIENTED_EDGE('',*,*,#17154,.F.);
#17154 = EDGE_CURVE('',#17102,#17102,#17155,.T.);
#17155 = SURFACE_CURVE('',#17156,(#17161,#17168),.PCURVE_S1.);
#17156 = CIRCLE('',#17157,1.1);
#17157 = AXIS2_PLACEMENT_3D('',#17158,#17159,#17160);
#17158 = CARTESIAN_POINT('',(2.5,2.5,-6.));
#17159 = DIRECTION('',(0.,0.,1.));
#17160 = DIRECTION('',(1.,0.,0.));
#17161 = PCURVE('',#17112,#17162);
#17162 = DEFINITIONAL_REPRESENTATION('',(#17163),#17167);
#17163 = LINE('',#17164,#17165);
#17164 = CARTESIAN_POINT('',(-0.,0.));
#17165 = VECTOR('',#17166,1.);
#17166 = DIRECTION('',(-1.,0.));
#17167 = ( GEOMETRIC_REPRESENTATION_CONTEXT(2) 
PARAMETRIC_REPRESENTATION_CONTEXT() REPRESENTATION_CONTEXT('2D SPACE',''
  ) );
#17168 = PCURVE('',#17086,#17169);
#17169 = DEFINITIONAL_REPRESENTATION('',(#17170),#17174);
#17170 = CIRCLE('',#17171,1.1);
#17171 = AXIS2_PLACEMENT_2D('',#17172,#17173);
#17172 = CARTESIAN_POINT('',(1.199040866595E-14,0.));
#17173 = DIRECTION('',(1.,0.));
#17174 = ( GEOMETRIC_REPRESENTATION_CONTEXT(2) 
PARAMETRIC_REPRESENTATION_CONTEXT() REPRESENTATION_CONTEXT('2D SPACE',''
  ) );
#17175 = ADVANCED_FACE('',(#17176,#17179),#17086,.F.);
#17176 = FACE_BOUND('',#17177,.F.);
#17177 = EDGE_LOOP('',(#17178));
#17178 = ORIENTED_EDGE('',*,*,#17071,.T.);
#17179 = FACE_BOUND('',#17180,.F.);
#17180 = EDGE_LOOP('',(#17181));
#17181 = ORIENTED_EDGE('',*,*,#17154,.F.);
#17182 = ADVANCED_FACE('',(#17183,#17186),#17058,.T.);
#17183 = FACE_BOUND('',#17184,.T.);
#17184 = EDGE_LOOP('',(#17185));
#17185 = ORIENTED_EDGE('',*,*,#17043,.T.);
#17186 = FACE_BOUND('',#17187,.T.);
#17187 = EDGE_LOOP('',(#17188));
#17188 = ORIENTED_EDGE('',*,*,#17131,.F.);
#17189 = ( GEOMETRIC_REPRESENTATION_CONTEXT(3) 
GLOBAL_UNCERTAINTY_ASSIGNED_CONTEXT((#17193)) 
GLOBAL_UNIT_ASSIGNED_CONTEXT((#17190,#17191,#17192)) 
REPRESENTATION_CONTEXT('Context #1',
  '3D Context with UNIT and UNCERTAINTY') );
#17190 = ( LENGTH_UNIT() NAMED_UNIT(*) SI_UNIT(.MILLI.,.METRE.) );
#17191 = ( NAMED_UNIT(*) PLANE_ANGLE_UNIT() SI_UNIT($,.RADIAN.) );
#17192 = ( NAMED_UNIT(*) SI_UNIT($,.STERADIAN.) SOLID_ANGLE_UNIT() );
#17193 = UNCERTAINTY_MEASURE_WITH_UNIT(LENGTH_MEASURE(1.E-07),#17190,
  'distance_accuracy_value','confusion accuracy');
#17194 = CONTEXT_DEPENDENT_SHAPE_REPRESENTATION(#17195,#17197);
#17195 = ( REPRESENTATION_RELATIONSHIP('','',#17006,#10) 
REPRESENTATION_RELATIONSHIP_WITH_TRANSFORMATION(#17196) 
SHAPE_REPRESENTATION_RELATIONSHIP() );
#17196 = ITEM_DEFINED_TRANSFORMATION('','',#11,#71);
#17197 = PRODUCT_DEFINITION_SHAPE('Placement','Placement of an item',
  #17198);
#17198 = NEXT_ASSEMBLY_USAGE_OCCURRENCE('23','Illustrative spacer 3','',
  #5,#17001,$);
#17199 = PRODUCT_RELATED_PRODUCT_CATEGORY('part',$,(#17003));
#17200 = SHAPE_DEFINITION_REPRESENTATION(#17201,#17207);
#17201 = PRODUCT_DEFINITION_SHAPE('','',#17202);
#17202 = PRODUCT_DEFINITION('design','',#17203,#17206);
#17203 = PRODUCT_DEFINITION_FORMATION('','',#17204);
#17204 = PRODUCT('Illustrative spacer 4','Illustrative spacer 4','',(
    #17205));
#17205 = PRODUCT_CONTEXT('',#2,'mechanical');
#17206 = PRODUCT_DEFINITION_CONTEXT('part definition',#2,'design');
#17207 = ADVANCED_BREP_SHAPE_REPRESENTATION('',(#11,#17208),#17390);
#17208 = MANIFOLD_SOLID_BREP('',#17209);
#17209 = CLOSED_SHELL('',(#17210,#17298,#17376,#17383));
#17210 = ADVANCED_FACE('',(#17211),#17225,.T.);
#17211 = FACE_BOUND('',#17212,.F.);
#17212 = EDGE_LOOP('',(#17213,#17243,#17270,#17271));
#17213 = ORIENTED_EDGE('',*,*,#17214,.T.);
#17214 = EDGE_CURVE('',#17215,#17217,#17219,.T.);
#17215 = VERTEX_POINT('',#17216);
#17216 = CARTESIAN_POINT('',(95.25,2.75,-6.));
#17217 = VERTEX_POINT('',#17218);
#17218 = CARTESIAN_POINT('',(95.25,2.75,0.));
#17219 = SEAM_CURVE('',#17220,(#17224,#17236),.PCURVE_S1.);
#17220 = LINE('',#17221,#17222);
#17221 = CARTESIAN_POINT('',(95.25,2.75,-6.));
#17222 = VECTOR('',#17223,1.);
#17223 = DIRECTION('',(0.,0.,1.));
#17224 = PCURVE('',#17225,#17230);
#17225 = CYLINDRICAL_SURFACE('',#17226,2.5);
#17226 = AXIS2_PLACEMENT_3D('',#17227,#17228,#17229);
#17227 = CARTESIAN_POINT('',(92.75,2.75,-6.));
#17228 = DIRECTION('',(-0.,-0.,-1.));
#17229 = DIRECTION('',(1.,0.,0.));
#17230 = DEFINITIONAL_REPRESENTATION('',(#17231),#17235);
#17231 = LINE('',#17232,#17233);
#17232 = CARTESIAN_POINT('',(-0.,0.));
#17233 = VECTOR('',#17234,1.);
#17234 = DIRECTION('',(-0.,-1.));
#17235 = ( GEOMETRIC_REPRESENTATION_CONTEXT(2) 
PARAMETRIC_REPRESENTATION_CONTEXT() REPRESENTATION_CONTEXT('2D SPACE',''
  ) );
#17236 = PCURVE('',#17225,#17237);
#17237 = DEFINITIONAL_REPRESENTATION('',(#17238),#17242);
#17238 = LINE('',#17239,#17240);
#17239 = CARTESIAN_POINT('',(-6.28318530718,0.));
#17240 = VECTOR('',#17241,1.);
#17241 = DIRECTION('',(-0.,-1.));
#17242 = ( GEOMETRIC_REPRESENTATION_CONTEXT(2) 
PARAMETRIC_REPRESENTATION_CONTEXT() REPRESENTATION_CONTEXT('2D SPACE',''
  ) );
#17243 = ORIENTED_EDGE('',*,*,#17244,.T.);
#17244 = EDGE_CURVE('',#17217,#17217,#17245,.T.);
#17245 = SURFACE_CURVE('',#17246,(#17251,#17258),.PCURVE_S1.);
#17246 = CIRCLE('',#17247,2.5);
#17247 = AXIS2_PLACEMENT_3D('',#17248,#17249,#17250);
#17248 = CARTESIAN_POINT('',(92.75,2.75,0.));
#17249 = DIRECTION('',(0.,0.,1.));
#17250 = DIRECTION('',(1.,0.,0.));
#17251 = PCURVE('',#17225,#17252);
#17252 = DEFINITIONAL_REPRESENTATION('',(#17253),#17257);
#17253 = LINE('',#17254,#17255);
#17254 = CARTESIAN_POINT('',(-0.,-6.));
#17255 = VECTOR('',#17256,1.);
#17256 = DIRECTION('',(-1.,0.));
#17257 = ( GEOMETRIC_REPRESENTATION_CONTEXT(2) 
PARAMETRIC_REPRESENTATION_CONTEXT() REPRESENTATION_CONTEXT('2D SPACE',''
  ) );
#17258 = PCURVE('',#17259,#17264);
#17259 = PLANE('',#17260);
#17260 = AXIS2_PLACEMENT_3D('',#17261,#17262,#17263);
#17261 = CARTESIAN_POINT('',(92.75,2.75,0.));
#17262 = DIRECTION('',(0.,0.,1.));
#17263 = DIRECTION('',(1.,0.,-0.));
#17264 = DEFINITIONAL_REPRESENTATION('',(#17265),#17269);
#17265 = CIRCLE('',#17266,2.5);
#17266 = AXIS2_PLACEMENT_2D('',#17267,#17268);
#17267 = CARTESIAN_POINT('',(0.,0.));
#17268 = DIRECTION('',(1.,0.));
#17269 = ( GEOMETRIC_REPRESENTATION_CONTEXT(2) 
PARAMETRIC_REPRESENTATION_CONTEXT() REPRESENTATION_CONTEXT('2D SPACE',''
  ) );
#17270 = ORIENTED_EDGE('',*,*,#17214,.F.);
#17271 = ORIENTED_EDGE('',*,*,#17272,.F.);
#17272 = EDGE_CURVE('',#17215,#17215,#17273,.T.);
#17273 = SURFACE_CURVE('',#17274,(#17279,#17286),.PCURVE_S1.);
#17274 = CIRCLE('',#17275,2.5);
#17275 = AXIS2_PLACEMENT_3D('',#17276,#17277,#17278);
#17276 = CARTESIAN_POINT('',(92.75,2.75,-6.));
#17277 = DIRECTION('',(0.,0.,1.));
#17278 = DIRECTION('',(1.,0.,0.));
#17279 = PCURVE('',#17225,#17280);
#17280 = DEFINITIONAL_REPRESENTATION('',(#17281),#17285);
#17281 = LINE('',#17282,#17283);
#17282 = CARTESIAN_POINT('',(-0.,0.));
#17283 = VECTOR('',#17284,1.);
#17284 = DIRECTION('',(-1.,0.));
#17285 = ( GEOMETRIC_REPRESENTATION_CONTEXT(2) 
PARAMETRIC_REPRESENTATION_CONTEXT() REPRESENTATION_CONTEXT('2D SPACE',''
  ) );
#17286 = PCURVE('',#17287,#17292);
#17287 = PLANE('',#17288);
#17288 = AXIS2_PLACEMENT_3D('',#17289,#17290,#17291);
#17289 = CARTESIAN_POINT('',(92.75,2.75,-6.));
#17290 = DIRECTION('',(0.,0.,1.));
#17291 = DIRECTION('',(1.,0.,-0.));
#17292 = DEFINITIONAL_REPRESENTATION('',(#17293),#17297);
#17293 = CIRCLE('',#17294,2.5);
#17294 = AXIS2_PLACEMENT_2D('',#17295,#17296);
#17295 = CARTESIAN_POINT('',(0.,0.));
#17296 = DIRECTION('',(1.,0.));
#17297 = ( GEOMETRIC_REPRESENTATION_CONTEXT(2) 
PARAMETRIC_REPRESENTATION_CONTEXT() REPRESENTATION_CONTEXT('2D SPACE',''
  ) );
#17298 = ADVANCED_FACE('',(#17299),#17313,.F.);
#17299 = FACE_BOUND('',#17300,.T.);
#17300 = EDGE_LOOP('',(#17301,#17331,#17353,#17354));
#17301 = ORIENTED_EDGE('',*,*,#17302,.T.);
#17302 = EDGE_CURVE('',#17303,#17305,#17307,.T.);
#17303 = VERTEX_POINT('',#17304);
#17304 = CARTESIAN_POINT('',(93.85,2.75,-6.));
#17305 = VERTEX_POINT('',#17306);
#17306 = CARTESIAN_POINT('',(93.85,2.75,0.));
#17307 = SEAM_CURVE('',#17308,(#17312,#17324),.PCURVE_S1.);
#17308 = LINE('',#17309,#17310);
#17309 = CARTESIAN_POINT('',(93.85,2.75,-6.));
#17310 = VECTOR('',#17311,1.);
#17311 = DIRECTION('',(0.,0.,1.));
#17312 = PCURVE('',#17313,#17318);
#17313 = CYLINDRICAL_SURFACE('',#17314,1.1);
#17314 = AXIS2_PLACEMENT_3D('',#17315,#17316,#17317);
#17315 = CARTESIAN_POINT('',(92.75,2.75,-6.));
#17316 = DIRECTION('',(-0.,-0.,-1.));
#17317 = DIRECTION('',(1.,0.,0.));
#17318 = DEFINITIONAL_REPRESENTATION('',(#17319),#17323);
#17319 = LINE('',#17320,#17321);
#17320 = CARTESIAN_POINT('',(-0.,0.));
#17321 = VECTOR('',#17322,1.);
#17322 = DIRECTION('',(-0.,-1.));
#17323 = ( GEOMETRIC_REPRESENTATION_CONTEXT(2) 
PARAMETRIC_REPRESENTATION_CONTEXT() REPRESENTATION_CONTEXT('2D SPACE',''
  ) );
#17324 = PCURVE('',#17313,#17325);
#17325 = DEFINITIONAL_REPRESENTATION('',(#17326),#17330);
#17326 = LINE('',#17327,#17328);
#17327 = CARTESIAN_POINT('',(-6.28318530718,0.));
#17328 = VECTOR('',#17329,1.);
#17329 = DIRECTION('',(-0.,-1.));
#17330 = ( GEOMETRIC_REPRESENTATION_CONTEXT(2) 
PARAMETRIC_REPRESENTATION_CONTEXT() REPRESENTATION_CONTEXT('2D SPACE',''
  ) );
#17331 = ORIENTED_EDGE('',*,*,#17332,.T.);
#17332 = EDGE_CURVE('',#17305,#17305,#17333,.T.);
#17333 = SURFACE_CURVE('',#17334,(#17339,#17346),.PCURVE_S1.);
#17334 = CIRCLE('',#17335,1.1);
#17335 = AXIS2_PLACEMENT_3D('',#17336,#17337,#17338);
#17336 = CARTESIAN_POINT('',(92.75,2.75,0.));
#17337 = DIRECTION('',(0.,0.,1.));
#17338 = DIRECTION('',(1.,0.,0.));
#17339 = PCURVE('',#17313,#17340);
#17340 = DEFINITIONAL_REPRESENTATION('',(#17341),#17345);
#17341 = LINE('',#17342,#17343);
#17342 = CARTESIAN_POINT('',(-0.,-6.));
#17343 = VECTOR('',#17344,1.);
#17344 = DIRECTION('',(-1.,0.));
#17345 = ( GEOMETRIC_REPRESENTATION_CONTEXT(2) 
PARAMETRIC_REPRESENTATION_CONTEXT() REPRESENTATION_CONTEXT('2D SPACE',''
  ) );
#17346 = PCURVE('',#17259,#17347);
#17347 = DEFINITIONAL_REPRESENTATION('',(#17348),#17352);
#17348 = CIRCLE('',#17349,1.1);
#17349 = AXIS2_PLACEMENT_2D('',#17350,#17351);
#17350 = CARTESIAN_POINT('',(1.42108547152E-14,0.));
#17351 = DIRECTION('',(1.,0.));
#17352 = ( GEOMETRIC_REPRESENTATION_CONTEXT(2) 
PARAMETRIC_REPRESENTATION_CONTEXT() REPRESENTATION_CONTEXT('2D SPACE',''
  ) );
#17353 = ORIENTED_EDGE('',*,*,#17302,.F.);
#17354 = ORIENTED_EDGE('',*,*,#17355,.F.);
#17355 = EDGE_CURVE('',#17303,#17303,#17356,.T.);
#17356 = SURFACE_CURVE('',#17357,(#17362,#17369),.PCURVE_S1.);
#17357 = CIRCLE('',#17358,1.1);
#17358 = AXIS2_PLACEMENT_3D('',#17359,#17360,#17361);
#17359 = CARTESIAN_POINT('',(92.75,2.75,-6.));
#17360 = DIRECTION('',(0.,0.,1.));
#17361 = DIRECTION('',(1.,0.,0.));
#17362 = PCURVE('',#17313,#17363);
#17363 = DEFINITIONAL_REPRESENTATION('',(#17364),#17368);
#17364 = LINE('',#17365,#17366);
#17365 = CARTESIAN_POINT('',(-0.,0.));
#17366 = VECTOR('',#17367,1.);
#17367 = DIRECTION('',(-1.,0.));
#17368 = ( GEOMETRIC_REPRESENTATION_CONTEXT(2) 
PARAMETRIC_REPRESENTATION_CONTEXT() REPRESENTATION_CONTEXT('2D SPACE',''
  ) );
#17369 = PCURVE('',#17287,#17370);
#17370 = DEFINITIONAL_REPRESENTATION('',(#17371),#17375);
#17371 = CIRCLE('',#17372,1.1);
#17372 = AXIS2_PLACEMENT_2D('',#17373,#17374);
#17373 = CARTESIAN_POINT('',(1.42108547152E-14,0.));
#17374 = DIRECTION('',(1.,0.));
#17375 = ( GEOMETRIC_REPRESENTATION_CONTEXT(2) 
PARAMETRIC_REPRESENTATION_CONTEXT() REPRESENTATION_CONTEXT('2D SPACE',''
  ) );
#17376 = ADVANCED_FACE('',(#17377,#17380),#17287,.F.);
#17377 = FACE_BOUND('',#17378,.F.);
#17378 = EDGE_LOOP('',(#17379));
#17379 = ORIENTED_EDGE('',*,*,#17272,.T.);
#17380 = FACE_BOUND('',#17381,.F.);
#17381 = EDGE_LOOP('',(#17382));
#17382 = ORIENTED_EDGE('',*,*,#17355,.F.);
#17383 = ADVANCED_FACE('',(#17384,#17387),#17259,.T.);
#17384 = FACE_BOUND('',#17385,.T.);
#17385 = EDGE_LOOP('',(#17386));
#17386 = ORIENTED_EDGE('',*,*,#17244,.T.);
#17387 = FACE_BOUND('',#17388,.T.);
#17388 = EDGE_LOOP('',(#17389));
#17389 = ORIENTED_EDGE('',*,*,#17332,.F.);
#17390 = ( GEOMETRIC_REPRESENTATION_CONTEXT(3) 
GLOBAL_UNCERTAINTY_ASSIGNED_CONTEXT((#17394)) 
GLOBAL_UNIT_ASSIGNED_CONTEXT((#17391,#17392,#17393)) 
REPRESENTATION_CONTEXT('Context #1',
  '3D Context with UNIT and UNCERTAINTY') );
#17391 = ( LENGTH_UNIT() NAMED_UNIT(*) SI_UNIT(.MILLI.,.METRE.) );
#17392 = ( NAMED_UNIT(*) PLANE_ANGLE_UNIT() SI_UNIT($,.RADIAN.) );
#17393 = ( NAMED_UNIT(*) SI_UNIT($,.STERADIAN.) SOLID_ANGLE_UNIT() );
#17394 = UNCERTAINTY_MEASURE_WITH_UNIT(LENGTH_MEASURE(1.E-07),#17391,
  'distance_accuracy_value','confusion accuracy');
#17395 = CONTEXT_DEPENDENT_SHAPE_REPRESENTATION(#17396,#17398);
#17396 = ( REPRESENTATION_RELATIONSHIP('','',#17207,#10) 
REPRESENTATION_RELATIONSHIP_WITH_TRANSFORMATION(#17397) 
SHAPE_REPRESENTATION_RELATIONSHIP() );
#17397 = ITEM_DEFINED_TRANSFORMATION('','',#11,#75);
#17398 = PRODUCT_DEFINITION_SHAPE('Placement','Placement of an item',
  #17399);
#17399 = NEXT_ASSEMBLY_USAGE_OCCURRENCE('24','Illustrative spacer 4','',
  #5,#17202,$);
#17400 = PRODUCT_RELATED_PRODUCT_CATEGORY('part',$,(#17204));
#17401 = MECHANICAL_DESIGN_GEOMETRIC_PRESENTATION_REPRESENTATION('',(
    #17402),#10174);
#17402 = STYLED_ITEM('color',(#17403),#9844);
#17403 = PRESENTATION_STYLE_ASSIGNMENT((#17404));
#17404 = SURFACE_STYLE_USAGE(.BOTH.,#17405);
#17405 = SURFACE_SIDE_STYLE('',(#17406));
#17406 = SURFACE_STYLE_FILL_AREA(#17407);
#17407 = FILL_AREA_STYLE('',(#17408));
#17408 = FILL_AREA_STYLE_COLOUR('',#17409);
#17409 = COLOUR_RGB('',0.350000000377,0.350000000377,0.369999997777);
#17410 = MECHANICAL_DESIGN_GEOMETRIC_PRESENTATION_REPRESENTATION('',(
    #17411),#10523);
#17411 = STYLED_ITEM('color',(#17412),#10193);
#17412 = PRESENTATION_STYLE_ASSIGNMENT((#17413));
#17413 = SURFACE_STYLE_USAGE(.BOTH.,#17414);
#17414 = SURFACE_SIDE_STYLE('',(#17415));
#17415 = SURFACE_STYLE_FILL_AREA(#17416);
#17416 = FILL_AREA_STYLE('',(#17417));
#17417 = FILL_AREA_STYLE_COLOUR('',#17409);
#17418 = MECHANICAL_DESIGN_GEOMETRIC_PRESENTATION_REPRESENTATION('',(
    #17419),#10872);
#17419 = STYLED_ITEM('color',(#17420),#10542);
#17420 = PRESENTATION_STYLE_ASSIGNMENT((#17421));
#17421 = SURFACE_STYLE_USAGE(.BOTH.,#17422);
#17422 = SURFACE_SIDE_STYLE('',(#17423));
#17423 = SURFACE_STYLE_FILL_AREA(#17424);
#17424 = FILL_AREA_STYLE('',(#17425));
#17425 = FILL_AREA_STYLE_COLOUR('',#17409);
#17426 = MECHANICAL_DESIGN_GEOMETRIC_PRESENTATION_REPRESENTATION('',(
    #17427),#9476);
#17427 = STYLED_ITEM('color',(#17428),#9146);
#17428 = PRESENTATION_STYLE_ASSIGNMENT((#17429));
#17429 = SURFACE_STYLE_USAGE(.BOTH.,#17430);
#17430 = SURFACE_SIDE_STYLE('',(#17431));
#17431 = SURFACE_STYLE_FILL_AREA(#17432);
#17432 = FILL_AREA_STYLE('',(#17433));
#17433 = FILL_AREA_STYLE_COLOUR('',#17409);
#17434 = MECHANICAL_DESIGN_GEOMETRIC_PRESENTATION_REPRESENTATION('',(
    #17435),#9825);
#17435 = STYLED_ITEM('color',(#17436),#9495);
#17436 = PRESENTATION_STYLE_ASSIGNMENT((#17437));
#17437 = SURFACE_STYLE_USAGE(.BOTH.,#17438);
#17438 = SURFACE_SIDE_STYLE('',(#17439));
#17439 = SURFACE_STYLE_FILL_AREA(#17440);
#17440 = FILL_AREA_STYLE('',(#17441));
#17441 = FILL_AREA_STYLE_COLOUR('',#17409);
#17442 = MECHANICAL_DESIGN_GEOMETRIC_PRESENTATION_REPRESENTATION('',(
    #17443),#11919);
#17443 = STYLED_ITEM('color',(#17444),#11589);
#17444 = PRESENTATION_STYLE_ASSIGNMENT((#17445));
#17445 = SURFACE_STYLE_USAGE(.BOTH.,#17446);
#17446 = SURFACE_SIDE_STYLE('',(#17447));
#17447 = SURFACE_STYLE_FILL_AREA(#17448);
#17448 = FILL_AREA_STYLE('',(#17449));
#17449 = FILL_AREA_STYLE_COLOUR('',#17409);
#17450 = MECHANICAL_DESIGN_GEOMETRIC_PRESENTATION_REPRESENTATION('',(
    #17451),#11570);
#17451 = STYLED_ITEM('color',(#17452),#11240);
#17452 = PRESENTATION_STYLE_ASSIGNMENT((#17453));
#17453 = SURFACE_STYLE_USAGE(.BOTH.,#17454);
#17454 = SURFACE_SIDE_STYLE('',(#17455));
#17455 = SURFACE_STYLE_FILL_AREA(#17456);
#17456 = FILL_AREA_STYLE('',(#17457));
#17457 = FILL_AREA_STYLE_COLOUR('',#17409);
#17458 = MECHANICAL_DESIGN_GEOMETRIC_PRESENTATION_REPRESENTATION('',(
    #17459),#9127);
#17459 = STYLED_ITEM('color',(#17460),#93);
#17460 = PRESENTATION_STYLE_ASSIGNMENT((#17461));
#17461 = SURFACE_STYLE_USAGE(.BOTH.,#17462);
#17462 = SURFACE_SIDE_STYLE('',(#17463));
#17463 = SURFACE_STYLE_FILL_AREA(#17464);
#17464 = FILL_AREA_STYLE('',(#17465));
#17465 = FILL_AREA_STYLE_COLOUR('',#17466);
#17466 = COLOUR_RGB('',0.120000001395,0.309999994343,0.24000000363);
#17467 = MECHANICAL_DESIGN_GEOMETRIC_PRESENTATION_REPRESENTATION('',(
    #17468),#11221);
#17468 = STYLED_ITEM('color',(#17469),#10891);
#17469 = PRESENTATION_STYLE_ASSIGNMENT((#17470));
#17470 = SURFACE_STYLE_USAGE(.BOTH.,#17471);
#17471 = SURFACE_SIDE_STYLE('',(#17472));
#17472 = SURFACE_STYLE_FILL_AREA(#17473);
#17473 = FILL_AREA_STYLE('',(#17474));
#17474 = FILL_AREA_STYLE_COLOUR('',#17409);
ENDSEC;
END-ISO-10303-21;
